compiler/aliasAssignments	MISS	aliasAssignments_1.ts:3:1	2322	DECLINED	Type 'number' is not assignable to type 'typeof import("aliasAssignments_moduleA")'.		x = 1; // Should be error
compiler/aliasDoesNotDuplicateSignatures	MISS	user.ts:4:5	2322	NOTREPORTABLE	Type '() => void' is not assignable to type 'string'.		let x2: string = f;
compiler/argumentsReferenceInFunction1_Js	MISS	index.js:13:29	2345	NEVER	Argument of type 'IArguments' is not assignable to parameter of type '[f?: any]'.		return format.apply(null, arguments);
compiler/arrowExpressionBodyJSDoc	MISS	mytest.js:13:44	2322	NEVER	Type 'string' is not assignable to type 'T'. | 'T' could be instantiated with an arbitrary type which could be unrelated to 'string'.		const foo2 = value => /** @type {string} */(/** @type {T} */({ ...value }));
compiler/arrowExpressionBodyJSDoc	MISS	mytest.js:6:44	2322	NEVER	Type 'string' is not assignable to type 'T'. | 'T' could be instantiated with an arbitrary type which could be unrelated to 'string'.		const foo1 = value => /** @type {string} */({ ...value });
compiler/assignmentCompat1	MISS	assignmentCompat1.ts:10:1	2322	DECLINED	Type 'boolean' is not assignable to type '{ [index: number]: any; }'.		z = false; // Error
compiler/assignmentCompat1	MISS	assignmentCompat1.ts:8:1	2322	DECLINED	Type 'string' is not assignable to type '{ [index: string]: any; }'.		y = "foo"; // Error
compiler/assignmentToObjectAndFunction	EXTRA	assignmentToObjectAndFunction.ts:8:5	2322	-		Type '{}' is not assignable to type 'Function'.	var errFun: Function = {}; // Error for no call signature
compiler/assignmentToObjectAndFunction	MISS	assignmentToObjectAndFunction.ts:29:5	2322	DECLINED	Type 'typeof bad' is not assignable to type 'Function'. | Types of property 'apply' are incompatible. | Type 'number' is not assignable to type '(this: Function, thisArg: any, argArray?: any) => any'.		var badFundule: Function = bad; // error
compiler/awaitedTypeNoLib	MISS	awaitedTypeNoLib.ts:18:27	2345	NEVER	Argument of type 'Thenable<NotPromise<TResult>> | NotPromise<TResult>' is not assignable to parameter of type 'Thenable<TResult>'. | Type 'NotPromise<TResult>' is not assignable to type 'Thenable<TResult>'. | Type 'TResult | (TResult extends PromiseLike<unknown> ? never : TResult)' is not assignable to type 'Thenable<TResult>'. | Type 'Thenable<unknown> & TResult' is not assignable to type 'Thenable<TResult>'. | Type 'unknown' is not assignable to type 'TResult'. | 'TResult' could be instantiated with an arbitrary type which could be unrelated to 'unknown'.		this.resolvePromise(result, resolve);
compiler/baseConstraintOfDecorator	EXTRA	baseConstraintOfDecorator.ts:12:5	2322	-		Type 'typeof decoratorFunc' is not assignable to type 'TFunction'.	return class decoratorFunc extends superClass {
compiler/bigintIndex	MISS	a.ts:15:1	2322	NOTREPORTABLE	Type 'bigint' is not assignable to type 'string | number | symbol'.		key = 123n; // should error
compiler/bigintPropertyName	MISS	g.ts:31:18	2322	NEVER	Type 'string' is not assignable to type 'number'.		const l2 : L = { "5n": "ok4" };
compiler/bigintPropertyName	MISS	q.ts:2:19	2322	NEVER	Type 'bigint' is not assignable to type 'string | number | symbol'. | Type 'bigint' is not assignable to type 'string | number | symbol'.		type T = { [t in  Q]: string };
compiler/callOfConditionalTypeWithConcreteBranches	EXTRA	callOfConditionalTypeWithConcreteBranches.ts:25:19	2345	-		Argument of type 'number' is not assignable to parameter of type 'T'.	arg(arg => useT(arg));
compiler/chainedCallsWithTypeParameterConstrainedToOtherTypeParameter2	MISS	chainedCallsWithTypeParameterConstrainedToOtherTypeParameter2.ts:10:35	2322	NEVER	Type 'T' is not assignable to type 'S'. | 'S' could be instantiated with an arbitrary type which could be unrelated to 'T'.		(new Chain(s)).then(ss => t);
compiler/chainedCallsWithTypeParameterConstrainedToOtherTypeParameter2	MISS	chainedCallsWithTypeParameterConstrainedToOtherTypeParameter2.ts:7:49	2322	NEVER	Type 'T' is not assignable to type 'S'. | 'S' could be instantiated with an arbitrary type which could be unrelated to 'T'.		(new Chain(t)).then(tt => s).then(ss => t);
compiler/checkJsdocTypeTagOnExportAssignment4	MISS	a.js:6:16	2322	NEVER	Type 'string' is not assignable to type 'number'.		export default "";
compiler/circularResolvedSignature	MISS	circularResolvedSignature.ts:11:9	2322	NEVER	Type 'string' is not assignable to type 'number'.		value: "string", // this should be a number
compiler/classImplementsClass4	MISS	classImplementsClass4.ts:16:1	2322	REPORTED	Type 'C' is not assignable to type 'C2'. | Property 'x' is missing in type 'C' but required in type 'A'.		c2 = c;
compiler/classTypeParametersInStatics	MISS	classTypeParametersInStatics.ts:20:52	2345	NEVER	Argument of type 'null' is not assignable to parameter of type 'T'. | 'T' could be instantiated with an arbitrary type which could be unrelated to 'null'.		var entry: List<T> = new List<T>(true, null);
compiler/classTypeParametersInStatics	MISS	classTypeParametersInStatics.ts:27:52	2345	NEVER	Argument of type 'null' is not assignable to parameter of type 'U'. | 'U' could be instantiated with an arbitrary type which could be unrelated to 'null'.		var entry: List<U> = new List<U>(true, null);
compiler/coAndContraVariantInferences5	MISS	coAndContraVariantInferences5.ts:9:9	2322	NEVER	Type '(status: Thing | null) => void' is not assignable to type '(key: string) => void'. | Types of parameters 'status' and 'key' are incompatible. | Type 'string' is not assignable to type 'Thing | null'.		onChange,
compiler/coAndContraVariantInferences6	MISS	coAndContraVariantInferences6.ts:34:42	2322	NEVER	Type '"C"' is not assignable to type '"A" | "B"'.		createElementIsolated(WrapperIsolated, { value: "C" });
compiler/complicatedIndexedAccessKeyofReliesOnKeyofNeverUpperBound	EXTRA	complicatedIndexedAccessKeyofReliesOnKeyofNeverUpperBound.ts:40:7	2322	-		Type 'NewChannel<EmailChannel | TextChannel>' is not assignable to type 'NewChannel<TextChannel>'.	const newTextChannel2 : NewChannel<TextChannel> = makeNewChannel('text');
compiler/complicatedIndexedAccessKeyofReliesOnKeyofNeverUpperBound	MISS	complicatedIndexedAccessKeyofReliesOnKeyofNeverUpperBound.ts:33:5	2322	DECLINED	Type '{ type: T; localChannelId: string; }' is not assignable to type 'NewChannel<ChannelOfType<T, EmailChannel> | ChannelOfType<T, TextChannel>>'. | Type '{ type: T; localChannelId: string; }' is not assignable to type 'Pick<ChannelOfType<T, EmailChannel> | ChannelOfType<T, TextChannel>, "type">'. | Types of property 'type' are incompatible. | Type 'T' is not assignable to type 'ChannelOfType<T, EmailChannel>["type"] & ChannelOfType<T, TextChannel>["type"]'. | Type 'string' is not assignable to type 'ChannelOfType<T, EmailChannel>["type"] & ChannelOfType<T, TextChannel>["type"]'. | Type 'string' is not assignable to type 'ChannelOfType<T, EmailChannel>["type"] & ChannelOfType<T, TextChannel>["type"]'. | Type 'string' is not assignable to type 'ChannelOfType<T, EmailChannel>["type"]'. | Type '"email"' is not assignable to type 'T & "email"'. | Type '"email"' is not assignable to type 'T'. | '"email"' is assignable to the constraint of type 'T', but 'T' could be instantiated with a different subtype of constraint '"email" | "text"'. | Type 'T' is not assignable to type 'ChannelOfType<T, EmailChannel>["type"]'. | Type 'string' is not assignable to type 'ChannelOfType<T, EmailChannel>["type"]'. | Type 'string' is not assignable to type 'ChannelOfType<T, EmailChannel>["type"]'. | Type '"email"' is not assignable to type 'T & "email"'. | Type '"email"' is not assignable to type 'T'. | '"email"' is assignable to the constraint of type 'T', but 'T' could be instantiated with a different subtype of constraint '"email" | "text"'. | Type 'T' is not assignable to type 'T & "email"'. | Type '"email" | "text"' is not assignable to type 'T & "email"'. | Type '"email"' is not assignable to type 'T & "email"'. | Type '"email"' is not assignable to type 'T'. | '"email"' is assignable to the constraint of type 'T', but 'T' could be instantiated with a different subtype of constraint '"email" | "text"'. | Type 'T' is not assignable to type '"email"'. | Type '"email" | "text"' is not assignable to type '"email"'. | Type '"text"' is not assignable to type '"email"'.		return { type, localChannelId };
compiler/conditionalTypeAssignabilityWhenDeferred	MISS	conditionalTypeAssignabilityWhenDeferred.ts:106:3	2322	DECLINED	Type 'Q' is not assignable to type 'InferBecauseWhyNot<Q>'. | Type '(arg: any) => any' is not assignable to type 'InferBecauseWhyNot<Q>'.		return x;
compiler/conditionalTypeAssignabilityWhenDeferred	MISS	conditionalTypeAssignabilityWhenDeferred.ts:116:3	2322	DECLINED	Type 'Q' is not assignable to type 'InferBecauseWhyNotDistributive<Q>'. | Type '(arg: any) => any' is not assignable to type 'InferBecauseWhyNotDistributive<Q>'.		return x; // should fail
compiler/conditionalTypeAssignabilityWhenDeferred	MISS	conditionalTypeAssignabilityWhenDeferred.ts:39:3	2322	DECLINED	Type '{ x: T; y: T; }' is not assignable to type 'T extends T ? { x: T; y: T; } : never'.		t2 = t1; // should fail
compiler/conditionalTypeAssignabilityWhenDeferred	MISS	conditionalTypeAssignabilityWhenDeferred.ts:46:3	2322	DECLINED	Type 'string' is not assignable to type 'Foo<T>'.		x = s; // Error
compiler/conditionalTypeAssignabilityWhenDeferred	MISS	conditionalTypeAssignabilityWhenDeferred.ts:63:9	2322	DECLINED	Type '{ a: number; b: number; }' is not assignable to type '[T] extends [[infer U]] ? U : { b: number; }'.		const o2: [T] extends [[infer U]] ? U : { b: number } = o;
compiler/conditionalTypeAssignabilityWhenDeferred	MISS	conditionalTypeAssignabilityWhenDeferred.ts:95:23	2345	NEVER	Argument of type 'string' is not assignable to parameter of type 'Unwrap<this["prop"]>'.		set(this, "prop", "hi"); // <-- type error
compiler/consistentAliasVsNonAliasRecordBehavior	EXTRA	consistentAliasVsNonAliasRecordBehavior.ts:10:5	2322	-		Type 'Record<string, string>' is not assignable to type 'Record<"a", string>'.	x = y; // no error, but error expected.
compiler/consistentAliasVsNonAliasRecordBehavior	EXTRA	consistentAliasVsNonAliasRecordBehavior.ts:14:5	2322	-		Type 'Record2<string, string>' is not assignable to type 'Record2<"a", string>'.	x = y; // no error, but error expected.
compiler/consistentAliasVsNonAliasRecordBehavior	EXTRA	consistentAliasVsNonAliasRecordBehavior.ts:18:5	2322	-		Type 'Record<string, string>' is not assignable to type 'Record2<"a", string>'.	x = y; // error
compiler/consistentAliasVsNonAliasRecordBehavior	EXTRA	consistentAliasVsNonAliasRecordBehavior.ts:22:5	2322	-		Type 'Record2<string, string>' is not assignable to type 'Record<"a", string>'.	x = y; // error
compiler/consistentAliasVsNonAliasRecordBehavior	EXTRA	consistentAliasVsNonAliasRecordBehavior.ts:26:5	2322	-		Type 'Record<string, T>' is not assignable to type 'Record<"a", T>'.	x = y; // no error, but error expected.
compiler/consistentAliasVsNonAliasRecordBehavior	EXTRA	consistentAliasVsNonAliasRecordBehavior.ts:30:5	2322	-		Type 'Record2<string, T>' is not assignable to type 'Record2<"a", T>'.	x = y; // no error, but error expected.
compiler/consistentAliasVsNonAliasRecordBehavior	EXTRA	consistentAliasVsNonAliasRecordBehavior.ts:34:5	2322	-		Type 'Record<string, T>' is not assignable to type 'Record2<"a", T>'.	x = y; // error
compiler/consistentAliasVsNonAliasRecordBehavior	EXTRA	consistentAliasVsNonAliasRecordBehavior.ts:38:5	2322	-		Type 'Record2<string, T>' is not assignable to type 'Record<"a", T>'.	x = y; // error
compiler/contextualTypeBasedOnIntersectionWithAnyInTheMix3	EXTRA	contextualTypeBasedOnIntersectionWithAnyInTheMix3.ts:23:7	2322	-		Type '[number]' is not assignable to type '[any] & [1]'.	const a: [any] & [1] = [1];
compiler/contextualTypeBasedOnIntersectionWithAnyInTheMix3	EXTRA	contextualTypeBasedOnIntersectionWithAnyInTheMix3.ts:24:7	2322	-		Type 'number[]' is not assignable to type 'any[] & 1[]'.	const b: any[] & 1[] = [1, 1];
compiler/contextualTypeIterableUnions	EXTRA	contextualTypeIterableUnions.ts:7:7	2322	-		Type '{ b: boolean; }[]' is not assignable to type 'Iterable<{ a: true; }> | Iterable<{ b: false; }>'.	const i2: Iterable<{ a: true }> | Iterable<{ b: false }> = [{ b: false }];
compiler/contextualTypingOfGenericFunctionTypedArguments1	MISS	contextualTypingOfGenericFunctionTypedArguments1.ts:17:32	2345	NEVER	Argument of type '(x: number) => string' is not assignable to parameter of type '(x: number) => Date'. | Type 'string' is not assignable to type 'Date'.		var r6 = _.forEach<number>(c2, (x) => { return x.toFixed() });
compiler/contextuallyTypedParametersOptionalInJSDoc	MISS	index.js:17:15	2345	NEVER	Argument of type 'number | undefined' is not assignable to parameter of type 'number'. | Type 'undefined' is not assignable to type 'number'.		acceptNum(b); // error
compiler/contextuallyTypedParametersOptionalInJSDoc	MISS	index.js:28:15	2345	NEVER	Argument of type 'number | undefined' is not assignable to parameter of type 'number'. | Type 'undefined' is not assignable to type 'number'.		acceptNum(b); // error
compiler/correctOrderOfPromiseMethod	EXTRA	correctOrderOfPromiseMethod.ts:20:11	2322	-		Type 'A[]' is not assignable to type 'B[]'.	const dataB: B[] = resultB;
compiler/crashInEmitTokenWithComment	MISS	crashInEmitTokenWithComment.ts:5:4	2345	NEVER	Argument of type '({ [foo.bar]: c }: {}) => any' is not assignable to parameter of type 'string'.		fn(({[foo.bar]: c}) => undefined);
compiler/dataViewConstructor	MISS	dataViewConstructor.ts:1:14	2345	NEVER	Argument of type 'Uint8Array<ArrayBuffer>' is not assignable to parameter of type 'ArrayBuffer & { BYTES_PER_ELEMENT?: undefined; }'. | Type 'Uint8Array<ArrayBuffer>' is not assignable to type 'ArrayBuffer'. | Types of property '[Symbol.toStringTag]' are incompatible. | Type '"Uint8Array"' is not assignable to type '"ArrayBuffer"'.		new DataView(new Uint8Array(32)); // should error
compiler/declarationEmitWithInvalidPackageJsonTypings	MISS	/p1/index.ts:8:58	2345	NEVER	Argument of type 'null' is not assignable to parameter of type 'typeof import("/p1/node_modules/csv-parse/lib/index")'.		const parserRef = useRef<typeof import("csv-parse")>(null);
compiler/deepComparisons	MISS	deepComparisons.ts:2:9	2322	DECLINED	Type 'T' is not assignable to type 'Extract<T, string>'.		let v1: Extract<T, string> = 0 as any as T;  // Error
compiler/deepComparisons	MISS	deepComparisons.ts:3:9	2322	DECLINED	Type 'T[K1]' is not assignable to type 'Extract<T[K1], string>'. | Type 'T[keyof T]' is not assignable to type 'Extract<T[K1], string>'. | Type 'T[string] | T[number] | T[symbol]' is not assignable to type 'Extract<T[K1], string>'. | Type 'T[string]' is not assignable to type 'Extract<T[K1], string>'.		let v2: Extract<T[K1], string> = 0 as any as T[K1];  // Error
compiler/deepComparisons	MISS	deepComparisons.ts:4:9	2322	DECLINED	Type 'T[K1][K2]' is not assignable to type 'Extract<T[K1][K2], string>'. | Type 'T[K1][keyof T[K1]]' is not assignable to type 'Extract<T[K1][K2], string>'. | Type 'T[K1][string] | T[K1][number] | T[K1][symbol]' is not assignable to type 'Extract<T[K1][K2], string>'. | Type 'T[K1][string]' is not assignable to type 'Extract<T[K1][K2], string>'. | Type 'T[keyof T][string]' is not assignable to type 'Extract<T[K1][K2], string>'. | Type 'T[string][string] | T[number][string] | T[symbol][string]' is not assignable to type 'Extract<T[K1][K2], string>'. | Type 'T[string][string]' is not assignable to type 'Extract<T[K1][K2], string>'.		let v3: Extract<T[K1][K2], string> = 0 as any as T[K1][K2];  // No error
compiler/defaultArgsInFunctionExpressions	MISS	defaultArgsInFunctionExpressions.ts:17:41	2322	NEVER	Type 'string' is not assignable to type 'number'.		var f4: (a: number) => void = function (a = "") { };
compiler/destructuringAssignmentWithDefault2	MISS	destructuringAssignmentWithDefault2.ts:11:4	2322	NEVER	Type 'number | undefined' is not assignable to type 'number'. | Type 'undefined' is not assignable to type 'number'. || Type 'undefined' is not assignable to type 'number'.		({ x = undefined } = a);
compiler/destructuringTypeGuardFlow	EXTRA	destructuringTypeGuardFlow.ts:15:9	2322	-		Type 'number | null' is not assignable to type 'number'.	const wrong: number = bar;
compiler/destructuringTypeGuardFlow	EXTRA	destructuringTypeGuardFlow.ts:18:9	2322	-		Type 'string | null' is not assignable to type 'string'.	const bAgain: string = text;
compiler/destructuringTypeGuardFlow	EXTRA	destructuringTypeGuardFlow.ts:31:9	2322	-		Type 'number | null' is not assignable to type 'number'.	const wrong: number = bar;
compiler/destructuringTypeGuardFlow	EXTRA	destructuringTypeGuardFlow.ts:34:9	2322	-		Type 'string | null' is not assignable to type 'string'.	const bAgain: string = text;
compiler/didYouMeanElaborationsForExpressionsWhichCouldBeCalled	EXTRA	didYouMeanElaborationsForExpressionsWhichCouldBeCalled.ts:23:14	2345	-		Argument of type '[number, number, () => number]' is not assignable to parameter of type '[number, number, number] | undefined'.	}, getNum(), [
compiler/didYouMeanElaborationsForExpressionsWhichCouldBeCalled	MISS	didYouMeanElaborationsForExpressionsWhichCouldBeCalled.ts:26:5	2322	NEVER	Type '() => number' is not assignable to type 'number'.		getNum
compiler/didYouMeanStringLiteral	EXTRA	didYouMeanStringLiteral.ts:5:7	2322	-		Type '"strong"' is not assignable to type 'T1'.	const t1: T1 = "strong";
compiler/didYouMeanStringLiteral	EXTRA	didYouMeanStringLiteral.ts:7:7	2322	-		Type '"strong"' is not assignable to type '"boolean" | "string"'.	const t3: T3 = "strong";
compiler/discriminableUnionWithIntersectedMembers	EXTRA	discriminableUnionWithIntersectedMembers.ts:14:7	2322	-		Type '{ x: 'x' | 'y'; y: number; }' is not assignable to type 'Y'.	const y: Y = 4 as any as { x: 'x' | 'y', y: number };
compiler/discriminableUnionWithIntersectedMembers	EXTRA	discriminableUnionWithIntersectedMembers.ts:7:7	2322	-		Type '{ x: 'x' | 'y'; y: number; }' is not assignable to type 'X'.	const x: X = 4 as any as { x: 'x' | 'y', y: number };
compiler/dissallowSymbolAsWeakType	MISS	dissallowSymbolAsWeakType.ts:14:24	2345	NEVER	Argument of type 'symbol' is not assignable to parameter of type 'object'.		const wr = new WeakRef(s);
compiler/dissallowSymbolAsWeakType	MISS	dissallowSymbolAsWeakType.ts:18:12	2345	NEVER	Argument of type 'symbol' is not assignable to parameter of type 'object'.		f.register(s, null);
compiler/dissallowSymbolAsWeakType	MISS	dissallowSymbolAsWeakType.ts:19:14	2345	NEVER	Argument of type 'symbol' is not assignable to parameter of type 'object'.		f.unregister(s);
compiler/distributiveConditionalTypeConstraints	EXTRA	distributiveConditionalTypeConstraints.ts:32:9	2322	-		Type 'T extends undefined ? undefined : T extends string ? "" : T extends number ? 0 : T extends boolean ? false : never | null' is not assignable to type '"" | 0 | false'.	let t: "" | 0 | false = x;
compiler/distributiveConditionalTypeConstraints	EXTRA	distributiveConditionalTypeConstraints.ts:54:11	2322	-		Type 'T extends B ? number : string' is not assignable to type 'string | number'.	const newY: string | number = y;
compiler/distributiveConditionalTypeConstraints	EXTRA	distributiveConditionalTypeConstraints.ts:65:11	2322	-		Type 'T extends B ? string : number' is not assignable to type 'string | number'.	const newY: string | number = y;
compiler/distributiveConditionalTypeConstraints	EXTRA	distributiveConditionalTypeConstraints.ts:76:11	2322	-		Type 'T extends C ? number : string' is not assignable to type 'string | number'.	const newY: string | number = y;
compiler/distributiveConditionalTypeConstraints	EXTRA	distributiveConditionalTypeConstraints.ts:87:11	2322	-		Type 'T extends C ? string : number' is not assignable to type 'string | number'.	const newY: string | number = y;
compiler/distributiveConditionalTypeConstraints	MISS	distributiveConditionalTypeConstraints.ts:10:9	2322	DECLINED	Type 'IsArray<T>' is not assignable to type 'false'. | Type 'true' is not assignable to type 'false'.		let f: false = x;  // Error
compiler/distributiveConditionalTypeConstraints	MISS	distributiveConditionalTypeConstraints.ts:15:9	2322	DECLINED	Type 'IsArray<T>' is not assignable to type 'false'. | Type 'true' is not assignable to type 'false'.		let f: false = x;  // Error
compiler/distributiveConditionalTypeConstraints	MISS	distributiveConditionalTypeConstraints.ts:19:9	2322	DECLINED	Type 'IsArray<T>' is not assignable to type 'true'. | Type 'false' is not assignable to type 'true'.		let t: true = x;   // Error
compiler/distributiveConditionalTypeConstraints	MISS	distributiveConditionalTypeConstraints.ts:38:9	2322	DECLINED	Type 'boolean' is not assignable to type 'false'.		let t: false = x;  // Error
compiler/divergentAccessorsTypes8	EXTRA	divergentAccessorsTypes8.ts:65:1	2322	-		Type 'number' is not assignable to type 'string'.	u1['prop1'] = 42;
compiler/divergentAccessorsTypes8	EXTRA	divergentAccessorsTypes8.ts:68:1	2322	-		Type 'number' is not assignable to type 'string'.	u1['prop2'] = 42;
compiler/divergentAccessorsTypes8	EXTRA	divergentAccessorsTypes8.ts:73:1	2322	-		Type 'boolean' is not assignable to type 'string | number'.	u1['prop3'] = true;
compiler/divergentAccessorsTypes8	EXTRA	divergentAccessorsTypes8.ts:75:1	2322	-		Type 'number' is not assignable to type 'string'.	u1['prop4'] = 42;
compiler/divergentAccessorsTypes8	EXTRA	divergentAccessorsTypes8.ts:77:1	2322	-		Type 'boolean' is not assignable to type 'string'.	u1['prop4'] = true;
compiler/dynamicNames	EXTRA	main.ts:97:19	2322	-		Type 'N.T7' is not assignable to type 'N.T4'.	t4 = t5, t4 = t6, t4 = t7, t5 = t4, t5 = t6, t5 = t7, t6 = t4, t6 = t5, t6 = t7, t7 = t4, t7 = t5, t7 = t6;
compiler/dynamicNames	EXTRA	main.ts:97:46	2322	-		Type 'N.T7' is not assignable to type 'N.T5'.	t4 = t5, t4 = t6, t4 = t7, t5 = t4, t5 = t6, t5 = t7, t6 = t4, t6 = t5, t6 = t7, t7 = t4, t7 = t5, t7 = t6;
compiler/dynamicNames	EXTRA	main.ts:97:73	2322	-		Type 'N.T7' is not assignable to type 'N.T6'.	t4 = t5, t4 = t6, t4 = t7, t5 = t4, t5 = t6, t5 = t7, t6 = t4, t6 = t5, t6 = t7, t7 = t4, t7 = t5, t7 = t6;
compiler/emptyObjectNotSubtypeOfIndexSignatureContainingObject1	MISS	emptyObjectNotSubtypeOfIndexSignatureContainingObject1.ts:41:3	2322	NOTREPORTABLE	Type 'Dictionary<string>' is not assignable to type 'Record<string, Bar | null>'. | 'string' index signatures are incompatible. | Type 'string' is not assignable to type 'Bar'.		return result;
compiler/emptyObjectNotSubtypeOfIndexSignatureContainingObject2	MISS	emptyObjectNotSubtypeOfIndexSignatureContainingObject2.ts:42:3	2322	NOTREPORTABLE	Type 'Dictionary<string>' is not assignable to type 'Record<string, Bar | null>'. | 'string' index signatures are incompatible. | Type 'string' is not assignable to type 'Bar'.		return result;
compiler/enumAssignmentCompat3	MISS	enumAssignmentCompat3.ts:68:1	2322	DECLINED	Type 'Abcd.E' is not assignable to type 'First.E'. | Property 'd' is missing in type 'First.E'.		abc = secondAbcd; // missing 'd'
compiler/enumAssignmentCompat3	MISS	enumAssignmentCompat3.ts:70:1	2322	DECLINED	Type 'Cd.E' is not assignable to type 'First.E'. | Each declaration of 'E.c' differs in its value, where '2' was expected but '0' was given.		abc = secondCd; // missing 'd'
compiler/enumAssignmentCompat3	MISS	enumAssignmentCompat3.ts:71:1	2322	DECLINED	Type 'Nope' is not assignable to type 'E'.		abc = nope; // nope!
compiler/enumAssignmentCompat3	MISS	enumAssignmentCompat3.ts:72:1	2322	DECLINED	Type 'Decl.E' is not assignable to type 'First.E'. | Each declaration of 'E.c' differs in its value, where '2' was expected but '3' was given.		abc = decl; // bad - value of 'c' differs between these enums
compiler/enumAssignmentCompat3	MISS	enumAssignmentCompat3.ts:75:1	2322	DECLINED	Type 'First.E' is not assignable to type 'Ab.E'. | Property 'c' is missing in type 'Ab.E'.		secondAb = abc; // missing 'c'
compiler/enumAssignmentCompat3	MISS	enumAssignmentCompat3.ts:76:1	2322	DECLINED	Type 'First.E' is not assignable to type 'Cd.E'. | Property 'a' is missing in type 'Cd.E'.		secondCd = abc; // missing 'a' and 'b'
compiler/enumAssignmentCompat3	MISS	enumAssignmentCompat3.ts:77:1	2322	DECLINED	Type 'E' is not assignable to type 'Nope'.		nope = abc; // nope!
compiler/enumAssignmentCompat3	MISS	enumAssignmentCompat3.ts:78:1	2322	DECLINED	Type 'First.E' is not assignable to type 'Decl.E'. | Each declaration of 'E.c' differs in its value, where '3' was expected but '2' was given.		decl = abc; // bad - value of 'c' differs between these enums
compiler/enumAssignmentCompat3	MISS	enumAssignmentCompat3.ts:82:1	2322	DECLINED	Type 'Const.E' is not assignable to type 'First.E'.		abc = k; // error
compiler/enumAssignmentCompat3	MISS	enumAssignmentCompat3.ts:83:1	2322	DECLINED	Type 'First.E' is not assignable to type 'Const.E'.		k = abc;
compiler/enumAssignmentCompat3	MISS	enumAssignmentCompat3.ts:86:1	2322	DECLINED	Type 'Merged.E' is not assignable to type 'First.E'. | Each declaration of 'E.c' differs in its value, where '2' was expected but '3' was given.		abc = merged; // missing 'd'
compiler/enumAssignmentCompat3	MISS	enumAssignmentCompat3.ts:87:1	2322	DECLINED	Type 'First.E' is not assignable to type 'Merged.E'. | Each declaration of 'E.c' differs in its value, where '3' was expected but '2' was given.		merged = abc; // bad - value of 'c' differs between these enums
compiler/enumAssignmentCompat6	MISS	a.ts:36:5	2322	DECLINED	Type 'strings.DiagnosticCategory' is not assignable to type 'numerics.DiagnosticCategory'. | Each declaration of 'DiagnosticCategory.Warning' differs in its value, where '0' was expected but '"Warning"' was given.		x = y;
compiler/enumAssignmentCompat6	MISS	a.ts:37:5	2322	DECLINED	Type 'numerics.DiagnosticCategory' is not assignable to type 'strings.DiagnosticCategory'. | Each declaration of 'DiagnosticCategory.Warning' differs in its value, where '"Warning"' was expected but '0' was given.		y = x;
compiler/enumAssignmentCompat6	MISS	a.ts:41:5	2322	DECLINED	Type 'DiagnosticCategory' is not assignable to type 'DiagnosticCategory2'.		x = y;
compiler/enumAssignmentCompat6	MISS	a.ts:42:5	2322	DECLINED	Type 'DiagnosticCategory2' is not assignable to type 'DiagnosticCategory'.		y = x;
compiler/enumAssignmentCompat6	MISS	a.ts:51:5	2322	DECLINED	Type 'ambients.DiagnosticCategory' is not assignable to type 'strings.DiagnosticCategory'. | One value of 'DiagnosticCategory.Warning' is the string '"Warning"', and the other is assumed to be an unknown numeric value.		x = y;
compiler/enumAssignmentCompat6	MISS	a.ts:52:5	2322	DECLINED	Type 'strings.DiagnosticCategory' is not assignable to type 'ambients.DiagnosticCategory'. | One value of 'DiagnosticCategory.Warning' is the string '"Warning"', and the other is assumed to be an unknown numeric value.		y = x;
compiler/enumLiteralAssignableToEnumInsideUnion	MISS	enumLiteralAssignableToEnumInsideUnion.ts:24:7	2322	DECLINED	Type 'Foo.A' is not assignable to type 'boolean | Foo'.		const e1: X.Foo | boolean = Z.Foo.A; // not legal, Z is computed
compiler/enumLiteralAssignableToEnumInsideUnion	MISS	enumLiteralAssignableToEnumInsideUnion.ts:28:7	2322	DECLINED	Type 'Foo.A' is not assignable to type 'boolean | Foo'.		const e5: Ka.Foo | boolean = Z.Foo.A; // ok
compiler/errorInfoForRelatedIndexTypesNoConstraintElaboration	MISS	errorInfoForRelatedIndexTypesNoConstraintElaboration.ts:6:15	2322	DECLINED	Type 'IntrinsicElements[T1]' is not assignable to type 'IntrinsicElements[T2]'. | Type 'T1' is not assignable to type 'T2'. | 'T1' is assignable to the constraint of type 'T2', but 'T2' could be instantiated with a different subtype of constraint 'keyof IntrinsicElements'.		const c2: JSX.IntrinsicElements[T2] = c1;
compiler/errorsForCallAndAssignmentAreSimilar	EXTRA	errorsForCallAndAssignmentAreSimilar.ts:11:11	2322	-		Type 'string' is not assignable to type '"bluray" | "hddvd"'.	{ kind: "hdpvd", }
compiler/errorsForCallAndAssignmentAreSimilar	EXTRA	errorsForCallAndAssignmentAreSimilar.ts:16:11	2322	-		Type 'string' is not assignable to type '"bluray" | "hddvd"'.	{ kind: "hdpvd", }
compiler/errorsWithInvokablesInUnions01	MISS	errorsWithInvokablesInUnions01.ts:14:12	2322	DECLINED	Type '(x: string) => void' is not assignable to type 'ConstructableA | IDirectiveLinkFn<number> | IDirectivePrePost<number>'. | Type '(x: string) => void' is not assignable to type 'IDirectiveLinkFn<number>'. | Types of parameters 'x' and 'scope' are incompatible. | Type 'number' is not assignable to type 'string'.		export let blah: IDirectiveLinkFn<number> | ConstructableA | IDirectivePrePost<number> = (x: string) => {}
compiler/errorsWithInvokablesInUnions01	MISS	errorsWithInvokablesInUnions01.ts:16:12	2322	DECLINED	Type 'typeof ctor' is not assignable to type 'ConstructableA | IDirectiveLinkFn<number> | IDirectivePrePost<number>'. | Type 'typeof ctor' is not assignable to type 'ConstructableA'. | Property 'somePropA' is missing in type 'ctor' but required in type '{ somePropA: any; }'.		export let ctor: IDirectiveLinkFn<number> | ConstructableA | IDirectivePrePost<number> = class {
compiler/esModuleInteropPrettyErrorRelatedInformation	MISS	index.ts:3:8	2345	NEVER			invoke(foo);
compiler/exactOptionalPropertyTypesIdentical	MISS	exactOptionalPropertyTypesIdentical.ts:2:12	2322	DECLINED	Type '<T>() => T extends { a?: string; } ? 0 : 1' is not assignable to type '<T>() => T extends { a?: string | undefined; } ? 0 : 1'. | Type 'T extends { a?: string; } ? 0 : 1' is not assignable to type 'T extends { a?: string | undefined; } ? 0 : 1'. | Type '0 | 1' is not assignable to type 'T extends { a?: string | undefined; } ? 0 : 1'. | Type '0' is not assignable to type 'T extends { a?: string | undefined; } ? 0 : 1'.		export let b: <T>() => T extends {a?: string | undefined} ? 0 : 1 = a;
compiler/excessPropertyCheckIntersectionWithIndexSignature	EXTRA	excessPropertyCheckIntersectionWithIndexSignature.ts:7:7	2322	-		Type '{ a: 0; b: 0; c: number; }' is not assignable to type '{ a: 0; } & { b: 0; }'.	x = { y: { a: 0, b: 0, c: 0 } };  // Error
compiler/excessPropertyCheckIntersectionWithRecursiveType	EXTRA	excessPropertyCheckIntersectionWithRecursiveType.ts:50:7	2322	-		Type '{ l2: { type: "boolean"; }; invalid: boolean; }' is not assignable to type 'Example<{ l2: boolean; }> & { [P in keyof T]: Schema4<T[P]>; }'.	props: {
compiler/excessPropertyCheckWithEmptyObject	EXTRA	excessPropertyCheckWithEmptyObject.ts:14:5	2322	-		Type '{ y: string; }' is not assignable to type 'Empty & { x: number; }'.	let x: Empty & { x: number } = { y: "hello" };
compiler/excessPropertyCheckWithEmptyObject	EXTRA	excessPropertyCheckWithEmptyObject.ts:9:5	2322	-		Type '{ y: number; }' is not assignable to type 'A & ThisType<any>'.	let a: A & ThisType<any> = { y: 10 };
compiler/excessPropertyChecksWithNestedIntersections	EXTRA	excessPropertyChecksWithNestedIntersections.ts:19:14	2322	-		Type '{ x: string; y: number; }' is not assignable to type 'A'.	let c: B = { a: { x: 'hello', y: 2 } }; // error - y does not exist in type A
compiler/excessPropertyChecksWithNestedIntersections	EXTRA	excessPropertyChecksWithNestedIntersections.ts:31:14	2322	-		Type '{ id: number; url: string; xyz: number; }' is not assignable to type '{ id: number; } & { url: string; }'.	export const photo: typeof obj.photo = {
compiler/excessPropertyChecksWithNestedIntersections	EXTRA	excessPropertyChecksWithNestedIntersections.ts:40:5	2322	-		Type '{ id: number; url: string; xyz: number; }' is not assignable to type '{ id: number; } & { url: string; }'.	photo: {
compiler/excessPropertyChecksWithNestedIntersections	EXTRA	excessPropertyChecksWithNestedIntersections.ts:68:1	2322	-		Type '{ foo: true; bar: true; boo: boolean; }' is not assignable to type 'View<TypeA>'.	test = { foo: true, bar: true, boo: true }
compiler/excessiveStackDepthFlatArray	MISS	index.tsx:35:13	2322	NEVER	Type '{ key: string; }' is not assignable to type 'HTMLAttributes<HTMLLIElement>'. | Property 'key' does not exist on type 'HTMLAttributes<HTMLLIElement>'.		<li key={category}>{category}</li> // Error about 'key' only
compiler/exportAssignmentExpressionIsExpressionNode	MISS	/index.ts:7:7	2322	NOTREPORTABLE	Type '{ default: { configs: { 'stage-0': PluginConfig; }; }; configs: { 'stage-0': PluginConfig; }; }' is not assignable to type 'Plugin'. | Types of property 'configs' are incompatible. | Type '{ 'stage-0': PluginConfig; }' is not assignable to type 'Record<string, { parser: string | null; }>'. | Property ''stage-0'' is incompatible with index signature. | Type 'PluginConfig' is not assignable to type '{ parser: string | null; }'. | Types of property 'parser' are incompatible. | Type 'string | null | undefined' is not assignable to type 'string | null'. | Type 'undefined' is not assignable to type 'string | null'.		const p: Plugin = pluginImportX;
compiler/exportDefaultStripsFreshness	EXTRA	index.ts:12:6	2345	-		Argument of type '{ foob: string; }' is not assignable to parameter of type 'IFoo'.	nFoo(B);
compiler/extractInferenceImprovement	MISS	extractInferenceImprovement.ts:26:26	2345	NEVER	Argument of type 'unique symbol' is not assignable to parameter of type 'never'.		prop = getProperty2(obj, s);
compiler/extractInferenceImprovement	MISS	extractInferenceImprovement.ts:28:1	2322	NOTREPORTABLE	Type 'string | number' is not assignable to type 'string'. | Type 'number' is not assignable to type 'string'.		prop = getProperty3(obj, s);
compiler/extractInferenceImprovement	MISS	extractInferenceImprovement.ts:28:26	2345	NEVER	Argument of type 'unique symbol' is not assignable to parameter of type '"first" | "second"'.		prop = getProperty3(obj, s);
compiler/fallbackToBindingPatternForTypeInference	MISS	fallbackToBindingPatternForTypeInference.ts:2:7	2345	NEVER	Argument of type '({ a }: { a: any; }) => any' is not assignable to parameter of type '(x: unknown) => string'. | Types of parameters '__0' and 'x' are incompatible. | Type 'unknown' is not assignable to type '{ a: any; }'.		trans(({a}) => a);
compiler/fallbackToBindingPatternForTypeInference	MISS	fallbackToBindingPatternForTypeInference.ts:3:7	2345	NEVER	Argument of type '([b, c]: [any, any]) => string' is not assignable to parameter of type '(x: unknown) => string'. | Types of parameters '__0' and 'x' are incompatible. | Type 'unknown' is not assignable to type '[any, any]'.		trans(([b,c]) => 'foo');
compiler/fallbackToBindingPatternForTypeInference	MISS	fallbackToBindingPatternForTypeInference.ts:4:7	2345	NEVER	Argument of type '({ d: [e, f] }: { d: [any, any]; }) => string' is not assignable to parameter of type '(x: unknown) => string'. | Types of parameters '__0' and 'x' are incompatible. | Type 'unknown' is not assignable to type '{ d: [any, any]; }'.		trans(({d: [e,f]}) => 'foo');
compiler/fallbackToBindingPatternForTypeInference	MISS	fallbackToBindingPatternForTypeInference.ts:5:7	2345	NEVER	Argument of type '([{ g }, { h }]: [{ g: any; }, { h: any; }]) => string' is not assignable to parameter of type '(x: unknown) => string'. | Types of parameters '__0' and 'x' are incompatible. | Type 'unknown' is not assignable to type '[{ g: any; }, { h: any; }]'.		trans(([{g},{h}]) => 'foo');
compiler/fallbackToBindingPatternForTypeInference	MISS	fallbackToBindingPatternForTypeInference.ts:6:7	2345	NEVER	Argument of type '({ a, b }: { a: any; b?: number | undefined; }) => any' is not assignable to parameter of type '(x: unknown) => string'. | Types of parameters '__0' and 'x' are incompatible. | Type 'unknown' is not assignable to type '{ a: any; b?: number | undefined; }'.		trans(({a, b = 10}) => a);
compiler/flatArrayNoExcessiveStackDepth	MISS	flatArrayNoExcessiveStackDepth.ts:20:5	2322	DECLINED	Type 'FlatArray<Arr, any>' is not assignable to type 'FlatArray<Arr, D>'. | Type 'Arr' is not assignable to type 'FlatArray<Arr, D>'. | Type 'Arr' is not assignable to type 'Arr & (Arr extends readonly (infer InnerArr)[] ? FlatArray<InnerArr, [-1, 0, 1, 2, 3, 4, 5, 6, 7, 8, 9, 10, 11, 12, 13, 14, 15, 16, 17, 18, 19, 20][D]> : Arr)'. | Type 'Arr' is not assignable to type 'Arr extends readonly (infer InnerArr)[] ? FlatArray<InnerArr, [-1, 0, 1, 2, 3, 4, 5, 6, 7, 8, 9, 10, 11, 12, 13, 14, 15, 16, 17, 18, 19, 20][D]> : Arr'.		y = x;  // Error
compiler/functionVariableInReturnTypeAnnotation	EXTRA	functionVariableInReturnTypeAnnotation.ts:3:5	2322	-		Type 'undefined' is not assignable to type 'number'.	return undefined;
compiler/functionsMissingReturnStatementsAndExpressionsStrictNullChecks	EXTRA	functionsMissingReturnStatementsAndExpressionsStrictNullChecks.ts:13:7	2322	-		Type '() => void' is not assignable to type '() => undefined'.	const f20: () => undefined = () => {
compiler/functionsMissingReturnStatementsAndExpressionsStrictNullChecks	EXTRA	functionsMissingReturnStatementsAndExpressionsStrictNullChecks.ts:17:7	2322	-		Type '() => void' is not assignable to type '() => undefined | number'.	const f21: () => undefined | number = () => {
compiler/functionsMissingReturnStatementsAndExpressionsStrictNullChecks	EXTRA	functionsMissingReturnStatementsAndExpressionsStrictNullChecks.ts:41:3	2345	-		Argument of type '() => void' is not assignable to parameter of type '() => undefined'.	f(() => { });
compiler/functionsMissingReturnStatementsAndExpressionsStrictNullChecks	EXTRA	functionsMissingReturnStatementsAndExpressionsStrictNullChecks.ts:45:7	2322	-		Type '() => void' is not assignable to type '() => undefined'.	const g1: () => undefined = () => { };
compiler/functionsMissingReturnStatementsAndExpressionsStrictNullChecks	EXTRA	functionsMissingReturnStatementsAndExpressionsStrictNullChecks.ts:63:7	2322	-		Type '() => void' is not assignable to type 'FN'.	const fn1: FN = () => {
compiler/functionsMissingReturnStatementsAndExpressionsStrictNullChecks	EXTRA	functionsMissingReturnStatementsAndExpressionsStrictNullChecks.ts:71:7	2322	-		Type '() => void' is not assignable to type 'FN'.	const fn3: FN = () => {};
compiler/fuzzy	MISS	fuzzy.ts:21:34	2322	REPORTED	Type 'this' is not assignable to type 'I'. | Property 'alsoWorks' is missing in type 'C' but required in type 'I'.		return { anything:1, oneI:this };
compiler/genericClassWithStaticFactory	MISS	genericClassWithStaticFactory.ts:112:52	2345	NEVER	Argument of type 'null' is not assignable to parameter of type 'T'. | 'T' could be instantiated with an arbitrary type which could be unrelated to 'null'.		var entry: List<T> = new List<T>(true, null);
compiler/genericCombinators2	MISS	genericCombinators2.ts:15:43	2345	NEVER	Argument of type '(x: number, y: string) => string' is not assignable to parameter of type '(x: number, y: string) => Date'. | Type 'string' is not assignable to type 'Date'.		var r5a = _.map<number, string, Date>(c2, (x, y) => { return x.toFixed() });
compiler/genericFunctionInference1	EXTRA	genericFunctionInference1.ts:25:7	2322	-		Type '(x: T) => { value: unknown; }' is not assignable to type '<T>(x: T) => { value: T[]; }'.	const g03: <T>(x: T) => { value: T[] } = pipe(x => list(x), box);
compiler/genericFunctionInference1	EXTRA	genericFunctionInference1.ts:29:7	2322	-		Type '(x: T) => { value: unknown; }' is not assignable to type '<T>(x: T) => { value: T[]; }'.	const g07: <T>(x: T) => { value: T[] } = pipe(x => list(x), pipe(box));
compiler/genericIndexedAccessVarianceComparisonResultCorrect	EXTRA	genericIndexedAccessVarianceComparisonResultCorrect.ts:26:1	2322	-		Type 'T<B>' is not assignable to type 'T<A>'.	c = d;
compiler/genericMappedTypeAsClause	MISS	genericMappedTypeAsClause.ts:14:11	2322	DECLINED	Type 'number' is not assignable to type 'MappedModel<T>'.		const x1: MappedModel<T> = 42;  // Error
compiler/genericMappedTypeAsClause	MISS	genericMappedTypeAsClause.ts:15:11	2322	DECLINED	Type 'string' is not assignable to type 'MappedModel<T>'.		const x2: MappedModel<T> = 'test';  // Error
compiler/genericMappedTypeAsClause	MISS	genericMappedTypeAsClause.ts:16:11	2322	DECLINED	Type 'number[]' is not assignable to type 'MappedModel<T>'.		const x3: MappedModel<T> = [1, 2, 3];  // Error
compiler/genericMappedTypeAsClause	MISS	genericMappedTypeAsClause.ts:17:11	2322	DECLINED	Type 'boolean' is not assignable to type 'MappedModel<T>'.		const x4: MappedModel<T> = false;  // Error
compiler/genericMappedTypeAsClause	MISS	genericMappedTypeAsClause.ts:19:11	2322	DECLINED	Type 'undefined' is not assignable to type 'MappedModel<T>'.		const x6: MappedModel<T> = undefined;  // Error
compiler/identicalTypesNoDifferByCheckOrder	MISS	identicalTypesNoDifferByCheckOrder.ts:32:30	2322	DECLINED	Type 'FunctionComponent2<SomePropsCloneX>' is not assignable to type 'FunctionComponent2<SomeProps>'. | Types of parameters 'props' and 'props' are incompatible. | Type 'SomeProps & { children?: unknown; }' is not assignable to type 'Required<Pick<SomePropsClone, "x">> & Omit<SomePropsClone, "x"> & { children?: unknown; }'. | Type 'SomeProps & { children?: unknown; }' is not assignable to type 'Required<Pick<SomePropsClone, "x">>'. | Types of property 'x' are incompatible. | Type 'string | undefined' is not assignable to type 'string'. | Type 'undefined' is not assignable to type 'string'.		needsComponentOfSomeProps3({ renderAs: comp3 });
compiler/identicalTypesNoDifferByCheckOrder	MISS	identicalTypesNoDifferByCheckOrder.ts:36:30	2322	DECLINED	Type 'FunctionComponent1<SomePropsX>' is not assignable to type 'FunctionComponent1<SomeProps>'. | Types of parameters 'props' and 'props' are incompatible. | Type 'SomeProps & { children?: unknown; }' is not assignable to type 'Required<Pick<SomeProps, "x">> & Omit<SomeProps, "x"> & { children?: unknown; }'. | Type 'SomeProps & { children?: unknown; }' is not assignable to type 'Required<Pick<SomeProps, "x">>'. | Types of property 'x' are incompatible. | Type 'string | undefined' is not assignable to type 'string'. | Type 'undefined' is not assignable to type 'string'.		needsComponentOfSomeProps2({ renderAs: comp2 });
compiler/importAssertionNonstring	MISS	mod.mts:1:37	2322	NEVER	Type '{ field: 0; }' is not assignable to type 'ImportAttributes'. | Property 'field' is incompatible with index signature. | Type 'number' is not assignable to type 'string'.		import * as thing1 from "./mod.mjs" with {field: 0};
compiler/importAssertionNonstring	MISS	mod.mts:5:37	2322	NEVER	Type '{ field: RegExp; }' is not assignable to type 'ImportAttributes'. | Property 'field' is incompatible with index signature. | Type 'RegExp' is not assignable to type 'string'.		import * as thing3 from "./mod.mjs" with {field: /a/g};
compiler/importAssertionNonstring	MISS	mod.mts:7:37	2322	NEVER	Type '{ field: string[]; }' is not assignable to type 'ImportAttributes'. | Property 'field' is incompatible with index signature. | Type 'string[]' is not assignable to type 'string'.		import * as thing4 from "./mod.mjs" with {field: ["a"]};
compiler/importAssertionNonstring	MISS	mod.mts:9:37	2322	NEVER	Type '{ field: { a: number; }; }' is not assignable to type 'ImportAttributes'. | Property 'field' is incompatible with index signature. | Type '{ a: number; }' is not assignable to type 'string'.		import * as thing5 from "./mod.mjs" with {field: { a: 0 }};
compiler/incompatibleAssignmentOfIdenticallyNamedTypes	EXTRA	incompatibleAssignmentOfIdenticallyNamedTypes.ts:6:9	2322	-		Type 'T' is not assignable to type 'T'.	this.x = a;
compiler/indexSignatureAndMappedType	EXTRA	indexSignatureAndMappedType.ts:5:5	2322	-		Type 'Record<K, T>' is not assignable to type '{ [key: string]: T; }'.	x = y;
compiler/indexSignatureAndMappedType	MISS	indexSignatureAndMappedType.ts:16:5	2322	DECLINED	Type '{ [key: string]: T; }' is not assignable to type 'Record<K, U>'.		y = x;  // Error
compiler/indexSignatureAndMappedType	MISS	indexSignatureAndMappedType.ts:6:5	2322	DECLINED	Type '{ [key: string]: T; }' is not assignable to type 'Record<K, T>'.		y = x;  // Error
compiler/indexSignatureOfTypeUnknownStillRequiresIndexSignature	MISS	indexSignatureOfTypeUnknownStillRequiresIndexSignature.ts:9:3	2345	NEVER	Argument of type '{ name: string; age: number; }[]' is not assignable to parameter of type '{ [x: string]: unknown; }'. | Index signature for type 'string' is missing in type '{ name: string; age: number; }[]'.		f(stooges); // Should throw
compiler/indexedAccessRelation	MISS	indexedAccessRelation.ts:16:25	2322	NEVER	Type 'T' is not assignable to type '(S & State<T>)["a"] | undefined'. | Type 'Foo' is not assignable to type 'S["a"] & (T | undefined)'.		this.setState({ a: a });
compiler/inferFromGenericFunctionReturnTypes3	EXTRA	inferFromGenericFunctionReturnTypes3.ts:158:7	2322	-		Type '() => Promise<{ name: string; age: number; position: string; }[]>' is not assignable to type 'F'.	const f1: F = () => {
compiler/inferFromNestedSameShapeTuple	MISS	inferFromNestedSameShapeTuple.ts:42:5	2322	DECLINED	Type 'T1<U>' is not assignable to type 'T2<U>'. | Type at position 0 in source is not compatible with type at position 0 in target. | Type 'number' is not assignable to type '42'.		y = x;  // Error
compiler/inferTypePredicates	EXTRA	inferTypePredicates.ts:252:7	2322	-		Type 'string | number | Date' is not assignable to type 'string'.	let t: string = snd; // should error
compiler/inferTypePredicates	MISS	inferTypePredicates.ts:133:7	2322	DECLINED	Type 'object' is not assignable to type 'Date'. | Type '{}' is missing the following properties from type 'Date': toDateString, toTimeString, toLocaleDateString, toLocaleTimeString, and 38 more.		let t: Date = maybeDate;  // should error
compiler/inferenceOuterResultNotIncorrectlyInstantiatedWithInnerResult	MISS	inferenceOuterResultNotIncorrectlyInstantiatedWithInnerResult.ts:35:15	2322	DECLINED	Type '{ x: number; }' is not assignable to type 'Assign<T, { x: number; }>'. | Type '{ x: number; }' is not assignable to type 'Omit<T, "x">'.		const v: Assign<T, { x: number }> = Object.assign(this.t, { x: 1 });
compiler/inferenceShouldFailOnEvolvingArrays	EXTRA	inferenceShouldFailOnEvolvingArrays.ts:13:5	2322	-		Type '{ [K in U]: T; }[U]' is not assignable to type 'T'.	return arg;
compiler/inferenceShouldFailOnEvolvingArrays	EXTRA	inferenceShouldFailOnEvolvingArrays.ts:5:5	2322	-		Type '{ [K in U]: T; }[U]' is not assignable to type 'T'.	return arg;
compiler/inferenceShouldFailOnEvolvingArrays	MISS	inferenceShouldFailOnEvolvingArrays.ts:15:17	2322	NEVER	Type 'number' is not assignable to type 'string'.		logFirstLength([42]);  // error
compiler/inferenceShouldFailOnEvolvingArrays	MISS	inferenceShouldFailOnEvolvingArrays.ts:17:19	2345	NEVER	Argument of type 'number' is not assignable to parameter of type 'string'.		zz.push(logLength(42));  // no error; T is inferred as `any`
compiler/inferenceShouldFailOnEvolvingArrays	MISS	inferenceShouldFailOnEvolvingArrays.ts:18:22	2322	NEVER	Type 'number' is not assignable to type 'string'.		zz = logFirstLength([42]);  // no error; T is inferred as `any[]`
compiler/inferenceShouldFailOnEvolvingArrays	MISS	inferenceShouldFailOnEvolvingArrays.ts:7:11	2345	NEVER	Argument of type 'number' is not assignable to parameter of type 'string'.		logLength(42);  // error
compiler/inferenceShouldFailOnEvolvingArrays	MISS	inferenceShouldFailOnEvolvingArrays.ts:9:15	2345	NEVER	Argument of type 'number' is not assignable to parameter of type 'string'.		z = logLength(42);  // no error; T is inferred as `any`
compiler/infiniteConstraints	MISS	infiniteConstraints.ts:31:43	2322	NEVER	Type 'Value<"dup">' is not assignable to type 'never'.		const shouldBeError = ensureNoDuplicates({main: value("dup"), alternate: value("dup")});
compiler/infiniteConstraints	MISS	infiniteConstraints.ts:31:63	2322	NEVER	Type 'Value<"dup">' is not assignable to type 'never'.		const shouldBeError = ensureNoDuplicates({main: value("dup"), alternate: value("dup")});
compiler/inheritance1	MISS	inheritance1.ts:40:1	2322	REPORTED	Type 'ImageBase' is not assignable to type 'SelectableControl'. | Property 'select' is missing in type 'Control' but required in type 'SelectableControl'.		sc = i;
compiler/inheritance1	MISS	inheritance1.ts:46:1	2322	REPORTED	Type 'Image1' is not assignable to type 'SelectableControl'. | Property 'select' is missing in type 'Control' but required in type 'SelectableControl'.		sc = i1;
compiler/inlineConditionalHasSimilarAssignability	EXTRA	inlineConditionalHasSimilarAssignability.ts:15:3	2322	-		Type 'any[] extends T ? any[] : never' is not assignable to type 'T'.	a = e;
compiler/inlineConditionalHasSimilarAssignability	EXTRA	inlineConditionalHasSimilarAssignability.ts:8:3	2322	-		Type 'any[] extends T ? any[] : never' is not assignable to type 'T'.	a = c;
compiler/instanceofNarrowReadonlyArray	EXTRA	instanceofNarrowReadonlyArray.ts:7:17	2322	-		Type 'number | readonly number[]' is not assignable to type 'number'.	return [x];
compiler/intTypeCheck	MISS	intTypeCheck.ts:106:5	2322	NOTREPORTABLE	Type 'boolean' is not assignable to type 'i1'.		var obj9: i1 = new <i1> anyVar;
compiler/intTypeCheck	MISS	intTypeCheck.ts:120:5	2322	NOTREPORTABLE	Type 'boolean' is not assignable to type 'i2'.		var obj20: i2 = new <i2> anyVar;
compiler/intTypeCheck	MISS	intTypeCheck.ts:134:5	2322	NOTREPORTABLE	Type 'boolean' is not assignable to type 'i3'.		var obj31: i3 = new <i3> anyVar;
compiler/intTypeCheck	MISS	intTypeCheck.ts:148:5	2322	NOTREPORTABLE	Type 'boolean' is not assignable to type 'i4'.		var obj42: i4 = new <i4> anyVar;
compiler/intTypeCheck	MISS	intTypeCheck.ts:162:5	2322	NOTREPORTABLE	Type 'boolean' is not assignable to type 'i5'.		var obj53: i5 = new <i5> anyVar;
compiler/intTypeCheck	MISS	intTypeCheck.ts:168:5	2322	DECLINED	Type '{}' is not assignable to type 'i6'. | Type '{}' provides no match for the signature '(): any'.		var obj56: i6 = {};
compiler/intTypeCheck	MISS	intTypeCheck.ts:169:5	2322	DECLINED	Type 'Object' is not assignable to type 'i6'. | The 'Object' type is assignable to very few other types. Did you mean to use the 'any' type instead? | Type 'Object' provides no match for the signature '(): any'.		var obj57: i6 = new Object();
compiler/intTypeCheck	MISS	intTypeCheck.ts:171:5	2322	DECLINED	Type 'Base' is not assignable to type 'i6'. | Type 'Base' provides no match for the signature '(): any'.		var obj59: i6 = new Base;
compiler/intTypeCheck	MISS	intTypeCheck.ts:173:5	2322	DECLINED	Type '() => void' is not assignable to type 'i6'. | Type 'void' is not assignable to type 'number'.		var obj61: i6 = function () { };
compiler/intTypeCheck	MISS	intTypeCheck.ts:176:5	2322	NOTREPORTABLE	Type 'boolean' is not assignable to type 'i6'.		var obj64: i6 = new <i6> anyVar;
compiler/intTypeCheck	MISS	intTypeCheck.ts:182:5	2322	DECLINED	Type '{}' is not assignable to type 'i7'. | Type '{}' provides no match for the signature 'new (): any'.		var obj67: i7 = {};
compiler/intTypeCheck	MISS	intTypeCheck.ts:183:5	2322	DECLINED	Type 'Object' is not assignable to type 'i7'. | The 'Object' type is assignable to very few other types. Did you mean to use the 'any' type instead? | Type 'Object' provides no match for the signature 'new (): any'.		var obj68: i7 = new Object();
compiler/intTypeCheck	MISS	intTypeCheck.ts:187:5	2322	DECLINED	Type '() => void' is not assignable to type 'i7'. | Type '() => void' provides no match for the signature 'new (): any'.		var obj72: i7 = function () { };
compiler/intTypeCheck	MISS	intTypeCheck.ts:190:5	2322	NOTREPORTABLE	Type 'boolean' is not assignable to type 'i7'.		var obj75: i7 = new <i7> anyVar;
compiler/intTypeCheck	MISS	intTypeCheck.ts:204:5	2322	NOTREPORTABLE	Type 'boolean' is not assignable to type 'i8'.		var obj86: i8 = new <i8> anyVar;
compiler/intersectionPropertyCheck	MISS	intersectionPropertyCheck.ts:17:22	2322	NEVER	Type 'boolean' is not assignable to type 'string[]'.		return { ...value, hi: true }
compiler/intersectionPropertyCheck	MISS	intersectionPropertyCheck.ts:7:3	2322	DECLINED	Type 'T & { a: boolean; }' is not assignable to type '{ a?: string | undefined; }'. | Types of property 'a' are incompatible. | Type 'boolean' is not assignable to type 'string'.		x = y;  // Mismatched property in source intersection
compiler/intersectionsAndOptionalProperties	EXTRA	intersectionsAndOptionalProperties.ts:25:7	2322	-		Type 'number[]' is not assignable to type 'number[] & [number, ...number[]]'.	const yy: number[] & [number, ...number[]] = [1];
compiler/invariantGenericErrorElaboration	MISS	invariantGenericErrorElaboration.ts:3:7	2322	DECLINED	Type 'Num' is not assignable to type 'Runtype<any>'. | The types of 'constraint.constraint' are incompatible between these types. | Type 'Constraint<Constraint<Num>>' is not assignable to type 'Constraint<Constraint<Runtype<any>>>'. | Type 'Constraint<Runtype<any>>' is not assignable to type 'Constraint<Num>'. | Types of property 'underlying' are incompatible. | Property 'tag' is missing in type 'Runtype<any>' but required in type 'Num'.		const wat: Runtype<any> = Num;
compiler/invariantGenericErrorElaboration	MISS	invariantGenericErrorElaboration.ts:4:19	2322	NEVER	Type 'Num' is not assignable to type 'Runtype<any>'. | The types of 'constraint.constraint' are incompatible between these types. | Type 'Constraint<Constraint<Num>>' is not assignable to type 'Constraint<Constraint<Runtype<any>>>'. | Type 'Constraint<Runtype<any>>' is not assignable to type 'Constraint<Num>'. | Types of property 'underlying' are incompatible. | Property 'tag' is missing in type 'Runtype<any>' but required in type 'Num'.		const Foo = Obj({ foo: Num })
compiler/jsdocBracelessTypeTag1	MISS	index.js:20:16	2322	NEVER	Type '"other"' is not assignable to type '"bar" | "foo"'.		const obj2 = { type: "other", prop: 10 };
compiler/jsdocBracelessTypeTag1	MISS	index.js:3:3	2322	NEVER	Type 'number' is not assignable to type 'string'.		return 42;
compiler/jsdocCallbackAndType	MISS	/a.js:6:5	2322	NEVER	Type '{}' is not assignable to type 'B<string>'. | Type '{}' provides no match for the signature '(): any'.		let b = {};
compiler/jsxCallElaborationCheckNoCrash1	MISS	jsxCallElaborationCheckNoCrash1.tsx:10:29	2322	NEVER	Type '{}' is not assignable to type 'LibraryManagedAttributes<Tag, DetailedHTMLProps<HTMLAttributes<HTMLDivElement>, HTMLDivElement>>'.		const Component = () => <TagElement />;
compiler/jsxChildWrongType	MISS	index.tsx:6:5	2322	NEVER	Type 'unknown' is not assignable to type 'ReactNode'.		{(<div />) as unknown}
compiler/jsxChildrenIndividualErrorElaborations	MISS	index.tsx:63:3	2322	NEVER	Type '(x: number) => number' is not assignable to type 'Cb[] | Cb'. | Type '(x: number) => number' is not assignable to type 'Cb'. | Type 'number' is not assignable to type 'string'.		{x => x}
compiler/jsxChildrenIndividualErrorElaborations	MISS	index.tsx:73:9	2322	NEVER	Type 'number' is not assignable to type 'string'.		{x => x}
compiler/jsxChildrenIndividualErrorElaborations	MISS	index.tsx:74:9	2322	NEVER	Type 'number' is not assignable to type 'string'.		{x => x}
compiler/jsxClassAttributeResolution	MISS	file.tsx:2:19	2322	NEVER	Type '{}' is not assignable to type 'IntrinsicClassAttributes<T>'. | Property 'ref' is missing in type '{}' but required in type 'IntrinsicClassAttributesAlias<T>'.		export const a = <App></App>;
compiler/jsxElementType	EXTRA	jsxElementType.tsx:34:2	2322	-		Type '{}' is not assignable to type 'IntrinsicAttributes & { title: string; }'.	<RenderElement />;
compiler/jsxElementType	EXTRA	jsxElementType.tsx:40:2	2322	-		Type '{}' is not assignable to type 'IntrinsicAttributes & { title: string; }'.	<RenderString />;
compiler/jsxElementType	EXTRA	jsxElementType.tsx:46:2	2322	-		Type '{}' is not assignable to type 'IntrinsicAttributes & { title: string; }'.	<RenderNumber />;
compiler/jsxElementType	EXTRA	jsxElementType.tsx:52:2	2322	-		Type '{}' is not assignable to type 'IntrinsicAttributes & { title: string; }'.	<RenderArray />;
compiler/jsxElementType	EXTRA	jsxElementType.tsx:59:2	2322	-		Type '{}' is not assignable to type 'IntrinsicAttributes & { title: string; }'.	<RenderPromise />;
compiler/jsxElementType	MISS	jsxElementType.tsx:110:6	2322	NEVER	Type '{ b: string; }' is not assignable to type '{ a: string; }'. | Property 'b' does not exist on type '{ a: string; }'.		<a:b b="rejected" />;
compiler/jsxElementType	MISS	jsxElementType.tsx:111:19	2322	NEVER	Type '{ a: string; b: string; }' is not assignable to type '{ a: string; }'. | Property 'b' does not exist on type '{ a: string; }'.		<a:b a="accepted" b="rejected" />;
compiler/jsxElementType	MISS	jsxElementType.tsx:95:11	2322	NEVER	Type '{}' is not assignable to type 'LibraryManagedAttributes<T, {}>'.		return <Component />;
compiler/jsxExcessPropsAndAssignability	MISS	jsxExcessPropsAndAssignability.tsx:14:6	2322	NEVER	Type 'ComposedComponentProps & { myProp: number; }' is not assignable to type 'IntrinsicAttributes & IntrinsicClassAttributes<Component<WrapperComponentProps, any, any>> & Readonly<{ children?: ReactNode; }> & Readonly<WrapperComponentProps>'. | Type 'ComposedComponentProps & { myProp: number; }' is not assignable to type 'Readonly<WrapperComponentProps>'.		<WrapperComponent {...props} myProp={1000000} />;
compiler/jsxFragmentWrongType	MISS	a.tsx:6:28	2322	NEVER	Type '{ children: () => string; }' is not assignable to type '{ children?: ReactNode; }'. | Types of property 'children' are incompatible. | Type '() => string' is not assignable to type 'ReactNode'.		const jsxWithJsxFragment = <>{test}</>;
compiler/jsxFragmentWrongType	MISS	a.tsx:7:47	2322	NEVER	Type '() => string' is not assignable to type 'ReactNode'.		const jsxWithReactFragment = <React.Fragment>{test}</React.Fragment>;
compiler/jsxNamespacePrefixIntrinsics	MISS	jsxNamespacePrefixIntrinsics.tsx:16:30	2322	NEVER	Type '{ attribute: string; }' is not assignable to type '{ "ns:attribute": string; }'. | Property 'attribute' does not exist on type '{ "ns:attribute": string; }'. Did you mean '"ns:attribute"'?		const invalid2 = <ns:element attribute="nope" />;
compiler/jsxNamespacePrefixIntrinsics	MISS	jsxNamespacePrefixIntrinsics.tsx:17:30	2322	NEVER	Type '{ "ns:invalid": string; }' is not assignable to type '{ "ns:attribute": string; }'. | Property 'ns:invalid' does not exist on type '{ "ns:attribute": string; }'.		const invalid3 = <ns:element ns:invalid="nope" />;
compiler/keyRemappingKeyofResult	MISS	keyRemappingKeyofResult.ts:69:5	2322	NOTREPORTABLE	Type 'string' is not assignable to type 'keyof Remapped'. | Type '"whatever"' is not assignable to type '"str" | unique symbol | DistributiveNonIndex<K>'.		x = "whatever"; // error
compiler/keyofIsLiteralContexualType	MISS	keyofIsLiteralContexualType.ts:5:37	2322	NEVER	Type 'string' is not assignable to type 'keyof T'. | Type '"c"' is not assignable to type '"a" | "b"'.		let b: (keyof T)[] = ["a", "b", "c"];
compiler/lambdaParameterWithTupleArgsHasCorrectAssignability	EXTRA	lambdaParameterWithTupleArgsHasCorrectAssignability.ts:17:14	2345	-		Argument of type 'GenericClass<[str: string]>' is not assignable to parameter of type 'GenericClass<[string, boolean]>'.	consumeClass(createClass(str => console.log(str.length)));
compiler/lastPropertyInLiteralWins	EXTRA	lastPropertyInLiteralWins.ts:13:5	2322	-		Type '(num: number) => void' is not assignable to type '(str: string) => void'.	thunk: (num: number) => {},
compiler/lastPropertyInLiteralWins	MISS	lastPropertyInLiteralWins.ts:8:5	2322	DECLINED	Type '(num: number) => void' is not assignable to type '(str: string) => void'. | Types of parameters 'num' and 'str' are incompatible. | Type 'string' is not assignable to type 'number'.		thunk: (str: string) => {},
compiler/lastPropertyInLiteralWins	MISS	lastPropertyInLiteralWins.ts:9:5	2322	NEVER	Type '(num: number) => void' is not assignable to type '(str: string) => void'. | Types of parameters 'num' and 'str' are incompatible. | Type 'string' is not assignable to type 'number'.		thunk: (num: number) => {}
compiler/lateBoundAssignmentCandidateJS3	MISS	index.js:5:9	2322	NEVER	Type 'number' is not assignable to type 'string'.		this[prop] = 12;
compiler/literalFreshnessPropagationOnNarrowing	EXTRA	literalFreshnessPropagationOnNarrowing.ts:60:5	2322	-		Type 'string[]' is not assignable to type '("x" | "y")[]'.	arr = [...['y']];
compiler/literalFreshnessPropagationOnNarrowing	MISS	literalFreshnessPropagationOnNarrowing.ts:60:12	2322	NEVER	Type 'string' is not assignable to type 'XY'.		arr = [...['y']];
compiler/literalWideningWithCompoundLikeAssignments	EXTRA	literalWideningWithCompoundLikeAssignments.ts:11:1	2322	-		Type 'number' is not assignable to type '0'.	t1 = t1 + 42
compiler/literalWideningWithCompoundLikeAssignments	EXTRA	literalWideningWithCompoundLikeAssignments.ts:15:1	2322	-		Type 'number' is not assignable to type '0'.	t2 = t2 - 42
compiler/literalWideningWithCompoundLikeAssignments	EXTRA	literalWideningWithCompoundLikeAssignments.ts:19:1	2322	-		Type 'number' is not assignable to type '0'.	t3 = t3 * 42
compiler/literalWideningWithCompoundLikeAssignments	EXTRA	literalWideningWithCompoundLikeAssignments.ts:23:1	2322	-		Type 'number' is not assignable to type '0'.	t4 = t4 ** 42
compiler/literalWideningWithCompoundLikeAssignments	EXTRA	literalWideningWithCompoundLikeAssignments.ts:27:1	2322	-		Type 'number' is not assignable to type '0'.	t5 = t5 / 42
compiler/literalWideningWithCompoundLikeAssignments	EXTRA	literalWideningWithCompoundLikeAssignments.ts:31:1	2322	-		Type 'number' is not assignable to type '0'.	t6 = t6 % 42
compiler/literalWideningWithCompoundLikeAssignments	EXTRA	literalWideningWithCompoundLikeAssignments.ts:35:1	2322	-		Type 'number' is not assignable to type '0'.	t7 = t7 >> 0
compiler/literalWideningWithCompoundLikeAssignments	EXTRA	literalWideningWithCompoundLikeAssignments.ts:39:1	2322	-		Type 'number' is not assignable to type '0'.	t8 = t8 >>> 0
compiler/literalWideningWithCompoundLikeAssignments	EXTRA	literalWideningWithCompoundLikeAssignments.ts:43:1	2322	-		Type 'number' is not assignable to type '0'.	t9 = t9 << 0
compiler/literalWideningWithCompoundLikeAssignments	EXTRA	literalWideningWithCompoundLikeAssignments.ts:48:1	2322	-		Type 'string' is not assignable to type '"a" | 0'.	t10 = t10 + 'b'
compiler/literalWideningWithCompoundLikeAssignments	EXTRA	literalWideningWithCompoundLikeAssignments.ts:5:1	2322	-		Type 'string' is not assignable to type '""'.	foo = foo + "bar"
compiler/mappedTypeInferenceFromApparentType	MISS	mappedTypeInferenceFromApparentType.ts:10:1	2322	DECLINED	Type 'foo' is not assignable to type 'bar'. | Types of parameters 'target' and 'source' are incompatible. | Type '{ [K in keyof U]: Obj[K]; }' is not assignable to type '{ [K in keyof U]: U[K]; }'. | Type 'Obj[K]' is not assignable to type 'U[K]'. | Type 'Obj' is not assignable to type 'U'. | 'U' could be instantiated with an arbitrary type which could be unrelated to 'Obj'.		b = f;
compiler/mappedTypeNotMistakenlyHomomorphic	EXTRA	mappedTypeNotMistakenlyHomomorphic.ts:33:1	2322	-		Type 'Gen2<ABC.B>' is not assignable to type 'Gen2<ABC.A>'.	a = b;
compiler/mappedTypeNotMistakenlyHomomorphic	EXTRA	mappedTypeNotMistakenlyHomomorphic.ts:34:1	2322	-		Type 'Gen2<ABC.A>' is not assignable to type 'Gen2<ABC.B>'.	b = a;
compiler/mappedTypeRecursiveInference	MISS	mappedTypeRecursiveInference.ts:19:18	2345	NEVER	Argument of type 'XMLHttpRequest' is not assignable to parameter of type 'Deep<{ dispatchEvent: unknown; onreadystatechange: unknown; readonly readyState: { toString: any; toFixed: any; toExponential: any; toPrecision: any; valueOf: any; toLocaleString: any; }; readonly response: unknown; readonly responseText: { toString: any; charAt: any; charCodeAt: any; concat: any; indexOf: any; lastIndexOf: any; localeCompare: any; match: any; replace: any; search: any; slice: any; split: any; substring: any; toLowerCase: any; toLocaleLowerCase: any; toUpperCase: any; toLocaleUpperCase: any; trim: any; readonly length: any; substr: any; valueOf: any; codePointAt: any; includes: any; endsWith: any; normalize: any; repeat: any; startsWith: any; anchor: any; big: any; blink: any; bold: any; fixed: any; fontcolor: any; fontsize: any; italics: any; link: any; small: any; strike: any; sub: any; sup: any; [Symbol.iterator]: any; }; responseType: { toString: any; charAt: any; charCodeAt: any; concat: any; indexOf: any; lastIndexOf: any; localeCompare: any; match: any; replace: any; search: any; slice: any; split: any; substring: any; toLowerCase: any; toLocaleLowerCase: any; toUpperCase: any; toLocaleUpperCase: any; trim: any; readonly length: any; substr: any; valueOf: any; codePointAt: any; includes: any; endsWith: any; normalize: any; repeat: any; startsWith: any; anchor: any; big: any; blink: any; bold: any; fixed: any; fontcolor: any; fontsize: any; italics: any; link: any; small: any; strike: any; sub: any; sup: any; [Symbol.iterator]: any; }; readonly responseURL: { toString: any; charAt: any; charCodeAt: any; concat: any; indexOf: any; lastIndexOf: any; localeCompare: any; match: any; replace: any; search: any; slice: any; split: any; substring: any; toLowerCase: any; toLocaleLowerCase: any; toUpperCase: any; toLocaleUpperCase: any; trim: any; readonly length: any; substr: any; valueOf: any; codePointAt: any; includes: any; endsWith: any; normalize: any; repeat: any; startsWith: any; anchor: any; big: any; blink: any; bold: any; fixed: any; fontcolor: any; fontsize: any; italics: any; link: any; small: any; strike: any; sub: any; sup: any; [Symbol.iterator]: any; }; readonly responseXML: { readonly URL: any; readonly activeViewTransition: any; alinkColor: any; readonly all: any; readonly anchors: any; readonly applets: any; bgColor: any; body: any; readonly characterSet: any; readonly charset: any; readonly compatMode: any; readonly contentType: any; cookie: any; readonly currentScript: any; readonly defaultView: any; designMode: any; dir: any; readonly doctype: any; readonly documentElement: any; readonly documentURI: any; domain: any; readonly embeds: any; fgColor: any; readonly forms: any; readonly fragmentDirective: any; readonly fullscreen: any; readonly fullscreenEnabled: any; readonly head: any; readonly hidden: any; readonly images: any; readonly implementation: any; readonly inputEncoding: any; readonly lastModified: any; linkColor: any; readonly links: any; location: any; onfullscreenchange: any; onfullscreenerror: any; onpointerlockchange: any; onpointerlockerror: any; onreadystatechange: any; onvisibilitychange: any; readonly ownerDocument: any; readonly pictureInPictureEnabled: any; readonly plugins: any; readonly readyState: any; readonly referrer: any; readonly rootElement: any; readonly scripts: any; readonly scrollingElement: any; readonly timeline: any; title: any; readonly visibilityState: any; vlinkColor: any; adoptNode: any; captureEvents: any; caretPositionFromPoint: any; caretRangeFromPoint: any; clear: any; close: any; createAttribute: any; createAttributeNS: any; createCDATASection: any; createComment: any; createDocumentFragment: any; createElement: any; createElementNS: any; createEvent: any; createNodeIterator: any; createProcessingInstruction: any; createRange: any; createTextNode: any; createTreeWalker: any; execCommand: any; exitFullscreen: any; exitPictureInPicture: any; exitPointerLock: any; getElementById: any; getElementsByClassName: any; getElementsByName: any; getElementsByTagName: any; getElementsByTagNameNS: any; getSelection: any; hasFocus: any; hasStorageAccess: any; importNode: any; open: any; queryCommandEnabled: any; queryCommandIndeterm: any; queryCommandState: any; queryCommandSupported: any; queryCommandValue: any; releaseEvents: any; requestStorageAccess: any; startViewTransition: any; write: any; writeln: any; readonly textContent: any; addEventListener: any; removeEventListener: any; readonly activeElement: any; adoptedStyleSheets: any; readonly customElementRegistry: any; readonly fullscreenElement: any; readonly pictureInPictureElement: any; readonly pointerLockElement: any; readonly styleSheets: any; elementFromPoint: any; elementsFromPoint: any; getAnimations: any; dispatchEvent: any; readonly fonts: any; onabort: any; onanimationcancel: any; onanimationend: any; onanimationiteration: any; onanimationstart: any; onauxclick: any; onbeforeinput: any; onbeforematch: any; onbeforetoggle: any; onblur: any; oncancel: any; oncanplay: any; oncanplaythrough: any; onchange: any; onclick: any; onclose: any; oncommand: any; oncontextlost: any; oncontextmenu: any; oncontextrestored: any; oncopy: any; oncuechange: any; oncut: any; ondblclick: any; ondrag: any; ondragend: any; ondragenter: any; ondragleave: any; ondragover: any; ondragstart: any; ondrop: any; ondurationchange: any; onemptied: any; onended: any; onerror: any; onfocus: any; onformdata: any; ongotpointercapture: any; oninput: any; oninvalid: any; onkeydown: any; onkeypress: any; onkeyup: any; onload: any; onloadeddata: any; onloadedmetadata: any; onloadstart: any; onlostpointercapture: any; onmousedown: any; onmouseenter: any; onmouseleave: any; onmousemove: any; onmouseout: any; onmouseover: any; onmouseup: any; onpaste: any; onpause: any; onplay: any; onplaying: any; onpointercancel: any; onpointerdown: any; onpointerenter: any; onpointerleave: any; onpointermove: any; onpointerout: any; onpointerover: any; onpointerrawupdate: any; onpointerup: any; onprogress: any; onratechange: any; onreset: any; onresize: any; onscroll: any; onscrollend: any; onsecuritypolicyviolation: any; onseeked: any; onseeking: any; onselect: any; onselectionchange: any; onselectstart: any; onslotchange: any; onstalled: any; onsubmit: any; onsuspend: any; ontimeupdate: any; ontoggle: any; ontouchcancel?: any; ontouchend?: any; ontouchmove?: any; ontouchstart?: any; ontransitioncancel: any; ontransitionend: any; ontransitionrun: any; ontransitionstart: any; onvolumechange: any; onwaiting: any; onwebkitanimationend: any; onwebkitanimationiteration: any; onwebkitanimationstart: any; onwebkittransitionend: any; onwheel: any; readonly baseURI: any; readonly childNodes: any; readonly firstChild: any; readonly isConnected: any; readonly lastChild: any; readonly nextSibling: any; readonly nodeName: any; readonly nodeType: any; nodeValue: any; readonly parentElement: any; readonly parentNode: any; readonly previousSibling: any; appendChild: any; cloneNode: any; compareDocumentPosition: any; contains: any; getRootNode: any; hasChildNodes: any; insertBefore: any; isDefaultNamespace: any; isEqualNode: any; isSameNode: any; lookupNamespaceURI: any; lookupPrefix: any; normalize: any; removeChild: any; replaceChild: any; readonly ELEMENT_NODE: any; readonly ATTRIBUTE_NODE: any; readonly TEXT_NODE: any; readonly CDATA_SECTION_NODE: any; readonly ENTITY_REFERENCE_NODE: any; readonly ENTITY_NODE: any; readonly PROCESSING_INSTRUCTION_NODE: any; readonly COMMENT_NODE: any; readonly DOCUMENT_NODE: any; readonly DOCUMENT_TYPE_NODE: any; readonly DOCUMENT_FRAGMENT_NODE: any; readonly NOTATION_NODE: any; readonly DOCUMENT_POSITION_DISCONNECTED: any; readonly DOCUMENT_POSITION_PRECEDING: any; readonly DOCUMENT_POSITION_FOLLOWING: any; readonly DOCUMENT_POSITION_CONTAINS: any; readonly DOCUMENT_POSITION_CONTAINED_BY: any; readonly DOCUMENT_POSITION_IMPLEMENTATION_SPECIFIC: any; readonly childElementCount: any; readonly children: any; readonly firstElementChild: any; readonly lastElementChild: any; append: any; moveBefore: any; prepend: any; querySelector: any; querySelectorAll: any; replaceChildren: any; createExpression: any; createNSResolver: any; evaluate: any; }; readonly status: { toString: any; toFixed: any; toExponential: any; toPrecision: any; valueOf: any; toLocaleString: any; }; readonly statusText: { toString: any; charAt: any; charCodeAt: any; concat: any; indexOf: any; lastIndexOf: any; localeCompare: any; match: any; replace: any; search: any; slice: any; split: any; substring: any; toLowerCase: any; toLocaleLowerCase: any; toUpperCase: any; toLocaleUpperCase: any; trim: any; readonly length: any; substr: any; valueOf: any; codePointAt: any; includes: any; endsWith: any; normalize: any; repeat: any; startsWith: any; anchor: any; big: any; blink: any; bold: any; fixed: any; fontcolor: any; fontsize: any; italics: any; link: any; small: any; strike: any; sub: any; sup: any; [Symbol.iterator]: any; }; timeout: { toString: any; toFixed: any; toExponential: any; toPrecision: any; valueOf: any; toLocaleString: any; }; readonly upload: { dispatchEvent: any; onabort: any; onerror: any; onload: any; onloadend: any; onloadstart: any; onprogress: any; ontimeout: any; addEventListener: any; removeEventListener: any; }; withCredentials: { valueOf: any; }; abort: unknown; getAllResponseHeaders: unknown; getResponseHeader: unknown; open: unknown; overrideMimeType: unknown; send: unknown; setRequestHeader: unknown; readonly UNSENT: { toString: any; toFixed: any; toExponential: any; toPrecision: any; valueOf: any; toLocaleString: any; }; readonly OPENED: { toString: any; toFixed: any; toExponential: any; toPrecision: any; valueOf: any; toLocaleString: any; }; readonly HEADERS_RECEIVED: { toString: any; toFixed: any; toExponential: any; toPrecision: any; valueOf: any; toLocaleString: any; }; readonly LOADING: { toString: any; toFixed: any; toExponential: any; toPrecision: any; valueOf: any; toLocaleString: any; }; readonly DONE: { toString: any; toFixed: any; toExponential: any; toPrecision: any; valueOf: any; toLocaleString: any; }; addEventListener: unknown; removeEventListener: unknown; onabort: unknown; onerror: unknown; onload: unknown; onloadend: unknown; onloadstart: unknown; onprogress: unknown; ontimeout: unknown; }>'. | Types of property 'onreadystatechange' are incompatible. | Type '((this: XMLHttpRequest, ev: Event) => any) | null' is not assignable to type 'Deep<unknown>'. | Type 'null' is not assignable to type 'Deep<unknown>'.		const out2 = foo(xhr);
compiler/mappedTypeUnionConstrainTupleTreatedAsArrayLike	EXTRA	mappedTypeUnionConstrainTupleTreatedAsArrayLike.ts:10:9	2322	-		Type 'HomomorphicMappedType<T>' is not assignable to type 'readonly any[]'.	const arr2: readonly any[] = [] as HomomorphicMappedType<T>
compiler/mappedTypeUnionConstrainTupleTreatedAsArrayLike	EXTRA	mappedTypeUnionConstrainTupleTreatedAsArrayLike.ts:4:9	2322	-		Type 'HomomorphicMappedType<T>' is not assignable to type 'any[]'.	const arr: any[] = [] as HomomorphicMappedType<T>
compiler/mappedTypeUnionConstrainTupleTreatedAsArrayLike	EXTRA	mappedTypeUnionConstrainTupleTreatedAsArrayLike.ts:5:9	2322	-		Type 'HomomorphicMappedType<T>' is not assignable to type 'readonly any[]'.	const arr2: readonly any[] = [] as HomomorphicMappedType<T>
compiler/mergeMultipleInterfacesReexported	EXTRA	test.ts:4:7	2322	-		Type '"p0" | "p1" | "p2"' is not assignable to type 'keyof EventList'.	const t: keyof EventList = p012
compiler/mismatchedExplicitTypeParameterAndArgumentType	MISS	mismatchedExplicitTypeParameterAndArgumentType.ts:10:34	2322	NEVER	Type 'string' is not assignable to type 'number'.		var r7 = map<number, string>([1, ""], (x) => x.toString()); // error
compiler/namespaceDisambiguationInUnion	MISS	namespaceDisambiguationInUnion.ts:10:7	2322	DECLINED	Type '{ type: string; }' is not assignable to type 'Foo.Yep | Bar.Yep'. | Type '{ type: string; }' is not assignable to type 'Yep'. | Types of property 'type' are incompatible. | Type 'string' is not assignable to type '"bar.yep"'.		const val1: Foo.Yep | Bar.Yep = x;
compiler/narrowCommaOperatorNestedWithinLHS	EXTRA	narrowCommaOperatorNestedWithinLHS.ts:10:11	2322	-		Type 'string | number' is not assignable to type 'number'.	const b: number = (otherValue(), value).inner; // string | number , but should be number
compiler/narrowCommaOperatorNestedWithinLHS	EXTRA	narrowCommaOperatorNestedWithinLHS.ts:15:11	2322	-		Type 'string | number' is not assignable to type 'number'.	const b: number = (otherValue(), value).inner; // string | number , but should be number
compiler/nestedFreshLiteral	EXTRA	nestedFreshLiteral.ts:11:5	2322	-		Type '{ nested: { prop: { colour: string; }; }; }' is not assignable to type 'NestedCSSProps'.	let stylen: NestedCSSProps = {
compiler/nestedRecursiveArraysOrObjectsError01	EXTRA	nestedRecursiveArraysOrObjectsError01.ts:7:7	2322	-		Type '{ foo: string; jj: number; }[][][]' is not assignable to type 'Style'.	const blah: Style = [
compiler/noCheckDoesNotReportError	EXTRA	noCheckDoesNotReportError.ts:1:14	2322	-		Type 'string' is not assignable to type 'number'.	export const a: number = "not ok";
compiler/noCheckNoEmit	EXTRA	noCheckNoEmit.ts:1:14	2322	-		Type 'string' is not assignable to type 'number'.	export const a: number = "not ok";
compiler/noCheckRequiresEmitDeclarationOnly	EXTRA	noCheckRequiresEmitDeclarationOnly.ts:1:14	2322	-		Type 'string' is not assignable to type 'number'.	export const a: number = "not ok";
compiler/noInferUnionExcessPropertyCheck1	EXTRA	noInferUnionExcessPropertyCheck1.ts:23:21	2345	-		Argument of type '{ x: string; y: number; }' is not assignable to parameter of type 'NoInfer<(() => { x: string; }) | { x: string; }>'.	test3({ x: "foo" }, { x: "bar", y: 42 }); // epc error
compiler/nongenericPartialInstantiationsRelatedInBothDirections	EXTRA	nongenericPartialInstantiationsRelatedInBothDirections.ts:11:1	2322	-		Type 'ObjectContaining<{ a: number; foo: number; }>' is not assignable to type 'ObjectContaining<Foo>'.	cfoo = cafoo;
compiler/nongenericPartialInstantiationsRelatedInBothDirections	EXTRA	nongenericPartialInstantiationsRelatedInBothDirections.ts:12:1	2322	-		Type 'ObjectContaining<Foo>' is not assignable to type 'ObjectContaining<{ a: number; foo: number; }>'.	cafoo = cfoo;
compiler/objectCreationExpressionInFunctionParameter	MISS	objectCreationExpressionInFunctionParameter.ts:5:24	2345	NEVER	Argument of type 'number' is not assignable to parameter of type 'string'.		function foo(x = new A(123)) { //should error, 123 is not string
compiler/objectFreezeLiteralsDontWiden	MISS	objectFreezeLiteralsDontWiden.ts:7:1	2322	DECLINED	Type '"latest"' is not assignable to type '"1011831"'.		preferredRevision = PUPPETEER_REVISIONS.firefox;
compiler/objectFromEntries	EXTRA	objectFromEntries.ts:8:7	2322	-		Type 'readonly (string | number)[][]' is not assignable to type 'readonly [string, number][]'.	const frozenArray2: readonly [string, number][] = Object.freeze([['a', 1], ['b', 2], ['c', 3]]);
compiler/objectGroupBy	MISS	objectGroupBy.ts:9:49	2322	NEVER	Type 'Employee' is not assignable to type 'PropertyKey'.		const byNonKey = Object.groupBy(employees, x => x);
compiler/objectLiteralExcessProperties	EXTRA	objectLiteralExcessProperties.ts:13:5	2322	-		Type '({ foreword: string; } | { forwards: string; })[]' is not assignable to type 'Book[] | Book'.	var b3: Book | (Book[]) = [{ foreword: "hello" }, { forwards: "back" }];
compiler/objectLiteralExcessProperties	EXTRA	objectLiteralExcessProperties.ts:15:5	2322	-		Type '{ foreword: string; colour: string; }' is not assignable to type 'Book & Cover'.	var b4: Book & Cover = { foreword: "hi", colour: "blue" };
compiler/objectLiteralExcessProperties	EXTRA	objectLiteralExcessProperties.ts:17:5	2322	-		Type '{ foreward: string; color: string; }' is not assignable to type 'Book & Cover'.	var b5: Book & Cover = { foreward: "hi", color: "blue" };
compiler/objectLiteralExcessProperties	EXTRA	objectLiteralExcessProperties.ts:19:5	2322	-		Type '{ foreword: string; color: string; price: number; }' is not assignable to type 'Book & Cover'.	var b6: Book & Cover = { foreword: "hi", color: "blue", price: 10.99 };
compiler/objectLiteralExcessProperties	EXTRA	objectLiteralExcessProperties.ts:49:11	2322	-		Type '{ z: string; }' is not assignable to type 'object & { x: string; }'.	const obj6: object & { x: string } = { z: 'abc' }
compiler/objectLiteralFreshnessWithSpread	EXTRA	objectLiteralFreshnessWithSpread.ts:2:5	2322	-		Type '{ b: number; extra: number; a: number; z: number; }' is not assignable to type '{ a: any; b: any; }'.	let xx: { a, b }  = { a: 1, ...x, z: 3 } // error for 'z', no error for 'extra'
compiler/objectLiteralFunctionArgContextualTyping2	MISS	objectLiteralFunctionArgContextualTyping2.ts:11:6	2322	NEVER	Type '(s: any) => any' is not assignable to type '() => string'. | Target signature provides too few arguments. Expected 1 or more, but got 0.		f2({ toString: (s) => s })
compiler/objectLiteralFunctionArgContextualTyping2	MISS	objectLiteralFunctionArgContextualTyping2.ts:12:6	2322	NEVER	Type '(s: string) => string' is not assignable to type '() => string'. | Target signature provides too few arguments. Expected 1 or more, but got 0.		f2({ toString: (s: string) => s })
compiler/objectLiteralFunctionArgContextualTyping2	MISS	objectLiteralFunctionArgContextualTyping2.ts:13:17	2322	NEVER	Type '(s: any) => any' is not assignable to type '() => string'. | Target signature provides too few arguments. Expected 1 or more, but got 0.		f2({ value: '', toString: (s) => s.uhhh })
compiler/paramsOnlyHaveLiteralTypesWhenAppropriatelyContextualized	MISS	paramsOnlyHaveLiteralTypesWhenAppropriatelyContextualized.ts:27:23	2345	NEVER	Argument of type '{ x?: number[] | undefined; y?: string[] | undefined; }' is not assignable to parameter of type '{ y?: number[] | undefined; }'. | Types of property 'y' are incompatible. | Type 'string[] | undefined' is not assignable to type 'number[] | undefined'. | Type 'string[]' is not assignable to type 'number[]'. | Type 'string' is not assignable to type 'number'.		appendToOptionalArray(foo, 'y', 12);    // should fail
compiler/paramsOnlyHaveLiteralTypesWhenAppropriatelyContextualized	MISS	paramsOnlyHaveLiteralTypesWhenAppropriatelyContextualized.ts:28:23	2345	NEVER	Argument of type '{ x?: number[] | undefined; y?: string[] | undefined; }' is not assignable to parameter of type '{ x?: string[] | undefined; }'. | Types of property 'x' are incompatible. | Type 'number[] | undefined' is not assignable to type 'string[] | undefined'. | Type 'number[]' is not assignable to type 'string[]'. | Type 'number' is not assignable to type 'string'.		appendToOptionalArray(foo, 'x', "no");  // should fail
compiler/parseBigInt	MISS	parseBigInt.ts:69:15	2345	NEVER	Argument of type '0n' is not assignable to parameter of type '1n | 3n | 2n'.		oneTwoOrThree(0n); oneTwoOrThree(1n); oneTwoOrThree(2n); oneTwoOrThree(3n);
compiler/parseBigInt	MISS	parseBigInt.ts:70:15	2345	NEVER	Argument of type '0' is not assignable to parameter of type '1n | 3n | 2n'.		oneTwoOrThree(0);  oneTwoOrThree(1);  oneTwoOrThree(2);  oneTwoOrThree(3);
compiler/parseBigInt	MISS	parseBigInt.ts:70:34	2345	NEVER	Argument of type '1' is not assignable to parameter of type '1n | 3n | 2n'.		oneTwoOrThree(0);  oneTwoOrThree(1);  oneTwoOrThree(2);  oneTwoOrThree(3);
compiler/parseBigInt	MISS	parseBigInt.ts:70:53	2345	NEVER	Argument of type '2' is not assignable to parameter of type '1n | 3n | 2n'.		oneTwoOrThree(0);  oneTwoOrThree(1);  oneTwoOrThree(2);  oneTwoOrThree(3);
compiler/parseBigInt	MISS	parseBigInt.ts:70:72	2345	NEVER	Argument of type '3' is not assignable to parameter of type '1n | 3n | 2n'.		oneTwoOrThree(0);  oneTwoOrThree(1);  oneTwoOrThree(2);  oneTwoOrThree(3);
compiler/promiseChaining1	MISS	promiseChaining1.ts:7:55	2322	NEVER	Type 'string' is not assignable to type 'Function'.		var z = this.then(x => result)/*S*/.then(x => "abc")/*Function*/.then(x => x.length)/*number*/; // Should error on "abc" because it is not a Function
compiler/promiseChaining1	MISS	promiseChaining1.ts:7:84	2322	NEVER	Type 'number' is not assignable to type 'Function'.		var z = this.then(x => result)/*S*/.then(x => "abc")/*Function*/.then(x => x.length)/*number*/; // Should error on "abc" because it is not a Function
compiler/promiseChaining2	MISS	promiseChaining2.ts:7:50	2322	NEVER	Type 'string' is not assignable to type 'Function'.		var z = this.then(x => result).then(x => "abc").then(x => x.length);
compiler/promiseChaining2	MISS	promiseChaining2.ts:7:67	2322	NEVER	Type 'number' is not assignable to type 'Function'.		var z = this.then(x => result).then(x => "abc").then(x => x.length);
compiler/promisePermutations2	MISS	promisePermutations2.ts:100:19	2345	NEVER	Argument of type '(x: number, cb: <T>(a: T) => T) => Promise<string>' is not assignable to parameter of type '(value: string) => Promise<string>'. | Target signature provides too few arguments. Expected 2 or more, but got 1.		var s6b = s6.then(testFunction6P, testFunction6P, testFunction6P); // error
compiler/promisePermutations2	MISS	promisePermutations2.ts:101:19	2345	NEVER	Argument of type '(x: number, cb: <T>(a: T) => T) => Promise<string>' is not assignable to parameter of type '(value: string) => IPromise<string>'. | Target signature provides too few arguments. Expected 2 or more, but got 1.		var s6c = s6.then(testFunction6P, testFunction6, testFunction6); // error
compiler/promisePermutations2	MISS	promisePermutations2.ts:119:19	2345	NEVER	Argument of type '<T>(x: T, cb: (a: T) => T) => IPromise<T>' is not assignable to parameter of type '(value: number) => IPromise<any>'. | Target signature provides too few arguments. Expected 2 or more, but got 1.		var s8a = s8.then(testFunction8, testFunction8, testFunction8); // error
compiler/promisePermutations2	MISS	promisePermutations2.ts:120:19	2345	NEVER	Argument of type '<T>(x: T, cb: (a: T) => T) => Promise<T>' is not assignable to parameter of type '(value: number) => Promise<any>'. | Target signature provides too few arguments. Expected 2 or more, but got 1.		var s8b = s8.then(testFunction8P, testFunction8P, testFunction8P); // error
compiler/promisePermutations2	MISS	promisePermutations2.ts:121:19	2345	NEVER	Argument of type '<T>(x: T, cb: (a: T) => T) => Promise<T>' is not assignable to parameter of type '(value: number) => IPromise<any>'. | Target signature provides too few arguments. Expected 2 or more, but got 1.		var s8c = s8.then(testFunction8P, testFunction8, testFunction8); // error
compiler/promisePermutations2	MISS	promisePermutations2.ts:131:19	2345	NEVER	Argument of type '<T>(x: T, cb: <U>(a: U) => U) => IPromise<T>' is not assignable to parameter of type '(value: number) => IPromise<any>'. | Target signature provides too few arguments. Expected 2 or more, but got 1.		var s9a = s9.then(testFunction9, testFunction9, testFunction9); // error
compiler/promisePermutations2	MISS	promisePermutations2.ts:132:19	2345	NEVER	Argument of type '<T>(x: T, cb: <U>(a: U) => U) => Promise<T>' is not assignable to parameter of type '(value: number) => Promise<any>'. | Target signature provides too few arguments. Expected 2 or more, but got 1.		var s9b = s9.then(testFunction9P, testFunction9P, testFunction9P); // error
compiler/promisePermutations2	MISS	promisePermutations2.ts:133:19	2345	NEVER	Argument of type '<T>(x: T, cb: <U>(a: U) => U) => Promise<T>' is not assignable to parameter of type '(value: number) => IPromise<any>'. | Target signature provides too few arguments. Expected 2 or more, but got 1.		var s9c = s9.then(testFunction9P, testFunction9, testFunction9); // error
compiler/promisePermutations2	MISS	promisePermutations2.ts:136:33	2345	NEVER	Argument of type '(x: any) => IPromise<string>' is not assignable to parameter of type '(error: any) => IPromise<number>'. | Type 'IPromise<string>' is not assignable to type 'IPromise<number>'. | Type 'string' is not assignable to type 'number'.		var s9f = s9.then(testFunction, sIPromise, nIPromise); // error
compiler/promisePermutations2	MISS	promisePermutations2.ts:151:36	2345	NEVER	Argument of type '(x: any) => IPromise<string>' is not assignable to parameter of type '(error: any) => Promise<number>'. | Type 'IPromise<string>' is missing the following properties from type 'Promise<number>': catch, [Symbol.toStringTag]		var s10f = s10.then(testFunctionP, sIPromise, nIPromise); // error
compiler/promisePermutations2	MISS	promisePermutations2.ts:157:21	2345	NEVER	Argument of type '{ (x: number): IPromise<number>; (x: string): IPromise<string>; }' is not assignable to parameter of type '(value: number) => IPromise<string>'. | Type 'IPromise<number>' is not assignable to type 'IPromise<string>'. | Type 'number' is not assignable to type 'string'.		var s11a = s11.then(testFunction11, testFunction11, testFunction11); // ok
compiler/promisePermutations2	MISS	promisePermutations2.ts:158:21	2345	NEVER	Argument of type '{ (x: number): Promise<number>; (x: string): Promise<string>; }' is not assignable to parameter of type '(value: number) => Promise<string>'. | Type 'Promise<number>' is not assignable to type 'Promise<string>'. | Type 'number' is not assignable to type 'string'.		var s11b = s11.then(testFunction11P, testFunction11P, testFunction11P); // ok
compiler/promisePermutations2	MISS	promisePermutations2.ts:159:21	2345	NEVER	Argument of type '{ (x: number): Promise<number>; (x: string): Promise<string>; }' is not assignable to parameter of type '(value: number) => IPromise<string>'. | Type 'Promise<number>' is not assignable to type 'IPromise<string>'. | Types of property 'then' are incompatible. | Type '{ <TResult1 = number, TResult2 = never>(onfulfilled?: (value: number) => TResult1 | PromiseLike<TResult1>, onrejected?: (reason: any) => TResult2 | PromiseLike<TResult2>): Promise<TResult1 | TResult2>; <U>(success?: (value: number) => U, error?: (error: any) => U, progress?: (progress: any) => void): Promise<U>; }' is not assignable to type '{ <U>(success?: (value: string) => IPromise<U>, error?: (error: any) => IPromise<U>, progress?: (progress: any) => void): IPromise<U>; <U>(success?: (value: string) => IPromise<U>, error?: (error: any) => U, progress?: (progress: any) => void): IPromise<U>; <U>(success?: (value: string) => U, error?: (error: any) => IPromise<U>, progress?: (progress: any) => void): IPromise<U>; <U>(success?: (value: string) => U, error?: (error: any) => U, progress?: (progress: any) => void): IPromise<U>; }'. | Types of parameters 'onfulfilled' and 'success' are incompatible. | Types of parameters 'value' and 'value' are incompatible. | Type 'number' is not assignable to type 'string'.		var s11c = s11.then(testFunction11P, testFunction11, testFunction11); // ok
compiler/promisePermutations2	MISS	promisePermutations2.ts:73:70	2345	NEVER	Argument of type '(x: number) => IPromise<number>' is not assignable to parameter of type '(value: IPromise<number>) => IPromise<number>'. | Types of parameters 'x' and 'value' are incompatible. | Type 'IPromise<number>' is not assignable to type 'number'.		var s3d = s3.then(testFunction3P, testFunction3, testFunction3).then(testFunction3, testFunction3, testFunction3); // Should error
compiler/promisePermutations2	MISS	promisePermutations2.ts:81:19	2345	NEVER	Argument of type '(x: number, y?: string) => IPromise<string>' is not assignable to parameter of type '(value: string) => IPromise<string>'. | Types of parameters 'x' and 'value' are incompatible. | Type 'string' is not assignable to type 'number'.		var s4a = s4.then(testFunction4, testFunction4, testFunction4); // error
compiler/promisePermutations2	MISS	promisePermutations2.ts:82:19	2345	NEVER	Argument of type '(x: number, y?: string) => Promise<string>' is not assignable to parameter of type '(value: string) => Promise<string>'. | Types of parameters 'x' and 'value' are incompatible. | Type 'string' is not assignable to type 'number'.		var s4b = s4.then(testFunction4P, testFunction4P, testFunction4P); // error
compiler/promisePermutations2	MISS	promisePermutations2.ts:83:19	2345	NEVER	Argument of type '(x: number, y?: string) => Promise<string>' is not assignable to parameter of type '(value: string) => IPromise<string>'. | Types of parameters 'x' and 'value' are incompatible. | Type 'string' is not assignable to type 'number'.		var s4c = s4.then(testFunction4P, testFunction4, testFunction4); // error
compiler/promisePermutations2	MISS	promisePermutations2.ts:90:19	2345	NEVER	Argument of type '(x: number, cb: (a: string) => string) => IPromise<string>' is not assignable to parameter of type '(value: string) => IPromise<string>'. | Target signature provides too few arguments. Expected 2 or more, but got 1.		var s5a = s5.then(testFunction5, testFunction5, testFunction5); // error
compiler/promisePermutations2	MISS	promisePermutations2.ts:91:19	2345	NEVER	Argument of type '(x: number, cb: (a: string) => string) => Promise<string>' is not assignable to parameter of type '(value: string) => Promise<string>'. | Target signature provides too few arguments. Expected 2 or more, but got 1.		var s5b = s5.then(testFunction5P, testFunction5P, testFunction5P); // error
compiler/promisePermutations2	MISS	promisePermutations2.ts:92:19	2345	NEVER	Argument of type '(x: number, cb: (a: string) => string) => Promise<string>' is not assignable to parameter of type '(value: string) => IPromise<string>'. | Target signature provides too few arguments. Expected 2 or more, but got 1.		var s5c = s5.then(testFunction5P, testFunction5, testFunction5); // error
compiler/promisePermutations2	MISS	promisePermutations2.ts:99:19	2345	NEVER	Argument of type '(x: number, cb: <T>(a: T) => T) => IPromise<string>' is not assignable to parameter of type '(value: string) => IPromise<string>'. | Target signature provides too few arguments. Expected 2 or more, but got 1.		var s6a = s6.then(testFunction6, testFunction6, testFunction6); // error
compiler/propTypeValidatorInference	EXTRA	file.ts:53:7	2322	-		Type 'ExtractedProps extends ExtractedPropsWithoutAnnotation ? true : false' is not assignable to type 'true'.	const x: true = (null as any as ExtractPropsMatch);
compiler/quickIntersectionCheckCorrectlyCachesErrors	MISS	quickIntersectionCheckCorrectlyCachesErrors.tsx:9:15	2345	NEVER	Argument of type 'F<CP>' is not assignable to parameter of type 'F<unknown>'. | Types of parameters 'props' and 'props' are incompatible. | Type '{ children?: boolean | undefined; }' is not assignable to type 'CP & { children?: boolean | undefined; }'. | Type '{ children?: boolean | undefined; }' is not assignable to type 'CP'. | 'CP' could be instantiated with an arbitrary type which could be unrelated to '{ children?: boolean | undefined; }'.		g(CC)
compiler/quickinfoTypeAtReturnPositionsInaccurate	EXTRA	quickinfoTypeAtReturnPositionsInaccurate.ts:35:24	2345	-		Argument of type 'Entries[EntryId]' is not assignable to parameter of type 'NumClass<number> | StrClass<string>'.	if (isNumClass(entry)) {
compiler/quickinfoTypeAtReturnPositionsInaccurate	EXTRA	quickinfoTypeAtReturnPositionsInaccurate.ts:63:24	2345	-		Argument of type 'Slices[SliceId][SliceKey]' is not assignable to parameter of type 'NumClass<number> | StrClass<string>'.	if (isNumClass(item)) {
compiler/quickinfoTypeAtReturnPositionsInaccurate	EXTRA	quickinfoTypeAtReturnPositionsInaccurate.ts:80:24	2345	-		Argument of type 'Slices[SliceId][SliceKey]' is not assignable to parameter of type 'NumClass<number> | StrClass<string>'.	if (isNumClass(item)) {
compiler/recursiveComplicatedClasses	MISS	recursiveComplicatedClasses.ts:13:27	2345	NEVER	Argument of type 'TypeSymbol' is not assignable to parameter of type 'Symbol'. | Type 'InferenceSymbol' is missing the following properties from type 'Symbol': [Symbol.toPrimitive], [Symbol.toStringTag]		return aEnclosesB(b);
compiler/recursiveConditionalTypes	MISS	recursiveConditionalTypes.ts:117:9	2345	NEVER	Argument of type 'Grow2<[], T>' is not assignable to parameter of type 'Grow1<[], T>'. | Type '[] | Grow2<[string], T>' is not assignable to type 'Grow1<[], T>'. | Type '[]' is not assignable to type 'Grow1<[], T>'. | Type 'Grow2<[string], T>' is not assignable to type 'Grow1<[number], T>'. | Type '[string] | Grow2<[string, string], T>' is not assignable to type 'Grow1<[number], T>'. | Type '[string]' is not assignable to type 'Grow1<[number], T>'. | Type '[string]' is not assignable to type '[number]'. | Type 'string' is not assignable to type 'number'.		f21(y, x);  // Error
compiler/recursiveConditionalTypes	MISS	recursiveConditionalTypes.ts:169:5	2322	DECLINED	Type 'number' is not assignable to type 'Enumerate<T["length"]>'.		return value.length;  // Error
compiler/recursiveConditionalTypes	MISS	recursiveConditionalTypes.ts:21:5	2322	DECLINED	Type 'T' is not assignable to type '__Awaited<T>'.		ta = tx;  // Error
compiler/recursiveConditionalTypes	MISS	recursiveConditionalTypes.ts:22:5	2322	DECLINED	Type '__Awaited<T>' is not assignable to type 'T'. | 'T' could be instantiated with an arbitrary type which could be unrelated to '__Awaited<T>'.		tx = ta;  // Error
compiler/recursiveConditionalTypes	MISS	recursiveConditionalTypes.ts:50:5	2322	DECLINED	Type 'TupleOf<number, M>' is not assignable to type 'TupleOf<number, N>'. | Type 'number extends M ? number[] : _TupleOf<number, M, []>' is not assignable to type 'TupleOf<number, N>'. | Type 'number[] | _TupleOf<number, M, []>' is not assignable to type 'TupleOf<number, N>'. | Type 'number[]' is not assignable to type 'TupleOf<number, N>'.		tn = tm;
compiler/recursiveTupleTypeInference	MISS	recursiveTupleTypeInference.ts:23:5	2345	NEVER	Argument of type '{ b: A; }' is not assignable to parameter of type 'G<{ b: unknown; }>'. | Types of property 'b' are incompatible. | Type 'A' is not assignable to type '[never, "null"]'. | Type 'string' is not assignable to type '[never, "null"]'.		foo(gK);
compiler/recursiveTypeRelations	MISS	recursiveTypeRelations.ts:27:55	2345	NEVER	Argument of type '(obj: ClassNameObject, key: keyof S) => ClassNameObject' is not assignable to parameter of type '(previousValue: ClassNameObject, currentValue: string, currentIndex: number, array: string[]) => ClassNameObject'. | Types of parameters 'key' and 'currentValue' are incompatible. | Type 'string' is not assignable to type 'keyof S'.		return Object.keys(arg).reduce<ClassNameObject>((obj: ClassNameObject, key: keyof S) => {
compiler/relatedViaDiscriminatedTypeNoError2	EXTRA	relatedViaDiscriminatedTypeNoError2.ts:9:1	2322	-		Type 'AOrBObj' is not assignable to type 'AObjOrBObj'.	x = y;
compiler/requiredMappedTypeModifierTrumpsVariance	MISS	requiredMappedTypeModifierTrumpsVariance.ts:18:1	2322	DECLINED	Type 'Foo<{ b?: 1 | undefined; x: 1; }>' is not assignable to type 'Foo<{ a?: 1 | undefined; x: 1; }>'. | Types of property 'a' are incompatible. | Property 'a' is missing in type 'Required<{ b?: 1 | undefined; x: 1; }>' but required in type 'Required<{ a?: 1 | undefined; x: 1; }>'.		AA = bb; // Should Error
compiler/requiredMappedTypeModifierTrumpsVariance	MISS	requiredMappedTypeModifierTrumpsVariance.ts:19:1	2322	DECLINED	Type 'Foo<{ a?: 1 | undefined; x: 1; }>' is not assignable to type 'Foo<{ b?: 1 | undefined; x: 1; }>'. | Types of property 'a' are incompatible. | Property 'b' is missing in type 'Required<{ a?: 1 | undefined; x: 1; }>' but required in type 'Required<{ b?: 1 | undefined; x: 1; }>'.		BB = aa; // Should Error
compiler/reverseMappedTypeContextualTypeNotCircular	MISS	reverseMappedTypeContextualTypeNotCircular.ts:10:3	2322	NEVER	Type '(state: any, props: any) => {}' is not assignable to type 'Selector<unknown, {}>'. | Target signature provides too few arguments. Expected 2 or more, but got 1.		editable: (state: any, props: any) => editable(), // expect "Type '(state: any, props: any) => {}' is not assignable to type 'Selector<unknown, {}>'", _not_ a c
compiler/reverseMappedTypeIntersectionConstraint	MISS	reverseMappedTypeIntersectionConstraint.ts:19:7	2322	NEVER	Type '"bar"' is not assignable to type '"foo"'.		entry: "bar",
compiler/reverseMappedTypeIntersectionConstraint	MISS	reverseMappedTypeIntersectionConstraint.ts:59:7	2322	DECLINED	Type '{ [K in keyof T & keyof Stuff]: T[K]; }' is not assignable to type 'T'. | '{ [K in keyof T & keyof Stuff]: T[K]; }' is assignable to the constraint of type 'T', but 'T' could be instantiated with a different subtype of constraint 'Stuff'.		return s
compiler/reverseMappedTypeIntersectionConstraint	MISS	reverseMappedTypeIntersectionConstraint.ts:69:7	2322	DECLINED	Type '{ [K in keyof T & keyof Stuff]: T[K]; }[]' is not assignable to type 'T[]'. | Type '{ [K in keyof T & keyof Stuff]: T[K]; }' is not assignable to type 'T'. | '{ [K in keyof T & keyof Stuff]: T[K]; }' is assignable to the constraint of type 'T', but 'T' could be instantiated with a different subtype of constraint 'Stuff'.		return arr
compiler/shorthandPropertyAssignmentsInDestructuring_ES6	MISS	shorthandPropertyAssignmentsInDestructuring_ES6.ts:38:9	2322	NEVER	Type 'number' is not assignable to type 'string'.		for ({ s3 = 5 } of [{ s3: "" }]) {
compiler/shorthandPropertyAssignmentsInDestructuring_ES6	MISS	shorthandPropertyAssignmentsInDestructuring_ES6.ts:70:5	2322	NEVER	Type 'number' is not assignable to type 'string'.		({ y1 = 5 } = {})
compiler/shorthandPropertyAssignmentsInDestructuring_ES6	MISS	shorthandPropertyAssignmentsInDestructuring_ES6.ts:80:20	2322	NEVER	Type 'number' is not assignable to type 'string'.		({ y2 = 5, y3 = { x: 1 } } = {})
compiler/shorthandPropertyAssignmentsInDestructuring_ES6	MISS	shorthandPropertyAssignmentsInDestructuring_ES6.ts:80:5	2322	NEVER	Type 'number' is not assignable to type 'string'.		({ y2 = 5, y3 = { x: 1 } } = {})
compiler/signatureCombiningRestParameters1	MISS	signatureCombiningRestParameters1.ts:17:6	2345	NEVER	Argument of type 'any' is not assignable to parameter of type 'never'.		fn(...args);
compiler/spellingSuggestionJSXAttribute	MISS	spellingSuggestionJSXAttribute.tsx:10:8	2322	NEVER	Type '{ for: string; }' is not assignable to type 'DetailedHTMLProps<LabelHTMLAttributes<HTMLLabelElement>, HTMLLabelElement>'. | Property 'for' does not exist on type 'DetailedHTMLProps<LabelHTMLAttributes<HTMLLabelElement>, HTMLLabelElement>'. Did you mean 'htmlFor'?		<label for="" />;
compiler/spellingSuggestionJSXAttribute	MISS	spellingSuggestionJSXAttribute.tsx:11:8	2322	NEVER	Type '{ for: string; class: string; }' is not assignable to type 'DetailedHTMLProps<LabelHTMLAttributes<HTMLLabelElement>, HTMLLabelElement>'. | Property 'for' does not exist on type 'DetailedHTMLProps<LabelHTMLAttributes<HTMLLabelElement>, HTMLLabelElement>'. Did you mean 'htmlFor'?		<label for="" class="" />;
compiler/spellingSuggestionJSXAttribute	MISS	spellingSuggestionJSXAttribute.tsx:8:4	2322	NEVER	Type '{ class: string; }' is not assignable to type 'DetailedHTMLProps<AnchorHTMLAttributes<HTMLAnchorElement>, HTMLAnchorElement>'. | Property 'class' does not exist on type 'DetailedHTMLProps<AnchorHTMLAttributes<HTMLAnchorElement>, HTMLAnchorElement>'. Did you mean 'className'?		<a class="" />;
compiler/spellingSuggestionJSXAttribute	MISS	spellingSuggestionJSXAttribute.tsx:9:4	2322	NEVER	Type '{ for: string; }' is not assignable to type 'DetailedHTMLProps<AnchorHTMLAttributes<HTMLAnchorElement>, HTMLAnchorElement>'. | Property 'for' does not exist on type 'DetailedHTMLProps<AnchorHTMLAttributes<HTMLAnchorElement>, HTMLAnchorElement>'.		<a for="" />; // should have no fix
compiler/staticAnonymousTypeNotReferencingTypeParameter	EXTRA	staticAnonymousTypeNotReferencingTypeParameter.ts:10:5	2322	-		Type 'T' is not assignable to type 'number'.	let y: number = outer(5).y;
compiler/strictNullNotNullIndexTypeNoLib	EXTRA	strictNullNotNullIndexTypeNoLib.ts:23:9	2322	-		Type 'number | undefined' is not assignable to type 'number'.	return foo;
compiler/strictNullNotNullIndexTypeShouldWork	EXTRA	strictNullNotNullIndexTypeShouldWork.ts:22:9	2322	-		Type 'number | undefined' is not assignable to type 'number'.	return foo;
compiler/strictOptionalProperties1	EXTRA	strictOptionalProperties1.ts:177:8	2345	-		Argument of type 'number | undefined' is not assignable to parameter of type 'number'.	bb(notUndefinedVal);
compiler/strictOptionalProperties1	EXTRA	strictOptionalProperties1.ts:53:5	2322	-		Type 'undefined' is not assignable to type 'string'.	obj.a = undefined;  // Error
compiler/strictOptionalProperties1	EXTRA	strictOptionalProperties1.ts:54:5	2322	-		Type 'undefined' is not assignable to type 'string'.	obj.b = undefined;
compiler/strictOptionalProperties1	EXTRA	strictOptionalProperties1.ts:7:5	2322	-		Type 'undefined' is not assignable to type 'string'.	obj.b = undefined;
compiler/strictOptionalProperties1	MISS	strictOptionalProperties1.ts:60:5	2322	DECLINED	Type 'undefined' is not assignable to type 'string'.		t[0] = undefined;  // Error
compiler/superWithTypeArgument3	MISS	superWithTypeArgument3.ts:11:22	2345	NEVER	Argument of type 'null' is not assignable to parameter of type 'T'. | 'T' could be instantiated with an arbitrary type which could be unrelated to 'null'.		super.bar<T>(null);
compiler/taggedTemplatesWithIncompleteTemplateExpressions3	MISS	taggedTemplatesWithIncompleteTemplateExpressions3.ts:5:18	2345	NEVER	Argument of type 'number' is not assignable to parameter of type 'string'.		f `123qdawdrqw${ 1 }${
compiler/taggedTemplatesWithIncompleteTemplateExpressions6	MISS	taggedTemplatesWithIncompleteTemplateExpressions6.ts:5:18	2345	NEVER	Argument of type 'number' is not assignable to parameter of type 'string'.		f `123qdawdrqw${ 1 }${
compiler/targetTypeBaseCalls	MISS	targetTypeBaseCalls.ts:17:61	2322	NOTREPORTABLE	Type 'number' is not assignable to type 'string'.		class Bar extends Foo { constructor() { super(function(s) { s = 5 }) } }  // error, if types are applied correctly
compiler/templateStringsArrayTypeRedefinedInES6Mode	EXTRA	templateStringsArrayTypeRedefinedInES6Mode.ts:7:3	2345	-		Argument of type '{}' is not assignable to parameter of type 'TemplateStringsArray'.	f({}, 10, 10);
compiler/thislessFunctionsNotContextSensitive1	MISS	thislessFunctionsNotContextSensitive1.ts:25:3	2345	NEVER	Argument of type 'false' is not assignable to parameter of type 'true'.		false, // error
compiler/topFunctionTypeNotCallable	MISS	topFunctionTypeNotCallable.ts:4:1	2345	NEVER	Argument of type '[]' is not assignable to parameter of type 'never'.		foo(); // error
compiler/tsxNotUsingApparentTypeOfSFC	MISS	tsxNotUsingApparentTypeOfSFC.tsx:14:14	2322	NEVER	Type '{}' is not assignable to type 'P'. | 'P' could be instantiated with an arbitrary type which could be unrelated to '{}'.		let x = <MySFC />;  // should error
compiler/tsxNotUsingApparentTypeOfSFC	MISS	tsxNotUsingApparentTypeOfSFC.tsx:17:14	2322	NEVER	Type 'P' is not assignable to type 'IntrinsicAttributes & P'. | Type 'P' is not assignable to type 'IntrinsicAttributes'.		let z = <MySFC {...wrappedProps} /> // should work
compiler/typeArgInference2	MISS	typeArgInference2.ts:9:16	2322	NEVER	Type 'null' is not assignable to type 'string'.		var z3 = foo({ name: null });         // { name: any }
compiler/typeArgumentConstraintResolution1	MISS	typeArgumentConstraintResolution1.ts:11:12	2345	NEVER	Argument of type 'string' is not assignable to parameter of type 'Date'.		foo2<Date>(""); // Type Date does not satisfy the constraint 'Number' for type parameter 'T extends Number'
compiler/typeArgumentConstraintResolution1	MISS	typeArgumentConstraintResolution1.ts:4:12	2345	NEVER	Argument of type 'string' is not assignable to parameter of type 'Date'.		foo1<Date>(""); // should error
compiler/typeArgumentDefaultUsesConstraintOnCircularDefault	EXTRA	typeArgumentDefaultUsesConstraintOnCircularDefault.ts:3:5	2322	-		Type '{ foo: string; }' is not assignable to type 'Test<any>'.	let zz: Test = { foo: "abc" };  // should error on comparison with Test<string>
compiler/typeAssignabilityErrorMessage	MISS	typeAssignabilityErrorMessage.ts:40:5	2322	DECLINED	Type 'Foo<string>' is not assignable to type 'Bar<number>'. | Type 'Foo<string>' is not assignable to type '{ foo: { what: number; }; }'. | The types of 'foo.what' are incompatible between these types. | Type 'string' is not assignable to type 'number'.		let a: Bar<number> = fooStr;
compiler/typeAssignabilityErrorMessage	MISS	typeAssignabilityErrorMessage.ts:42:5	2345	NEVER	Argument of type 'OtherWrap' is not assignable to parameter of type 'Wrap'. | Types of property 'someProp' are incompatible. | Type 'Foo<string>' is not assignable to type 'Bar<number>'. | Type 'Foo<string>' is not assignable to type '{ foo: { what: number; }; }'. | The types of 'foo.what' are incompatible between these types. | Type 'string' is not assignable to type 'number'.		fun(otherWrap);
compiler/typeParameterHasSelfAsConstraint	MISS	typeParameterHasSelfAsConstraint.ts:2:5	2322	DECLINED	Type 'T' is not assignable to type 'number'.		return x;
compiler/undefinedAssignableToGenericMappedIntersection	MISS	undefinedAssignableToGenericMappedIntersection.ts:5:5	2322	DECLINED	Type 'undefined' is not assignable to type 'Errors<T>[keyof T]'.		obj[x] = undefined;
compiler/unionRelationshipCheckPasses	EXTRA	unionRelationshipCheckPasses.ts:1:7	2322	-		Type '{ foo?: number | undefined; }' is not assignable to type '{ foo?: undefined; } | { foo: number; }'.	const item: { foo?: undefined } | { foo: number } = null as any as { foo?: number | undefined };
compiler/uniqueSymbolAllowsIndexInObjectWithIndexSignature	EXTRA	uniqueSymbolAllowsIndexInObjectWithIndexSignature.ts:10:5	2322	-		Type '{ [SYM]: "str"; }' is not assignable to type 'I'.	let b: I = {[SYM]: 'str'}; // Expect error
compiler/unwitnessedTypeParameterVariance	EXTRA	unwitnessedTypeParameterVariance.ts:11:11	2322	-		Type 'CalcObj<unknown>' is not assignable to type 'CalcObj<O>'.	const x: CalcObj<O> = unk;
compiler/unwitnessedTypeParameterVariance	EXTRA	unwitnessedTypeParameterVariance.ts:23:1	2322	-		Type 'A<number>' is not assignable to type 'A<3>'.	b = a;
compiler/widenedTypes	EXTRA	widenedTypes.ts:12:5	2322	-		Type '3' is not assignable to type 'undefined'.	var x: typeof undefined = 3;
conformance/arbitraryModuleNamespaceIdentifiers_exportEmpty	MISS	arbitraryModuleNamespaceIdentifiers_exportEmpty.ts:6:7	2322	NOTREPORTABLE	Type '"empty"' is not assignable to type '"type error expected here"'.		const bar: "type error expected here" = foo;
conformance/argumentExpressionContextualTyping	MISS	argumentExpressionContextualTyping.ts:18:5	2345	NEVER	Argument of type '{ x: (string | number)[]; y: { c: boolean; d: string; e: number; }; }' is not assignable to parameter of type '{ x: [any, any]; y: { c: any; d: any; e: any; }; }'. | Types of property 'x' are incompatible. | Type '(string | number)[]' is not assignable to type '[any, any]'. | Target requires 2 element(s) but source may have fewer.		foo(o);                              // Error because x has an array type namely (string|number)[]
conformance/assignFromBooleanInterface2	EXTRA	assignFromBooleanInterface2.ts:17:1	2322	-		Type 'boolean' is not assignable to type 'NotBoolean'.	b = x;
conformance/assignFromNumberInterface2	EXTRA	assignFromNumberInterface2.ts:22:1	2322	-		Type 'number' is not assignable to type 'NotNumber'.	b = x;
conformance/assignmentCompatWithDiscriminatedUnion	EXTRA	assignmentCompatWithDiscriminatedUnion.ts:104:5	2322	-		Type 'Style2' is not assignable to type 'Style1'.	b = a; // should be assignable
conformance/assignmentCompatWithDiscriminatedUnion	EXTRA	assignmentCompatWithDiscriminatedUnion.ts:118:21	2345	-		Argument of type '{ color: "blue" | "yellow" | undefined; }' is not assignable to parameter of type 'Blue | Yellow'.	return draw({ color: currentColor });
conformance/assignmentCompatWithDiscriminatedUnion	EXTRA	assignmentCompatWithDiscriminatedUnion.ts:139:11	2322	-		Type '{ type: IAxisType; }' is not assignable to type 'IAxis'.	const bad: IAxis = { type: getAxisType() };
conformance/assignmentCompatWithDiscriminatedUnion	EXTRA	assignmentCompatWithDiscriminatedUnion.ts:159:9	2322	-		Type '{ type: ThingType; }' is not assignable to type 'Thing'.	return {
conformance/assignmentCompatWithDiscriminatedUnion	EXTRA	assignmentCompatWithDiscriminatedUnion.ts:15:5	2322	-		Type 'S' is not assignable to type 'T'.	t = s;
conformance/assignmentCompatWithDiscriminatedUnion	EXTRA	assignmentCompatWithDiscriminatedUnion.ts:175:20	2345	-		Argument of type '{ type: "activate" | "disactivate"; }' is not assignable to parameter of type 'Action'.	dispatchAction({ type : (active? 'disactivate' : 'activate') });
conformance/assignmentCompatWithDiscriminatedUnion	EXTRA	assignmentCompatWithDiscriminatedUnion.ts:189:15	2322	-		Type '{ type: "A1" | "A2"; }' is not assignable to type 'AU'.	const obj2: AU = {
conformance/assignmentCompatWithDiscriminatedUnion	EXTRA	assignmentCompatWithDiscriminatedUnion.ts:200:11	2322	-		Type '["c", string] | ["a" | "b", number]' is not assignable to type 'A'.	const a: A = b === "a" || b === "b" ? [b, 1] : ["c", ""];
conformance/assignmentCompatWithDiscriminatedUnion	EXTRA	assignmentCompatWithDiscriminatedUnion.ts:216:19	2345	-		Argument of type '{ kind: MyEnum; id: number | undefined; }' is not assignable to parameter of type 'MyType'.	something({ kind, id });
conformance/assignmentCompatWithDiscriminatedUnion	EXTRA	assignmentCompatWithDiscriminatedUnion.ts:222:13	2322	-		Type '{ kind: "a" | "b"; value: number | undefined; }' is not assignable to type 'Foo'.	let x1: Foo = obj;
conformance/assignmentCompatWithDiscriminatedUnion	EXTRA	assignmentCompatWithDiscriminatedUnion.ts:223:13	2322	-		Type '{ kind: "a" | "b"; value: number | undefined; }' is not assignable to type 'Foo'.	let x2: Foo = { kind: obj.kind, value: obj.value };
conformance/assignmentCompatWithDiscriminatedUnion	EXTRA	assignmentCompatWithDiscriminatedUnion.ts:29:5	2322	-		Type 'S' is not assignable to type 'T'.	t = s;
conformance/assignmentCompatWithGenericCallSignatures4	MISS	assignmentCompatWithGenericCallSignatures4.ts:12:1	2322	DECLINED	Type '<T extends I2<T>>(z: T) => void' is not assignable to type '<T extends I2<I2<T>>>(z: T) => void'. | Types of parameters 'z' and 'z' are incompatible. | Type 'T' is not assignable to type 'I2<T>'. | Type 'I2<I2<T>>' is not assignable to type 'I2<T>'. | Type 'I2<T>' is not assignable to type 'T'. | 'T' could be instantiated with an arbitrary type which could be unrelated to 'I2<T>'.		y = x
conformance/callSignatureWithOptionalParameterAndInitializer	MISS	callSignatureWithOptionalParameterAndInitializer.ts:45:32	2322	NEVER	Type 'string' is not assignable to type 'number'.		a: function foo(x: number, y?: number = '') { },
conformance/callWithSpread2	MISS	callWithSpread2.ts:27:5	2345	NEVER	Argument of type 'string | number' is not assignable to parameter of type 'number | undefined'. | Type 'string' is not assignable to type 'number'.		all(...mixed)
conformance/callWithSpread2	MISS	callWithSpread2.ts:28:5	2345	NEVER	Argument of type 'string' is not assignable to parameter of type 'number'.		all(...tuple)
conformance/callWithSpread2	MISS	callWithSpread2.ts:29:13	2345	NEVER	Argument of type 'string | number' is not assignable to parameter of type 'number | undefined'. | Type 'string' is not assignable to type 'number'.		prefix("b", ...mixed)
conformance/callWithSpread2	MISS	callWithSpread2.ts:30:13	2345	NEVER	Argument of type 'string' is not assignable to parameter of type 'number'.		prefix("c", ...tuple)
conformance/callWithSpread2	MISS	callWithSpread2.ts:31:11	2345	NEVER	Argument of type 'string | number' is not assignable to parameter of type 'number | undefined'. | Type 'string' is not assignable to type 'number'.		rest("e", ...mixed)
conformance/callWithSpread2	MISS	callWithSpread2.ts:32:11	2345	NEVER	Argument of type 'string' is not assignable to parameter of type 'number'.		rest("f", ...tuple)
conformance/callWithSpread2	MISS	callWithSpread2.ts:35:8	2345	NEVER	Argument of type 'number' is not assignable to parameter of type 'string'.		prefix(...tuple)
conformance/callWithSpread3	MISS	callWithSpread3.ts:21:6	2345	NEVER	Argument of type 'number' is not assignable to parameter of type 'string'.		fs2_(...s2n_); // error on ...s2n_
conformance/callWithSpread3	MISS	callWithSpread3.ts:25:7	2345	NEVER	Argument of type 'string' is not assignable to parameter of type 'number'.		fs2n_(...s2_); // error on ...s2_
conformance/callWithSpread5	MISS	callWithSpread5.ts:6:4	2345	NEVER	Argument of type 'number | undefined' is not assignable to parameter of type 'number'. | Type 'undefined' is not assignable to type 'number'.		fn(...nnnu, x)
conformance/chained2	EXTRA	/d.ts:4:7	2322	-		Type '{}' is not assignable to type 'types.A'.	const a: types.A = {};
conformance/chained2	EXTRA	/d.ts:5:7	2322	-		Type '{}' is not assignable to type 'types.B'.	const b: types.B = {};
conformance/checkJsdocSatisfiesTag15	MISS	/a.js:9:20	2322	NEVER	Type 'number' is not assignable to type 'string'.		export const v2 = [123]; // error
conformance/checkJsdocSatisfiesTag8	MISS	/a.js:6:5	2322	NEVER	Type 'string' is not assignable to type 'boolean'.		s: "false"
conformance/checkJsxChildrenProperty15	MISS	file.tsx:13:13	2322	NEVER	Type '{ key: string; children: Element; }' is not assignable to type 'IntrinsicAttributes'. | Property 'children' does not exist on type 'IntrinsicAttributes'.		const k4 = <Tag key="1"><div></div></Tag>;
conformance/checkJsxChildrenProperty15	MISS	file.tsx:14:13	2322	NEVER	Type '{ key: string; children: Element[]; }' is not assignable to type 'IntrinsicAttributes'. | Property 'children' does not exist on type 'IntrinsicAttributes'.		const k5 = <Tag key="1"><div></div><div></div></Tag>;
conformance/checkJsxChildrenProperty2	EXTRA	file.tsx:16:10	2322	-		Type '{ a: number; b: string; }' is not assignable to type 'IntrinsicAttributes & Prop'.	let k = <Comp a={10} b="hi" />;
conformance/checkJsxChildrenProperty4	EXTRA	file.tsx:34:10	2322	-		Type '{ children: (((user: IUser) => Element) | ((user: IUser) => Element))[]; }' is not assignable to type 'IntrinsicAttributes & IntrinsicClassAttributes<FetchUser> & IFetchUserProps & { children?: ReactNode; }'.	<FetchUser>
conformance/checkJsxChildrenProperty4	MISS	file.tsx:38:15	2322	NEVER	Type '(user: IUser) => Element' is not assignable to type 'boolean | any[] | ReactChild'.		{ user => (
conformance/checkJsxChildrenProperty4	MISS	file.tsx:41:15	2322	NEVER	Type '(user: IUser) => Element' is not assignable to type 'boolean | any[] | ReactChild'.		{ user => (
conformance/checkJsxChildrenProperty5	EXTRA	file.tsx:22:10	2322	-		Type '{ a: number; b: string; }' is not assignable to type 'IntrinsicAttributes & Prop'.	let k = <Comp a={10} b="hi" />;
conformance/checkJsxChildrenProperty5	MISS	file.tsx:27:9	2322	REPORTED	Type 'Element' is not assignable to type 'Button'. | Type 'ReactElement<any>' is missing the following properties from type 'Button': render, setState, forceUpdate, state, and 2 more.		<Button />
conformance/conditionalTypes1	EXTRA	conditionalTypes1.ts:105:5	2322	-		Type 'T' is not assignable to type 'FunctionProperties<T>'.	y = x;
conformance/conditionalTypes1	EXTRA	conditionalTypes1.ts:107:5	2322	-		Type 'T' is not assignable to type 'NonFunctionProperties<T>'.	z = x;
conformance/conditionalTypes1	MISS	conditionalTypes1.ts:106:5	2322	DECLINED	Type 'NonFunctionProperties<T>' is not assignable to type 'FunctionProperties<T>'. | Type 'FunctionPropertyNames<T>' is not assignable to type 'NonFunctionPropertyNames<T>'. | Type 'keyof T' is not assignable to type 'T[keyof T] extends Function ? never : keyof T'. | Type 'string | number | symbol' is not assignable to type 'T[keyof T] extends Function ? never : keyof T'. | Type 'string' is not assignable to type 'T[keyof T] extends Function ? never : keyof T'. | Type 'keyof T' is not assignable to type 'never'. | Type 'string | number | symbol' is not assignable to type 'never'. | Type 'string' is not assignable to type 'never'.		y = z;  // Error
conformance/conditionalTypes1	MISS	conditionalTypes1.ts:108:5	2322	DECLINED	Type 'FunctionProperties<T>' is not assignable to type 'NonFunctionProperties<T>'. | Type 'NonFunctionPropertyNames<T>' is not assignable to type 'FunctionPropertyNames<T>'. | Type 'keyof T' is not assignable to type 'T[keyof T] extends Function ? keyof T : never'. | Type 'string | number | symbol' is not assignable to type 'T[keyof T] extends Function ? keyof T : never'. | Type 'string' is not assignable to type 'T[keyof T] extends Function ? keyof T : never'. | Type 'keyof T' is not assignable to type 'never'. | Type 'string | number | symbol' is not assignable to type 'never'. | Type 'string' is not assignable to type 'never'.		z = y;  // Error
conformance/conditionalTypes1	MISS	conditionalTypes1.ts:114:5	2322	NOTREPORTABLE	Type 'keyof T' is not assignable to type 'FunctionPropertyNames<T>'. | Type 'string | number | symbol' is not assignable to type 'T[keyof T] extends Function ? keyof T : never'. | Type 'string' is not assignable to type 'T[keyof T] extends Function ? keyof T : never'.		y = x;  // Error
conformance/conditionalTypes1	MISS	conditionalTypes1.ts:115:5	2322	DECLINED	Type 'NonFunctionPropertyNames<T>' is not assignable to type 'FunctionPropertyNames<T>'. | Type 'keyof T' is not assignable to type 'T[keyof T] extends Function ? keyof T : never'. | Type 'string | number | symbol' is not assignable to type 'T[keyof T] extends Function ? keyof T : never'. | Type 'string' is not assignable to type 'T[keyof T] extends Function ? keyof T : never'. | Type 'keyof T' is not assignable to type 'never'. | Type 'string | number | symbol' is not assignable to type 'never'. | Type 'string' is not assignable to type 'never'.		y = z;  // Error
conformance/conditionalTypes1	MISS	conditionalTypes1.ts:116:5	2322	NOTREPORTABLE	Type 'keyof T' is not assignable to type 'NonFunctionPropertyNames<T>'. | Type 'string | number | symbol' is not assignable to type 'T[keyof T] extends Function ? never : keyof T'. | Type 'string' is not assignable to type 'T[keyof T] extends Function ? never : keyof T'.		z = x;  // Error
conformance/conditionalTypes1	MISS	conditionalTypes1.ts:117:5	2322	DECLINED	Type 'FunctionPropertyNames<T>' is not assignable to type 'NonFunctionPropertyNames<T>'. | Type 'keyof T' is not assignable to type 'T[keyof T] extends Function ? never : keyof T'. | Type 'string | number | symbol' is not assignable to type 'T[keyof T] extends Function ? never : keyof T'. | Type 'string' is not assignable to type 'T[keyof T] extends Function ? never : keyof T'. | Type 'keyof T' is not assignable to type 'never'. | Type 'string | number | symbol' is not assignable to type 'never'. | Type 'string' is not assignable to type 'never'.		z = y;  // Error
conformance/conditionalTypes1	MISS	conditionalTypes1.ts:159:5	2322	DECLINED	Type 'ZeroOf<T>' is not assignable to type 'T'. | 'ZeroOf<T>' is assignable to the constraint of type 'T', but 'T' could be instantiated with a different subtype of constraint 'string | number'. | Type 'string | number' is not assignable to type 'T'. | 'string | number' is assignable to the constraint of type 'T', but 'T' could be instantiated with a different subtype of constraint 'string | number'. | Type 'string' is not assignable to type 'T'. | 'string' is assignable to the constraint of type 'T', but 'T' could be instantiated with a different subtype of constraint 'string | number'.		x = y;  // Error
conformance/conditionalTypes1	MISS	conditionalTypes1.ts:160:5	2322	DECLINED	Type 'T' is not assignable to type 'ZeroOf<T>'. | Type 'string | number' is not assignable to type 'ZeroOf<T>'. | Type 'string' is not assignable to type 'ZeroOf<T>'.		y = x;  // Error
conformance/conditionalTypes1	MISS	conditionalTypes1.ts:288:43	2322	DECLINED	Type 'T95<U>' is not assignable to type 'T94<U>'. | Type 'number | boolean' is not assignable to type 'T94<U>'. | Type 'number' is not assignable to type 'T94<U>'. | Type 'boolean' is not assignable to type 'true'.		const f45 = <U>(value: T95<U>): T94<U> => value;  // Error
conformance/conditionalTypes2	EXTRA	conditionalTypes2.ts:117:19	2345	-		Argument of type 'T' is not assignable to parameter of type 'object | Function'.	toString1(value);
conformance/conditionalTypes2	EXTRA	conditionalTypes2.ts:118:19	2345	-		Argument of type 'T' is not assignable to parameter of type 'Function'.	toString2(value);
conformance/conditionalTypes2	EXTRA	conditionalTypes2.ts:42:15	2322	-		Type 'T' is not assignable to type 'Function'.	const f: Function = x;
conformance/conditionalTypes2	EXTRA	conditionalTypes2.ts:67:12	2345	-		Argument of type 'Extract<Extract<T, Foo>, Bar>' is not assignable to parameter of type '{ foo: string; bar: string; }'.	fooBar(x);
conformance/conditionalTypes2	EXTRA	conditionalTypes2.ts:68:12	2345	-		Argument of type 'Extract<T, Foo & Bar>' is not assignable to parameter of type '{ foo: string; bar: string; }'.	fooBar(y);
conformance/conditionalTypes2	EXTRA	conditionalTypes2.ts:69:12	2345	-		Argument of type 'Extract2<T, Foo, Bar>' is not assignable to parameter of type '{ foo: string; bar: string; }'.	fooBar(z);
conformance/conditionalTypes2	MISS	conditionalTypes2.ts:15:5	2322	DECLINED	Type 'Covariant<A>' is not assignable to type 'Covariant<B>'. | Type 'A' is not assignable to type 'B'. | 'B' could be instantiated with an arbitrary type which could be unrelated to 'A'.		b = a;  // Error
conformance/conditionalTypes2	MISS	conditionalTypes2.ts:19:5	2322	DECLINED	Type 'Contravariant<B>' is not assignable to type 'Contravariant<A>'. | Type 'A' is not assignable to type 'B'. | 'B' could be instantiated with an arbitrary type which could be unrelated to 'A'.		a = b;  // Error
conformance/conditionalTypes2	MISS	conditionalTypes2.ts:24:5	2322	DECLINED	Type 'Invariant<B>' is not assignable to type 'Invariant<A>'. | Types of property 'foo' are incompatible. | Type 'B extends string ? keyof B : B' is not assignable to type 'A extends string ? keyof A : A'. | Type 'B | keyof B' is not assignable to type 'A extends string ? keyof A : A'. | Type 'B' is not assignable to type 'A extends string ? keyof A : A'. | Type 'A' is not assignable to type 'A extends string ? keyof A : A'. | Type 'keyof B' is not assignable to type 'keyof A'. | Type 'string | number | symbol' is not assignable to type 'keyof A'. | Type 'string' is not assignable to type 'keyof A'. | Type 'string' is not assignable to type 'number | "anchor" | "big" | "blink" | "bold" | "charAt" | "charCodeAt" | "codePointAt" | "concat" | "endsWith" | "fixed" | "fontcolor" | "fontsize" | "includes" | "indexOf" | "italics" | "lastIndexOf" | "length" | "link" | "localeCompare" | "match" | "normalize" | "repeat" | "replace" | "search" | "slice" | "small" | "split" | "startsWith" | "strike" | "sub" | "substr" | "substring" | "sup" | "toLocaleLowerCase" | "toLocaleUpperCase" | "toLowerCase" | "toString" | "toUpperCase" | "trim" | "valueOf" | unique symbol'. | Type 'keyof B' is not assignable to type 'number | "anchor" | "big" | "blink" | "bold" | "charAt" | "charCodeAt" | "codePointAt" | "concat" | "endsWith" | "fixed" | "fontcolor" | "fontsize" | "includes" | "indexOf" | "italics" | "lastIndexOf" | "length" | "link" | "localeCompare" | "match" | "normalize" | "repeat" | "replace" | "search" | "slice" | "small" | "split" | "startsWith" | "strike" | "sub" | "substr" | "substring" | "sup" | "toLocaleLowerCase" | "toLocaleUpperCase" | "toLowerCase" | "toString" | "toUpperCase" | "trim" | "valueOf" | unique symbol'. | Type 'string | number | symbol' is not assignable to type 'number | "anchor" | "big" | "blink" | "bold" | "charAt" | "charCodeAt" | "codePointAt" | "concat" | "endsWith" | "fixed" | "fontcolor" | "fontsize" | "includes" | "indexOf" | "italics" | "lastIndexOf" | "length" | "link" | "localeCompare" | "match" | "normalize" | "repeat" | "replace" | "search" | "slice" | "small" | "split" | "startsWith" | "strike" | "sub" | "substr" | "substring" | "sup" | "toLocaleLowerCase" | "toLocaleUpperCase" | "toLowerCase" | "toString" | "toUpperCase" | "trim" | "valueOf" | unique symbol'. | Type 'string' is not assignable to type 'number | "anchor" | "big" | "blink" | "bold" | "charAt" | "charCodeAt" | "codePointAt" | "concat" | "endsWith" | "fixed" | "fontcolor" | "fontsize" | "includes" | "indexOf" | "italics" | "lastIndexOf" | "length" | "link" | "localeCompare" | "match" | "normalize" | "repeat" | "replace" | "search" | "slice" | "small" | "split" | "startsWith" | "strike" | "sub" | "substr" | "substring" | "sup" | "toLocaleLowerCase" | "toLocaleUpperCase" | "toLowerCase" | "toString" | "toUpperCase" | "trim" | "valueOf" | unique symbol'.		a = b;  // Error
conformance/conditionalTypes2	MISS	conditionalTypes2.ts:25:5	2322	DECLINED	Type 'Invariant<A>' is not assignable to type 'Invariant<B>'. | Types of property 'foo' are incompatible. | Type 'A extends string ? keyof A : A' is not assignable to type 'B extends string ? keyof B : B'. | Type 'A | keyof A' is not assignable to type 'B extends string ? keyof B : B'. | Type 'A' is not assignable to type 'B extends string ? keyof B : B'. | Type 'A' is not assignable to type 'B'. | 'B' could be instantiated with an arbitrary type which could be unrelated to 'A'.		b = a;  // Error
conformance/conditionalTypesExcessProperties	MISS	conditionalTypesExcessProperties.ts:8:5	2322	DECLINED	Type '{ test: string; arg: A; }' is not assignable to type 'Something<A>'. | Type '{ test: string; arg: A; }' is not assignable to type 'A extends object ? { arg: A; } : { arg?: undefined; }'.		sa = { test: 'hi', arg: a }; // not excess (but currently still not assignable)
conformance/conditionalTypesExcessProperties	MISS	conditionalTypesExcessProperties.ts:9:5	2322	DECLINED	Type '{ test: string; arg: A; arr: A; }' is not assignable to type 'Something<A>'. | Type '{ test: string; arg: A; arr: A; }' is not assignable to type 'A extends object ? { arg: A; } : { arg?: undefined; }'.		sa = { test: 'bye', arg: a, arr: a } // excess
conformance/constEnumPropertyAccess1	MISS	constEnumPropertyAccess1.ts:25:9	2322	NEVER	Type 'boolean' is not assignable to type 'number'.		return true;
conformance/contextualTypeTupleEnd	MISS	contextualTypeTupleEnd.ts:8:1	2345	NEVER	Argument of type '[]' is not assignable to parameter of type '[...((arg: number) => void)[], (arg: string) => void]'. | Source has 0 element(s) but target requires 1.		f1();  // Error
conformance/contextualTypeWithTuple	EXTRA	contextualTypeWithTuple.ts:30:5	2322	-		Type 'number[]' is not assignable to type 'fixed1'.	let var1: fixed1 = [0, 0]
conformance/contextuallyTypeAsyncFunctionReturnType	EXTRA	contextuallyTypeAsyncFunctionReturnType.ts:78:9	2322	-		Type '(ILocalExtension | Metadata | undefined)[][]' is not assignable to type '[ILocalExtension, Metadata | undefined][]'.	const extensions: [ILocalExtension, Metadata | undefined][] =
conformance/contextuallyTypedStringLiteralsInJsxAttributes02	MISS	file.tsx:37:57	2322	NEVER	Type '{ onClick: (k: "left" | "right") => void; extra: true; }' is not assignable to type 'IntrinsicAttributes & ButtonProps'. | Property 'extra' does not exist on type 'IntrinsicAttributes & ButtonProps'.		const c1 = <NoOverload  {...{onClick: (k) => {log(k)}}} extra />;  // k has type any
conformance/contextuallyTypedStringLiteralsInJsxAttributes02	MISS	file.tsx:40:44	2322	NEVER	Type '{ goTo: "home"; extra: true; }' is not assignable to type 'IntrinsicAttributes & LinkProps'. | Property 'extra' does not exist on type 'IntrinsicAttributes & LinkProps'.		const d1 = <NoOverload1 {...{goTo:"home"}} extra  />;  // goTo has type "home" | "contact"
conformance/controlFlowAliasing	EXTRA	controlFlowAliasing.ts:219:13	2322	-		Type 'string | number' is not assignable to type 'string'.	s = this.x;
conformance/controlFlowAliasing	EXTRA	controlFlowAliasing.ts:232:13	2322	-		Type 'string | number' is not assignable to type 'string'.	s = this.x;
conformance/controlFlowAliasing	EXTRA	controlFlowAliasing.ts:51:13	2322	-		Type 'string | number' is not assignable to type 'string'.	let s: string = obj.x;
conformance/controlFlowAliasing	EXTRA	controlFlowAliasing.ts:66:13	2322	-		Type 'string | number' is not assignable to type 'string'.	let s: string = obj[0];
conformance/controlFlowAssignmentPatternOrder	EXTRA	controlFlowAssignmentPatternOrder.ts:13:11	2322	-		Type '0 | 1 | 9' is not assignable to type '9'.	const bb: 9 = b;
conformance/controlFlowAssignmentPatternOrder	EXTRA	controlFlowAssignmentPatternOrder.ts:19:11	2322	-		Type '0 | 1 | 8 | 9' is not assignable to type '0 | 8'.	const bb: 0 | 8 = b;
conformance/controlFlowAssignmentPatternOrder	EXTRA	controlFlowAssignmentPatternOrder.ts:25:11	2322	-		Type '0 | 1 | 8 | 9' is not assignable to type '0 | 8'.	const bb: 0 | 8 = b;
conformance/controlFlowAssignmentPatternOrder	EXTRA	controlFlowAssignmentPatternOrder.ts:32:11	2322	-		Type '0 | 1 | 9' is not assignable to type '0'.	const bb: 0 = b;
conformance/controlFlowAssignmentPatternOrder	EXTRA	controlFlowAssignmentPatternOrder.ts:38:11	2322	-		Type '0 | 1 | 9' is not assignable to type '9'.	const bb: 9 = b;
conformance/controlFlowAssignmentPatternOrder	EXTRA	controlFlowAssignmentPatternOrder.ts:44:11	2322	-		Type '0 | 1 | 8 | 9' is not assignable to type '0 | 8'.	const bb: 0 | 8 = b;
conformance/controlFlowAssignmentPatternOrder	EXTRA	controlFlowAssignmentPatternOrder.ts:50:11	2322	-		Type '0 | 1 | 8 | 9' is not assignable to type '0 | 8'.	const bb: 0 | 8 = b;
conformance/controlFlowAssignmentPatternOrder	EXTRA	controlFlowAssignmentPatternOrder.ts:57:11	2322	-		Type '0 | 1 | 9' is not assignable to type '0'.	const bb: 0 = b;
conformance/controlFlowAssignmentPatternOrder	EXTRA	controlFlowAssignmentPatternOrder.ts:63:11	2322	-		Type '0 | 1 | 9' is not assignable to type '9'.	const bb: 9 = b;
conformance/controlFlowAssignmentPatternOrder	EXTRA	controlFlowAssignmentPatternOrder.ts:69:11	2322	-		Type '0 | 1 | 8 | 9' is not assignable to type '0 | 8'.	const bb: 0 | 8 = b;
conformance/controlFlowAssignmentPatternOrder	EXTRA	controlFlowAssignmentPatternOrder.ts:75:11	2322	-		Type '0 | 1 | 8 | 9' is not assignable to type '0 | 8'.	const bb: 0 | 8 = b;
conformance/controlFlowAssignmentPatternOrder	EXTRA	controlFlowAssignmentPatternOrder.ts:7:11	2322	-		Type '0 | 1 | 9' is not assignable to type '0'.	const bb: 0 = b;
conformance/controlFlowBindingPatternOrder	EXTRA	controlFlowBindingPatternOrder.ts:15:11	2322	-		Type '0 | 5 | 9' is not assignable to type '0 | 9'.	const bb: 0 | 9 = b;
conformance/controlFlowGenericTypes	MISS	controlFlowGenericTypes.ts:49:15	2345	NEVER	Argument of type 'undefined' is not assignable to parameter of type 'Box<T>'.		unbox(x);  // Error
conformance/controlFlowGenericTypes	MISS	controlFlowGenericTypes.ts:55:15	2345	NEVER	Argument of type 'undefined' is not assignable to parameter of type 'Box<unknown>'.		unbox(x);  // Error
conformance/declarationsAndAssignments	MISS	declarationsAndAssignments.ts:138:6	2322	NEVER	Type 'string' is not assignable to type 'number'.		[a, b] = [b, a];  // Error
conformance/declarationsAndAssignments	MISS	declarationsAndAssignments.ts:138:9	2322	NEVER	Type 'number' is not assignable to type 'string'.		[a, b] = [b, a];  // Error
conformance/derivedClassTransitivity4	MISS	derivedClassTransitivity4.ts:18:1	2322	DECLINED	Type 'E' is not assignable to type 'C'. | Types of property 'foo' are incompatible. | Type '(x?: string | undefined) => void' is not assignable to type '(x: number) => void'. | Types of parameters 'x' and 'x' are incompatible. | Type 'number' is not assignable to type 'string'.		c = e;
conformance/destructuringAssignabilityCheck	EXTRA	destructuringAssignabilityCheck.ts:13:7	2322	-		Type '1' is not assignable to type 'undefined'.	const { }: undefined = 1
conformance/destructuringObjectBindingPatternAndAssignment3	MISS	destructuringObjectBindingPatternAndAssignment3.ts:3:5	2322	NEVER	Type '{ i: number; }' is not assignable to type 'string | number'.		var {i}: string | number = { i: 2 };
conformance/destructuringParameterDeclaration1ES5	EXTRA	destructuringParameterDeclaration1ES5.ts:29:4	2345	-		Argument of type 'number[]' is not assignable to parameter of type '(null | undefined)[] | undefined'.	b1([1, 2, 3]);  // z is widen to the type any[]
conformance/destructuringParameterDeclaration1ES5	EXTRA	destructuringParameterDeclaration1ES5.ts:32:4	2345	-		Argument of type '[string, number, number]' is not assignable to parameter of type '[undefined, null, undefined] | undefined'.	b6(["string", 1, 2]);                    // Shouldn't be an error
conformance/destructuringParameterDeclaration1ES5	EXTRA	destructuringParameterDeclaration1ES5.ts:33:4	2345	-		Argument of type '[[string], number, [[boolean, boolean]]]' is not assignable to parameter of type '[[undefined], undefined, [[undefined, undefined]]] | undefined'.	b7([["string"], 1, [[true, false]]]);    // Shouldn't be an error
conformance/destructuringParameterDeclaration1ES5	MISS	destructuringParameterDeclaration1ES5.ts:29:11	2322	NEVER	Type 'number' is not assignable to type 'null | undefined'.		b1([1, 2, 3]);  // z is widen to the type any[]
conformance/destructuringParameterDeclaration1ES5	MISS	destructuringParameterDeclaration1ES5.ts:29:5	2322	NEVER	Type 'number' is not assignable to type 'null | undefined'.		b1([1, 2, 3]);  // z is widen to the type any[]
conformance/destructuringParameterDeclaration1ES5	MISS	destructuringParameterDeclaration1ES5.ts:29:8	2322	NEVER	Type 'number' is not assignable to type 'null | undefined'.		b1([1, 2, 3]);  // z is widen to the type any[]
conformance/destructuringParameterDeclaration1ES5	MISS	destructuringParameterDeclaration1ES5.ts:32:15	2322	NEVER	Type 'number' is not assignable to type 'null'.		b6(["string", 1, 2]);                    // Shouldn't be an error
conformance/destructuringParameterDeclaration1ES5	MISS	destructuringParameterDeclaration1ES5.ts:32:18	2322	NEVER	Type 'number' is not assignable to type 'undefined'.		b6(["string", 1, 2]);                    // Shouldn't be an error
conformance/destructuringParameterDeclaration1ES5	MISS	destructuringParameterDeclaration1ES5.ts:32:5	2322	NEVER	Type 'string' is not assignable to type 'undefined'.		b6(["string", 1, 2]);                    // Shouldn't be an error
conformance/destructuringParameterDeclaration1ES5	MISS	destructuringParameterDeclaration1ES5.ts:33:17	2322	NEVER	Type 'number' is not assignable to type 'undefined'.		b7([["string"], 1, [[true, false]]]);    // Shouldn't be an error
conformance/destructuringParameterDeclaration1ES5	MISS	destructuringParameterDeclaration1ES5.ts:33:22	2322	NEVER	Type 'true' is not assignable to type 'undefined'.		b7([["string"], 1, [[true, false]]]);    // Shouldn't be an error
conformance/destructuringParameterDeclaration1ES5	MISS	destructuringParameterDeclaration1ES5.ts:33:28	2322	NEVER	Type 'false' is not assignable to type 'undefined'.		b7([["string"], 1, [[true, false]]]);    // Shouldn't be an error
conformance/destructuringParameterDeclaration1ES5	MISS	destructuringParameterDeclaration1ES5.ts:33:6	2322	NEVER	Type 'string' is not assignable to type 'undefined'.		b7([["string"], 1, [[true, false]]]);    // Shouldn't be an error
conformance/destructuringParameterDeclaration1ES5iterable	EXTRA	destructuringParameterDeclaration1ES5iterable.ts:29:4	2345	-		Argument of type 'number[]' is not assignable to parameter of type '(null | undefined)[] | undefined'.	b1([1, 2, 3]);  // z is widen to the type any[]
conformance/destructuringParameterDeclaration1ES5iterable	EXTRA	destructuringParameterDeclaration1ES5iterable.ts:32:4	2345	-		Argument of type '[string, number, number]' is not assignable to parameter of type '[undefined, null, undefined] | undefined'.	b6(["string", 1, 2]);                    // Shouldn't be an error
conformance/destructuringParameterDeclaration1ES5iterable	EXTRA	destructuringParameterDeclaration1ES5iterable.ts:33:4	2345	-		Argument of type '[[string], number, [[boolean, boolean]]]' is not assignable to parameter of type '[[undefined], undefined, [[undefined, undefined]]] | undefined'.	b7([["string"], 1, [[true, false]]]);    // Shouldn't be an error
conformance/destructuringParameterDeclaration1ES5iterable	MISS	destructuringParameterDeclaration1ES5iterable.ts:29:11	2322	NEVER	Type 'number' is not assignable to type 'null | undefined'.		b1([1, 2, 3]);  // z is widen to the type any[]
conformance/destructuringParameterDeclaration1ES5iterable	MISS	destructuringParameterDeclaration1ES5iterable.ts:29:5	2322	NEVER	Type 'number' is not assignable to type 'null | undefined'.		b1([1, 2, 3]);  // z is widen to the type any[]
conformance/destructuringParameterDeclaration1ES5iterable	MISS	destructuringParameterDeclaration1ES5iterable.ts:29:8	2322	NEVER	Type 'number' is not assignable to type 'null | undefined'.		b1([1, 2, 3]);  // z is widen to the type any[]
conformance/destructuringParameterDeclaration1ES5iterable	MISS	destructuringParameterDeclaration1ES5iterable.ts:32:15	2322	NEVER	Type 'number' is not assignable to type 'null'.		b6(["string", 1, 2]);                    // Shouldn't be an error
conformance/destructuringParameterDeclaration1ES5iterable	MISS	destructuringParameterDeclaration1ES5iterable.ts:32:18	2322	NEVER	Type 'number' is not assignable to type 'undefined'.		b6(["string", 1, 2]);                    // Shouldn't be an error
conformance/destructuringParameterDeclaration1ES5iterable	MISS	destructuringParameterDeclaration1ES5iterable.ts:32:5	2322	NEVER	Type 'string' is not assignable to type 'undefined'.		b6(["string", 1, 2]);                    // Shouldn't be an error
conformance/destructuringParameterDeclaration1ES5iterable	MISS	destructuringParameterDeclaration1ES5iterable.ts:33:17	2322	NEVER	Type 'number' is not assignable to type 'undefined'.		b7([["string"], 1, [[true, false]]]);    // Shouldn't be an error
conformance/destructuringParameterDeclaration1ES5iterable	MISS	destructuringParameterDeclaration1ES5iterable.ts:33:22	2322	NEVER	Type 'true' is not assignable to type 'undefined'.		b7([["string"], 1, [[true, false]]]);    // Shouldn't be an error
conformance/destructuringParameterDeclaration1ES5iterable	MISS	destructuringParameterDeclaration1ES5iterable.ts:33:28	2322	NEVER	Type 'false' is not assignable to type 'undefined'.		b7([["string"], 1, [[true, false]]]);    // Shouldn't be an error
conformance/destructuringParameterDeclaration1ES5iterable	MISS	destructuringParameterDeclaration1ES5iterable.ts:33:6	2322	NEVER	Type 'string' is not assignable to type 'undefined'.		b7([["string"], 1, [[true, false]]]);    // Shouldn't be an error
conformance/destructuringParameterDeclaration1ES6	EXTRA	destructuringParameterDeclaration1ES6.ts:32:4	2345	-		Argument of type 'number[]' is not assignable to parameter of type '(null | undefined)[] | undefined'.	b1([1, 2, 3]);  // z is widen to the type any[]
conformance/destructuringParameterDeclaration1ES6	MISS	destructuringParameterDeclaration1ES6.ts:32:11	2322	NEVER	Type 'number' is not assignable to type 'null | undefined'.		b1([1, 2, 3]);  // z is widen to the type any[]
conformance/destructuringParameterDeclaration1ES6	MISS	destructuringParameterDeclaration1ES6.ts:32:5	2322	NEVER	Type 'number' is not assignable to type 'null | undefined'.		b1([1, 2, 3]);  // z is widen to the type any[]
conformance/destructuringParameterDeclaration1ES6	MISS	destructuringParameterDeclaration1ES6.ts:32:8	2322	NEVER	Type 'number' is not assignable to type 'null | undefined'.		b1([1, 2, 3]);  // z is widen to the type any[]
conformance/destructuringParameterDeclaration2	MISS	destructuringParameterDeclaration2.ts:23:4	2345	NEVER	Argument of type '"string"' is not assignable to parameter of type 'null | undefined'.		b1("string", { x: "string", y: true });  // Error
conformance/destructuringParameterDeclaration2	MISS	destructuringParameterDeclaration2.ts:34:6	2322	NEVER	Type 'number' is not assignable to type '{ x: any; y: { j: any; }; }'.		c0({ z: 1 });      // Error, implied type is { z: {x: any, y: {j: any}} }
conformance/destructuringParameterDeclaration2	MISS	destructuringParameterDeclaration2.ts:36:6	2322	NEVER	Type 'boolean' is not assignable to type 'number'.		c1({ z: true });   // Error, implied type is {z:number}?
conformance/destructuringParameterDeclaration2	MISS	destructuringParameterDeclaration2.ts:37:6	2322	NEVER	Type 'boolean' is not assignable to type 'number'.		c2({ z: false });  // Error, implied type is {z?: number}
conformance/destructuringParameterDeclaration2	MISS	destructuringParameterDeclaration2.ts:38:6	2322	NEVER	Type 'boolean' is not assignable to type 'string | number'.		c3({ b: true });   // Error, implied type is { b: number|string }.
conformance/destructuringParameterDeclaration2	MISS	destructuringParameterDeclaration2.ts:39:11	2322	NEVER	Type 'boolean' is not assignable to type '[[any]]'.		c5([1, 2, false, true]);   // Error, implied type is [any, any, [[any]]]
conformance/destructuringParameterDeclaration2	MISS	destructuringParameterDeclaration2.ts:40:13	2322	NEVER	Type 'string' is not assignable to type 'number'.		c6([1, 2, [["string"]]]);  // Error, implied type is [any, any, [[number]]]  // Use initializer
conformance/destructuringParameterDeclaration2	MISS	destructuringParameterDeclaration2.ts:7:8	2322	NEVER	Type 'string' is not assignable to type 'number'.		a0([1, "string", [["world"]]);      // Error
conformance/destructuringParameterDeclaration2	MISS	destructuringParameterDeclaration2.ts:8:4	2345	NEVER	Argument of type '[number, number, string[][], string]' is not assignable to parameter of type '[number, number, string[][]]'. | Source has 4 element(s) but target allows only 3.		a0([1, 2, [["world"]], "string"]);  // Error
conformance/destructuringParameterDeclaration5	MISS	destructuringParameterDeclaration5.ts:49:6	2322	NEVER	Type 'number' is not assignable to type 'D'.		d3({ y: 1 });
conformance/destructuringParameterDeclaration5	MISS	destructuringParameterDeclaration5.ts:50:6	2322	NEVER	Type 'string' is not assignable to type 'D'.		d3({ y: "world" });
conformance/es2020IntlAPIs	EXTRA	es2020IntlAPIs.ts:32:62	2322	-		Type 'string' is not assignable to type 'DisplayNamesType'.	const regionNamesInEnglish = new Intl.DisplayNames(['en'], { type: 'region' });
conformance/es2020IntlAPIs	EXTRA	es2020IntlAPIs.ts:33:78	2322	-		Type 'string' is not assignable to type 'DisplayNamesType'.	const regionNamesInTraditionalChinese = new Intl.DisplayNames(['zh-Hant'], { type: 'region' });
conformance/everyTypeWithAnnotationAndInvalidInitializer	MISS	everyTypeWithAnnotationAndInvalidInitializer.ts:50:5	2322	DECLINED	Type 'typeof N' is not assignable to type 'typeof M'. | The types returned by 'new A()' are incompatible between these types. | Property 'name' is missing in type 'N.A' but required in type 'M.A'.		var aModule: typeof M = N;
conformance/exportAssignmentConstrainedGenericType	MISS	foo_1.ts:2:17	2345	NEVER	Argument of type 'boolean' is not assignable to parameter of type '{ a: string; b: number; }'.		var x = new foo(true); // Should error
conformance/for-of47	MISS	for-of47.ts:4:13	2322	DECLINED	Type 'boolean' is not assignable to type 'number'.		for ({x, y: y = E.x} of array) {
conformance/for-of48	MISS	for-of48.ts:4:10	2322	NEVER	Type 'boolean' is not assignable to type 'number'.		for ({x, y = E.x} of array) {
conformance/generatorExplicitReturnType	MISS	generatorExplicitReturnType.ts:5:5	2322	NEVER	Type 'number' is not assignable to type 'boolean'.		return 10; // error
conformance/generatorReturnContextualType	MISS	generatorReturnContextualType.ts:29:3	2322	NEVER	Type '{ x: string; }' is not assignable to type '{ x: "x"; }'. | Types of property 'x' are incompatible. | Type 'string' is not assignable to type '"x"'.		return Promise.resolve(ret); // Error
conformance/generatorReturnContextualType	MISS	generatorReturnContextualType.ts:34:3	2322	NEVER	Type '{ x: string; }' is not assignable to type '{ x: "x"; }'. | Types of property 'x' are incompatible. | Type 'string' is not assignable to type '"x"'.		return Promise.resolve(ret); // Error
conformance/generatorTypeCheck31	MISS	generatorTypeCheck31.ts:2:11	2322	NOTREPORTABLE	Type 'Generator<(x: any) => any, void, unknown>' is not assignable to type '() => Iterable<(x: string) => number>'. | Type 'Generator<(x: any) => any, void, unknown>' provides no match for the signature '(): Iterable<(x: string) => number>'.		yield function* () {
conformance/generatorTypeCheck6	MISS	generatorTypeCheck6.ts:1:17	2322	NEVER	Type 'Generator<any, any, unknown>' is not assignable to type 'number'.		function* g1(): number { }
conformance/generatorTypeCheck8	MISS	generatorTypeCheck8.ts:2:17	2322	NEVER	Type 'Generator<string, any, any>' is not assignable to type 'BadGenerator'. | The types returned by 'next(...)' are incompatible between these types. | Type 'IteratorResult<string, any>' is not assignable to type 'IteratorResult<number, any>'. | Type 'IteratorYieldResult<string>' is not assignable to type 'IteratorResult<number, any>'. | Type 'IteratorYieldResult<string>' is not assignable to type 'IteratorYieldResult<number>'. | Type 'string' is not assignable to type 'number'.		function* g3(): BadGenerator { }
conformance/generic	EXTRA	/b.ts:5:5	2322	-		Type '{}' is not assignable to type 'A<boolean>'.	let c: A<boolean> = {};
conformance/genericCallWithFunctionTypedArguments	MISS	genericCallWithFunctionTypedArguments.ts:26:18	2345	NEVER	Argument of type '(a: number) => string' is not assignable to parameter of type '(a: number) => 1'. | Type 'string' is not assignable to type '1'.		var r8 = foo3(1, function (a) { return '' }, 1); // error
conformance/genericCallWithFunctionTypedArguments	MISS	genericCallWithFunctionTypedArguments.ts:35:23	2345	NEVER	Argument of type '(a: number) => string' is not assignable to parameter of type '(a: number) => 1'. | Type 'string' is not assignable to type '1'.		var r12 = foo3(1, function (a) { return '' }, 1); // error
conformance/genericCallWithGenericSignatureArguments2	MISS	genericCallWithGenericSignatureArguments2.ts:37:43	2322	NEVER	Type 'F' is not assignable to type 'E'.		var r7 = foo3(E.A, (x) => E.A, (x) => F.A); // error
conformance/genericCallWithObjectTypeArgsAndConstraints4	MISS	genericCallWithObjectTypeArgsAndConstraints4.ts:30:24	2345	NEVER	Argument of type 'C' is not assignable to parameter of type 'T'. | 'T' could be instantiated with an arbitrary type which could be unrelated to 'C'.		var r5 = foo<T, U>(c, d); // error
conformance/genericCallWithObjectTypeArgsAndConstraints5	MISS	genericCallWithObjectTypeArgsAndConstraints5.ts:22:24	2345	NEVER	Argument of type 'C' is not assignable to parameter of type 'T'. | 'T' could be instantiated with an arbitrary type which could be unrelated to 'C'.		var r5 = foo<T, U>(c, d); // error
conformance/genericClassWithFunctionTypedMemberArguments	MISS	genericClassWithFunctionTypedMemberArguments.ts:62:30	2345	NEVER	Argument of type '(a: number) => string' is not assignable to parameter of type '(a: number) => 1'. | Type 'string' is not assignable to type '1'.		var r12 = c3.foo3(1, function (a) { return '' }, 1); // error
conformance/genericRestParameters3	MISS	genericRestParameters3.ts:17:11	2345	NEVER	Argument of type '[10]' is not assignable to parameter of type '[string] | [number, boolean]'. | Type '[10]' is not assignable to type '[string]'. | Type 'number' is not assignable to type 'string'.		f1("foo", 10);  // Error
conformance/genericRestParameters3	MISS	genericRestParameters3.ts:18:1	2345	NEVER	Argument of type '[]' is not assignable to parameter of type '[string] | [number, boolean]'. | Type '[]' is not assignable to type '[number, boolean]'. | Source has 0 element(s) but target requires 2.		f1("foo");  // Error
conformance/genericRestParameters3	MISS	genericRestParameters3.ts:59:5	2345	NEVER	Argument of type '["what"]' is not assignable to parameter of type '[] | [number, string]'. | Type '["what"]' is not assignable to type '[number, string]'. | Source has 1 element(s) but target requires 2.		hmm("what"); // no error?  A = [] | [number, string] ?
conformance/importAttributes9	MISS	b.ts:11:25	2322	NEVER	Type '{ with: { type: "not-json"; }; }' is not assignable to type 'ImportCallOptions'. | The types of 'with.type' are incompatible between these types. | Type '"not-json"' is not assignable to type '"json"'.		await import("./a", {
conformance/importAttributes9	MISS	b.ts:7:27	2322	NEVER	Type '{ type: "not-json"; }' is not assignable to type 'ImportAttributes'. | Types of property 'type' are incompatible. | Type '"not-json"' is not assignable to type '"json"'.		import * as ns from "./a" with { type: "not-json" };
conformance/importCallExpressionCheckReturntype1	MISS	1.ts:4:5	2322	DECLINED	Type 'Promise<typeof import("defaultPath")>' is not assignable to type 'Promise<typeof import("anotherModule")>'. | Property 'D' is missing in type 'typeof import("defaultPath")' but required in type 'typeof import("anotherModule")'.		let p1: Promise<typeof anotherModule> = import("./defaultPath");
conformance/importClause_namespaceImport	EXTRA	/b.ts:5:7	2322	-		Type '{}' is not assignable to type 'types.A'.	const a: types.A = {};
conformance/importClause_namespaceImport	EXTRA	/b.ts:6:7	2322	-		Type '{}' is not assignable to type 'types.B'.	const b: types.B = {};
conformance/importTag24	MISS	a.js:19:17	2322	NEVER	Type 'number' is not assignable to type 'string'.		function f4() { return 1; }
conformance/indexSignatureTypeInference	MISS	indexSignatureTypeInference.ts:18:27	2345	NEVER	Argument of type 'NumberMap<Function>' is not assignable to parameter of type 'StringMap<unknown>'. | Index signature for type 'string' is missing in type 'NumberMap<Function>'.		var v1 = stringMapToArray(numberMap);  // Error expected here
conformance/indexSignatures1	EXTRA	indexSignatures1.ts:281:7	2322	-		Type '{ someKey: string; }' is not assignable to type 'PseudoDeclaration'.	const test: PseudoDeclaration = { 'someKey' : 'someValue' };  // Error
conformance/indexSignatures1	EXTRA	indexSignatures1.ts:53:1	2322	-		Type '{ date123: string; }' is not assignable to type '{ [x: `data${string}`]: string; }'.	dom = { date123: 'hello' };  // Error
conformance/indexSignatures1	MISS	indexSignatures1.ts:289:7	2322	DECLINED	Type 'number' is not assignable to type 'PathsObject'.		const pathObject: PathsObject = 123;  // Error
conformance/intersectionReduction	MISS	intersectionReduction.ts:80:1	2322	NOTREPORTABLE	Type 'any' is not assignable to type 'never'.		x1[k] = 'bar' as any;  // Error
conformance/intersectionReduction	MISS	intersectionReduction.ts:81:1	2322	NOTREPORTABLE	Type 'any' is not assignable to type 'never'.		x2[k] = 'bar' as any;  // Error
conformance/intersectionReductionStrict	MISS	intersectionReductionStrict.ts:69:1	2322	NOTREPORTABLE	Type 'any' is not assignable to type 'never'.		x1[k] = 'bar' as any;  // Error
conformance/intersectionReductionStrict	MISS	intersectionReductionStrict.ts:70:1	2322	NOTREPORTABLE	Type 'any' is not assignable to type 'never'.		x2[k] = 'bar' as any;  // Error
conformance/intersectionWithIndexSignatures	EXTRA	intersectionWithIndexSignatures.ts:10:1	2322	-		Type '{ x: A; } & { x: B; }' is not assignable to type '{ [key: string]: A & B; }'.	ta1 = sa2;
conformance/intersectionWithIndexSignatures	MISS	intersectionWithIndexSignatures.ts:17:1	2322	DECLINED	Type '{ x: A; } & { y: B; }' is not assignable to type '{ [key: string]: A; }'. | Property 'y' is incompatible with index signature. | Property 'a' is missing in type 'B' but required in type 'A'.		tb1 = sb1;  // Error
conformance/intersectionWithIndexSignatures	MISS	intersectionWithIndexSignatures.ts:35:1	2322	DECLINED	Type '{ a: string; } & { b: number; }' is not assignable to type '{ [key: string]: string; }'. | Property 'b' is incompatible with index signature. | Type 'number' is not assignable to type 'string'.		tt = ss;  // Error
conformance/intraExpressionInferences	MISS	intraExpressionInferences.ts:131:5	2322	NEVER	Type '(inputs: Unwrap<{ num: Wrapper<number>; str: Wrapper<string>; }>) => { bool: any; str: number; }' is not assignable to type '(inputs: Unwrap<{ num: Wrapper<number>; str: Wrapper<string>; }>) => Unwrap<{ bool: Wrapper<boolean>; str: Wrapper<string>; }>'. | Type '{ bool: any; str: number; }' is not assignable to type 'Unwrap<{ bool: Wrapper<boolean>; str: Wrapper<string>; }>'. | Types of property 'str' are incompatible. | Type 'number' is not assignable to type 'string'.		map(inputs) {
conformance/invalidBooleanAssignments	EXTRA	invalidBooleanAssignments.ts:18:5	2322	-		Type 'boolean' is not assignable to type '{ toString(): string; }'.	var h2: { toString(): string } = x; // no error
conformance/iterableArrayPattern16	MISS	iterableArrayPattern16.ts:2:5	2345	NEVER	Argument of type 'FooIterator' is not assignable to parameter of type '[Bar, Bar]'.		fun(...new FooIteratorIterator);
conformance/iterableArrayPattern26	MISS	iterableArrayPattern26.ts:2:21	2345	NEVER	Argument of type 'Map<string, number>' is not assignable to parameter of type '[string, number]'.		takeFirstTwoEntries(new Map([["", 0], ["hello", 1]]));
conformance/iterableArrayPattern29	MISS	iterableArrayPattern29.ts:2:21	2345	NEVER	Argument of type '[string, boolean]' is not assignable to parameter of type '[string, number]'. | Type at position 1 in source is not compatible with type at position 1 in target. | Type 'boolean' is not assignable to type 'number'.		takeFirstTwoEntries(...new Map([["", true], ["hello", true]]));
conformance/iterableArrayPattern5	MISS	iterableArrayPattern5.ts:17:5	2322	NEVER	Type 'Foo' is not assignable to type 'string'.		[a, b] = new FooIterator;
conformance/iterableArrayPattern6	MISS	iterableArrayPattern6.ts:17:8	2322	NEVER	Type 'Foo[]' is not assignable to type 'string[]'. | Type 'Foo' is not assignable to type 'string'.		[a, ...b] = new FooIterator;
conformance/iterableArrayPattern8	MISS	iterableArrayPattern8.ts:17:8	2322	NEVER	Type 'Foo[]' is not assignable to type 'string'.		[a, ...b] = new FooIterator;
conformance/iteratorSpreadInArray5	EXTRA	iteratorSpreadInArray5.ts:14:5	2322	-		Type '(number | symbol)[]' is not assignable to type 'number[]'.	var array: number[] = [0, 1, ...new SymbolIterator];
conformance/iteratorSpreadInArray5	MISS	iteratorSpreadInArray5.ts:14:30	2322	NEVER	Type 'symbol' is not assignable to type 'number'.		var array: number[] = [0, 1, ...new SymbolIterator];
conformance/iteratorSpreadInCall6	MISS	iteratorSpreadInCall6.ts:28:28	2345	NEVER	Argument of type 'string' is not assignable to parameter of type 'number | symbol'.		foo(...new SymbolIterator, ...new _StringIterator);
conformance/iteratorSpreadInCall7	MISS	iteratorSpreadInCall7.ts:28:28	2345	NEVER	Argument of type 'string' is not assignable to parameter of type 'symbol'.		foo(...new SymbolIterator, ...new _StringIterator);
conformance/iteratorSpreadInCall8	MISS	iteratorSpreadInCall8.ts:31:32	2345	NEVER	Argument of type 'string' is not assignable to parameter of type 'symbol'.		new Foo(...new SymbolIterator, ...new _StringIterator);
conformance/iteratorSpreadInCall9	MISS	iteratorSpreadInCall9.ts:31:32	2345	NEVER	Argument of type 'string' is not assignable to parameter of type 'symbol'.		new Foo(...new SymbolIterator, ...[...new _StringIterator]);
conformance/jsdocPostfixEqualsAddsOptionality	MISS	a.js:8:3	2345	NEVER	Argument of type 'null' is not assignable to parameter of type 'number | undefined'.		f(null) // should not be allowed
conformance/jsdocTemplateTagDefault	MISS	file.js:9:20	2322	NEVER	Type 'number' is not assignable to type 'string'.		const aDefault2 = [0];
conformance/jsdocTemplateTagNameResolution	MISS	file.js:10:7	2322	NEVER	Type 'string' is not assignable to type 'number'.		const y = "a";
conformance/keyofAndIndexedAccessErrors	MISS	keyofAndIndexedAccessErrors.ts:103:9	2322	DECLINED	Type 'Extract<keyof T, string>' is not assignable to type 'K'. | 'Extract<keyof T, string>' is assignable to the constraint of type 'K', but 'K' could be instantiated with a different subtype of constraint 'string'. | Type 'string' is not assignable to type 'K'. | 'string' is assignable to the constraint of type 'K', but 'K' could be instantiated with a different subtype of constraint 'string'.		k = key // error, keyof T =/=> K
conformance/keyofAndIndexedAccessErrors	MISS	keyofAndIndexedAccessErrors.ts:105:9	2322	NOTREPORTABLE	Type 'T[Extract<keyof T, string>]' is not assignable to type 'T[K]'. | Type 'Extract<keyof T, string>' is not assignable to type 'K'. | 'Extract<keyof T, string>' is assignable to the constraint of type 'K', but 'K' could be instantiated with a different subtype of constraint 'string'. | Type 'string' is not assignable to type 'K'. | 'string' is assignable to the constraint of type 'K', but 'K' could be instantiated with a different subtype of constraint 'string'.		tk = t[key]; // error, T[keyof T] =/=> T[K]
conformance/keyofAndIndexedAccessErrors	MISS	keyofAndIndexedAccessErrors.ts:108:5	2322	DECLINED	Type 'T[K]' is not assignable to type 'U[K]'. | Type 'T' is not assignable to type 'U'. | 'U' could be instantiated with an arbitrary type which could be unrelated to 'T'.		uk = tk; // error
conformance/keyofAndIndexedAccessErrors	MISS	keyofAndIndexedAccessErrors.ts:111:5	2322	DECLINED	Type 'T[J]' is not assignable to type 'U[J]'. | Type 'T' is not assignable to type 'U'. | 'U' could be instantiated with an arbitrary type which could be unrelated to 'T'.		uj = tj; // error
conformance/keyofAndIndexedAccessErrors	MISS	keyofAndIndexedAccessErrors.ts:114:5	2322	DECLINED	Type 'T[K]' is not assignable to type 'T[J]'. | Type 'K' is not assignable to type 'J'. | 'K' is assignable to the constraint of type 'J', but 'J' could be instantiated with a different subtype of constraint 'string'.		tj = tk; // error
conformance/keyofAndIndexedAccessErrors	MISS	keyofAndIndexedAccessErrors.ts:117:5	2322	DECLINED	Type 'T[K]' is not assignable to type 'U[J]'. | Type 'T' is not assignable to type 'U'. | 'U' could be instantiated with an arbitrary type which could be unrelated to 'T'.		uj = tk; // error
conformance/keyofAndIndexedAccessErrors	MISS	keyofAndIndexedAccessErrors.ts:122:5	2322	NOTREPORTABLE	Type 'number' is not assignable to type 'keyof T'.		k = 42; // error
conformance/keyofAndIndexedAccessErrors	MISS	keyofAndIndexedAccessErrors.ts:123:5	2322	NOTREPORTABLE	Type 'string' is not assignable to type 'keyof T'.		k = "hello"; // error
conformance/keyofAndIndexedAccessErrors	MISS	keyofAndIndexedAccessErrors.ts:64:33	2345	NEVER	Argument of type '"name" | "size"' is not assignable to parameter of type 'keyof Shape'. | Type '"size"' is not assignable to type 'keyof Shape'.		let x3 = getProperty(shape, cond ? "name" : "size");  // Error
conformance/keyofAndIndexedAccessErrors	MISS	keyofAndIndexedAccessErrors.ts:67:24	2345	NEVER	Argument of type '"name" | "size"' is not assignable to parameter of type 'keyof Shape'. | Type '"size"' is not assignable to type 'keyof Shape'.		setProperty(shape, cond ? "name" : "size", 10);  // Error
conformance/keyofAndIndexedAccessErrors	MISS	keyofAndIndexedAccessErrors.ts:82:5	2322	DECLINED	Type 'keyof T | keyof U' is not assignable to type 'keyof T & keyof U'. | Type 'keyof T' is not assignable to type 'keyof T & keyof U'. | Type 'string | number | symbol' is not assignable to type 'keyof T & keyof U'. | Type 'string' is not assignable to type 'keyof T & keyof U'. | Type 'string' is not assignable to type 'keyof T'. | Type 'keyof T' is not assignable to type 'keyof U'. | Type 'string | number | symbol' is not assignable to type 'keyof U'. | Type 'string' is not assignable to type 'keyof U'.		k1 = k3;  // Error
conformance/keyofAndIndexedAccessErrors	MISS	keyofAndIndexedAccessErrors.ts:83:5	2322	DECLINED	Type 'keyof T | keyof U' is not assignable to type 'keyof T & keyof U'. | Type 'keyof T' is not assignable to type 'keyof T & keyof U'. | Type 'string | number | symbol' is not assignable to type 'keyof T & keyof U'. | Type 'string' is not assignable to type 'keyof T & keyof U'. | Type 'string' is not assignable to type 'keyof T'. | Type 'keyof T' is not assignable to type 'keyof U'. | Type 'string | number | symbol' is not assignable to type 'keyof U'. | Type 'string' is not assignable to type 'keyof U'.		k1 = k4;  // Error
conformance/keyofAndIndexedAccessErrors	MISS	keyofAndIndexedAccessErrors.ts:86:5	2322	DECLINED	Type 'keyof T | keyof U' is not assignable to type 'keyof T & keyof U'. | Type 'keyof T' is not assignable to type 'keyof T & keyof U'. | Type 'string | number | symbol' is not assignable to type 'keyof T & keyof U'. | Type 'string' is not assignable to type 'keyof T & keyof U'. | Type 'string' is not assignable to type 'keyof T'. | Type 'keyof T' is not assignable to type 'keyof U'. | Type 'string | number | symbol' is not assignable to type 'keyof U'. | Type 'string' is not assignable to type 'keyof U'.		k2 = k3;  // Error
conformance/keyofAndIndexedAccessErrors	MISS	keyofAndIndexedAccessErrors.ts:87:5	2322	DECLINED	Type 'keyof T | keyof U' is not assignable to type 'keyof T & keyof U'. | Type 'keyof T' is not assignable to type 'keyof T & keyof U'. | Type 'string | number | symbol' is not assignable to type 'keyof T & keyof U'. | Type 'string' is not assignable to type 'keyof T & keyof U'. | Type 'string' is not assignable to type 'keyof T'. | Type 'keyof T' is not assignable to type 'keyof U'. | Type 'string | number | symbol' is not assignable to type 'keyof U'. | Type 'string' is not assignable to type 'keyof U'.		k2 = k4;  // Error
conformance/logicalOrExpressionIsContextuallyTyped	EXTRA	logicalOrExpressionIsContextuallyTyped.ts:6:5	2322	-		Type '{ a: string; b: number; }' is not assignable to type '{ a: string; }'.	var r: { a: string } = { a: '', b: 123 } || { a: '', b: true };
conformance/logicalOrOperatorWithTypeParameters	MISS	logicalOrOperatorWithTypeParameters.ts:14:9	2322	NOTREPORTABLE	Type 'V | NonNullable<U>' is not assignable to type '{}'. | Type 'V' is not assignable to type '{}'.		var r6: {} = u || v;
conformance/logicalOrOperatorWithTypeParameters	MISS	logicalOrOperatorWithTypeParameters.ts:5:9	2322	NOTREPORTABLE	Type 'U | NonNullable<T>' is not assignable to type '{}'. | Type 'U' is not assignable to type '{}'.		var r4: {} = t || u;
conformance/mappedTypeAsClauseRelationships	MISS	mappedTypeAsClauseRelationships.ts:12:9	2322	DECLINED	Type 'T' is not assignable to type 'Modify<T>'.		let y: Modify<T> = val; // Error
conformance/mappedTypeAsClauseRelationships	MISS	mappedTypeAsClauseRelationships.ts:22:9	2322	DECLINED	Type 'T' is not assignable to type 'ModifyInclOpt<T>'.		let y: ModifyInclOpt<T> = val; // Ok
conformance/mappedTypeConstraints2	MISS	mappedTypeConstraints2.ts:10:11	2322	NOTREPORTABLE	Type 'Mapped2<K>[`get${K}`]' is not assignable to type '{ a: K; }'. | Type 'Mapped2<K>[`get${string}`]' is not assignable to type '{ a: K; }'.		const x: { a: K } = obj[key];  // Error
conformance/mappedTypeConstraints2	MISS	mappedTypeConstraints2.ts:16:11	2322	NOTREPORTABLE	Type 'Mapped3<K>[Uppercase<K>]' is not assignable to type '{ a: K; }'. | Type 'Mapped3<K>[Uppercase<string>]' is not assignable to type '{ a: K; }'. | Type 'Mapped3<K>[string]' is not assignable to type '{ a: K; }'.		const x: { a: K } = obj[key];  // Error
conformance/mappedTypeConstraints2	MISS	mappedTypeConstraints2.ts:42:7	2322	DECLINED	Type 'Mapped6<K>[keyof Mapped6<K>]' is not assignable to type '`_${string}`'. | Type 'Mapped6<K>[`_${string}`]' is not assignable to type '`_${string}`'.		let s: `_${string}` = obj[key]; // Error
conformance/mappedTypeConstraints2	MISS	mappedTypeConstraints2.ts:59:57	2322	NOTREPORTABLE	Type 'Foo<T>[`get${T}`]' is not assignable to type 'T'. | 'T' could be instantiated with an arbitrary type which could be unrelated to 'Foo<T>[`get${T}`]'.		const get = <T extends string>(t: T, foo: Foo<T>): T => foo[`get${t}`];  // Type 'Foo<T>[`get${T}`]' is not assignable to type 'T'
conformance/mappedTypeConstraints2	MISS	mappedTypeConstraints2.ts:90:9	2322	NOTREPORTABLE	Type 'ObjectWithUnderscoredKeys<K>[`_${K}`]' is not assignable to type 'true'. | Type 'ObjectWithUnderscoredKeys<K>[`_${string}`]' is not assignable to type 'true'.		const shouldBeTrue: true = objectWithUnderscoredKeys[`_${key}`]; // assignability fails here, but ideally should not
conformance/mappedTypeErrors2	MISS	mappedTypeErrors2.ts:15:47	2322	NEVER	Type 'AB[S]' is not assignable to type 'string | number | symbol'.		type T5<S extends 'a'|'b'|'extra'> = {[key in AB[S]]: true}[S]; // Error
conformance/mappedTypeInferenceErrors	MISS	mappedTypeInferenceErrors.ts:16:9	2322	NEVER	Type 'number' is not assignable to type '() => unknown'.		baz: 42
conformance/mappedTypeOverlappingStringEnumKeys	EXTRA	mappedTypeOverlappingStringEnumKeys.ts:30:7	2322	-		Type '{ cat: ({ type: TerrestrialAnimalTypes; address: string; } | { type: AlienAnimalTypes; planet: string; })[]; dog: never[]; }' is not assignable to type 'CatMap'.	const catMap: CatMap = {
conformance/mappedTypeProperties	MISS	mappedTypeProperties.ts:40:11	2322	NEVER	Type 'string' is not assignable to type 'object'.		[P in 'a' | 'b']: any
conformance/mappedTypeRelationships	MISS	mappedTypeRelationships.ts:11:5	2322	DECLINED	Type 'T[keyof T]' is not assignable to type 'U[keyof T]'. | Type 'T' is not assignable to type 'U'. | 'U' could be instantiated with an arbitrary type which could be unrelated to 'T'.		y[k] = x[k];  // Error
conformance/mappedTypeRelationships	MISS	mappedTypeRelationships.ts:143:5	2322	DECLINED	Type '{ [P in keyof T]: T[P]; }' is not assignable to type '{ [P in keyof T]: U[P]; }'. | Type 'T[P]' is not assignable to type 'U[P]'. | Type 'T' is not assignable to type 'U'. | 'U' could be instantiated with an arbitrary type which could be unrelated to 'T'.		y = x;  // Error
conformance/mappedTypeRelationships	MISS	mappedTypeRelationships.ts:148:5	2322	DECLINED	Type '{ [P in keyof T]: T[P]; }' is not assignable to type '{ [P in keyof U]: U[P]; }'. | Type 'keyof U' is not assignable to type 'keyof T'. | Type 'string | number | symbol' is not assignable to type 'keyof T'. | Type 'string' is not assignable to type 'keyof T'.		y = x;  // Error
conformance/mappedTypeRelationships	MISS	mappedTypeRelationships.ts:153:5	2322	DECLINED	Type '{ [P in K]: T[P]; }' is not assignable to type '{ [P in keyof T]: T[P]; }'. | Type 'keyof T' is not assignable to type 'K'. | 'keyof T' is assignable to the constraint of type 'K', but 'K' could be instantiated with a different subtype of constraint 'string | number | symbol'. | Type 'string | number | symbol' is not assignable to type 'K'. | 'string | number | symbol' is assignable to the constraint of type 'K', but 'K' could be instantiated with a different subtype of constraint 'string | number | symbol'. | Type 'string' is not assignable to type 'K'. | 'string' is assignable to the constraint of type 'K', but 'K' could be instantiated with a different subtype of constraint 'string | number | symbol'.		y = x;  // Error
conformance/mappedTypeRelationships	MISS	mappedTypeRelationships.ts:158:5	2322	DECLINED	Type '{ [P in K]: T[P]; }' is not assignable to type '{ [P in keyof U]: U[P]; }'. | Type 'keyof U' is not assignable to type 'K'. | 'keyof U' is assignable to the constraint of type 'K', but 'K' could be instantiated with a different subtype of constraint 'string | number | symbol'. | Type 'string | number | symbol' is not assignable to type 'K'. | 'string | number | symbol' is assignable to the constraint of type 'K', but 'K' could be instantiated with a different subtype of constraint 'string | number | symbol'. | Type 'string' is not assignable to type 'K'. | 'string' is assignable to the constraint of type 'K', but 'K' could be instantiated with a different subtype of constraint 'string | number | symbol'.		y = x;  // Error
conformance/mappedTypeRelationships	MISS	mappedTypeRelationships.ts:163:5	2322	DECLINED	Type '{ [P in K]: T[P]; }' is not assignable to type '{ [P in keyof T]: U[P]; }'. | Type 'keyof T' is not assignable to type 'K'. | 'keyof T' is assignable to the constraint of type 'K', but 'K' could be instantiated with a different subtype of constraint 'string | number | symbol'. | Type 'string | number | symbol' is not assignable to type 'K'. | 'string | number | symbol' is assignable to the constraint of type 'K', but 'K' could be instantiated with a different subtype of constraint 'string | number | symbol'. | Type 'string' is not assignable to type 'K'. | 'string' is assignable to the constraint of type 'K', but 'K' could be instantiated with a different subtype of constraint 'string | number | symbol'.		y = x;  // Error
conformance/mappedTypeRelationships	MISS	mappedTypeRelationships.ts:168:5	2322	DECLINED	Type '{ [P in K]: T[P]; }' is not assignable to type '{ [P in K]: U[P]; }'. | Type 'T[P]' is not assignable to type 'U[P]'. | Type 'T' is not assignable to type 'U'. | 'U' could be instantiated with an arbitrary type which could be unrelated to 'T'.		y = x;  // Error
conformance/mappedTypeRelationships	MISS	mappedTypeRelationships.ts:16:5	2322	DECLINED	Type 'T[K]' is not assignable to type 'U[K]'. | Type 'T' is not assignable to type 'U'. | 'U' could be instantiated with an arbitrary type which could be unrelated to 'T'.		y[k] = x[k];  // Error
conformance/mappedTypeRelationships	MISS	mappedTypeRelationships.ts:30:5	2322	DECLINED	Type 'T[keyof T] | undefined' is not assignable to type 'T[keyof T]'. | 'T[keyof T]' could be instantiated with an arbitrary type which could be unrelated to 'T[keyof T] | undefined'.		x[k] = y[k];  // Error
conformance/mappedTypeRelationships	MISS	mappedTypeRelationships.ts:35:5	2322	DECLINED	Type 'T[K] | undefined' is not assignable to type 'T[K]'. | 'T[K]' could be instantiated with an arbitrary type which could be unrelated to 'T[K] | undefined'.		x[k] = y[k];  // Error
conformance/mappedTypeRelationships	MISS	mappedTypeRelationships.ts:40:5	2322	DECLINED	Type 'U[keyof T] | undefined' is not assignable to type 'T[keyof T]'. | 'T[keyof T]' could be instantiated with an arbitrary type which could be unrelated to 'U[keyof T] | undefined'.		x[k] = y[k];  // Error
conformance/mappedTypeRelationships	MISS	mappedTypeRelationships.ts:41:5	2322	DECLINED	Type 'T[keyof T]' is not assignable to type 'U[keyof T] | undefined'. | Type 'T[string] | T[number] | T[symbol]' is not assignable to type 'U[keyof T] | undefined'. | Type 'T[string]' is not assignable to type 'U[keyof T] | undefined'.		y[k] = x[k];  // Error
conformance/mappedTypeRelationships	MISS	mappedTypeRelationships.ts:45:5	2322	DECLINED	Type 'U[K] | undefined' is not assignable to type 'T[K]'. | 'T[K]' could be instantiated with an arbitrary type which could be unrelated to 'U[K] | undefined'.		x[k] = y[k];  // Error
conformance/mappedTypeRelationships	MISS	mappedTypeRelationships.ts:46:5	2322	DECLINED	Type 'T[K]' is not assignable to type 'U[K] | undefined'. | Type 'T[keyof T]' is not assignable to type 'U[K] | undefined'. | Type 'T[string] | T[number] | T[symbol]' is not assignable to type 'U[K] | undefined'. | Type 'T[string]' is not assignable to type 'U[K] | undefined'.		y[k] = x[k];  // Error
conformance/mappedTypeRelationships	MISS	mappedTypeRelationships.ts:61:5	2322	DECLINED	Type 'T[keyof T]' is not assignable to type 'U[keyof T]'. | Type 'T' is not assignable to type 'U'. | 'U' could be instantiated with an arbitrary type which could be unrelated to 'T'.		y[k] = x[k];  // Error
conformance/mappedTypeRelationships	MISS	mappedTypeRelationships.ts:66:5	2322	DECLINED	Type 'T[K]' is not assignable to type 'U[K]'. | Type 'T' is not assignable to type 'U'. | 'U' could be instantiated with an arbitrary type which could be unrelated to 'T'.		y[k] = x[k];  // Error
conformance/mappedTypeRelationships	MISS	mappedTypeRelationships.ts:72:5	2322	DECLINED	Type 'Partial<T>' is not assignable to type 'T'. | 'T' could be instantiated with an arbitrary type which could be unrelated to 'Partial<T>'.		x = y;  // Error
conformance/mappedTypeWithAny	EXTRA	mappedTypeWithAny.ts:45:5	2322	-		Type 'Objectish<any>' is not assignable to type 'any[]'.	arr = objectish;
conformance/mappedTypeWithAny	EXTRA	mappedTypeWithAny.ts:46:5	2322	-		Type 'IndirectArrayish<any>' is not assignable to type 'any[]'.	arr = indirectArrayish;
conformance/mappedTypes6	MISS	mappedTypes6.ts:27:5	2322	DECLINED	Type 'Partial<T>' is not assignable to type 'T'. | 'T' could be instantiated with an arbitrary type which could be unrelated to 'Partial<T>'.		y = z;  // Error
conformance/mappedTypes6	MISS	mappedTypes6.ts:37:5	2322	DECLINED	Type 'Required<T>' is not assignable to type 'Denullified<T>'. | Type 'T[P]' is not assignable to type 'NonNullable<T[P]>'. | Type 'T[keyof T]' is not assignable to type 'NonNullable<T[P]>'. | Type 'T[string] | T[number] | T[symbol]' is not assignable to type 'NonNullable<T[P]>'. | Type 'T[string]' is not assignable to type 'NonNullable<T[P]>'. | Type 'T[string]' is not assignable to type 'T[P]'. | Type 'string' is not assignable to type 'P'. | 'string' is assignable to the constraint of type 'P', but 'P' could be instantiated with a different subtype of constraint 'string | number | symbol'. | Type 'T[keyof T]' is not assignable to type 'T[P]'. | Type 'keyof T' is not assignable to type 'P'. | 'keyof T' is assignable to the constraint of type 'P', but 'P' could be instantiated with a different subtype of constraint 'string | number | symbol'. | Type 'string | number | symbol' is not assignable to type 'P'. | 'string | number | symbol' is assignable to the constraint of type 'P', but 'P' could be instantiated with a different subtype of constraint 'string | number | symbol'. | Type 'string' is not assignable to type 'P'. | 'string' is assignable to the constraint of type 'P', but 'P' could be instantiated with a different subtype of constraint 'string | number | symbol'. | Type 'T[P]' is not assignable to type '{}'. | Type 'T[keyof T]' is not assignable to type '{}'. | Type 'T[string] | T[number] | T[symbol]' is not assignable to type '{}'. | Type 'T[string]' is not assignable to type '{}'.		w = x;  // Error
conformance/mappedTypes6	MISS	mappedTypes6.ts:47:5	2322	DECLINED	Type 'Partial<T>' is not assignable to type 'T'. | 'T' could be instantiated with an arbitrary type which could be unrelated to 'Partial<T>'.		y = z;  // Error
conformance/mappedTypes6	MISS	mappedTypes6.ts:56:5	2322	DECLINED	Type '{}' is not assignable to type 'Denullified<T>'.		w = {};  // Error
conformance/mappedTypes6	MISS	mappedTypes6.ts:57:5	2322	DECLINED	Type '{}' is not assignable to type 'Required<T>'.		x = {};  // Error
conformance/mixinWithBaseDependingOnSelfNoCrash1	MISS	mixinWithBaseDependingOnSelfNoCrash1.ts:11:48	2345	NEVER	Argument of type 'typeof BaseItem' is not assignable to parameter of type 'new (...args: any[]) => any'. | Type 'typeof BaseItem' provides no match for the signature 'new (...args: any[]): any'.		declare class Item extends ClientDocumentMixin(BaseItem) {}
conformance/multiline	EXTRA	b.tsx:12:18	2322	-		Type 'number' is not assignable to type 'string'.	<MyComponent foo={100} />
conformance/multiline	EXTRA	b.tsx:15:18	2322	-		Type 'number' is not assignable to type 'string'.	<MyComponent foo={100} />
conformance/multiline	EXTRA	b.tsx:19:18	2322	-		Type 'number' is not assignable to type 'string'.	<MyComponent foo={100} />
conformance/multiline	EXTRA	b.tsx:23:18	2322	-		Type 'number' is not assignable to type 'string'.	<MyComponent foo={100} />
conformance/multiline	EXTRA	b.tsx:27:18	2322	-		Type 'number' is not assignable to type 'string'.	<MyComponent foo={100} />
conformance/multiline	EXTRA	b.tsx:30:18	2322	-		Type 'number' is not assignable to type 'string'.	<MyComponent foo={100} />
conformance/namespaceImportTypeQuery	EXTRA	/b.ts:5:5	2322	-		Type '{ A: any; B: any; }' is not assignable to type 'typeof /a'.	let t: typeof types = {
conformance/namespaceImportTypeQuery2	EXTRA	/b.ts:2:5	2322	-		Type '{ A: any; B: any; }' is not assignable to type 'typeof /a'.	let t: typeof types = {
conformance/namespaceImportTypeQuery3	EXTRA	/b.ts:2:5	2322	-		Type '{ A: any; B: any; }' is not assignable to type 'typeof /a'.	let t: typeof types = {
conformance/namespaceImportTypeQuery4	EXTRA	/b.ts:2:5	2322	-		Type '{ A: any; B: any; }' is not assignable to type 'typeof /a'.	let t: typeof types = {
conformance/noInfer	EXTRA	noInfer.ts:39:13	2345	-		Argument of type '{ x: string; }' is not assignable to parameter of type 'NoInfer<{ x: "foo"; }>'.	foo5('foo', { x: 'bar' }) // error
conformance/noInfer	EXTRA	noInfer.ts:58:14	2345	-		Argument of type '{ x: number; y: number; }' is not assignable to parameter of type 'NoInfer<{ x: number; }>'.	invoke(test, { x: 1, y: 2 }); // error
conformance/noInfer	MISS	noInfer.ts:36:14	2322	NEVER	Type '"bar"' is not assignable to type '"foo"'.		foo2('foo', ['bar']) // error
conformance/noInfer	MISS	noInfer.ts:37:14	2322	NEVER	Type '"bar"' is not assignable to type '"foo"'.		foo3('foo', ['bar']) // error
conformance/noInfer	MISS	noInfer.ts:38:15	2322	NEVER	Type '"bar"' is not assignable to type '"foo"'.		foo4('foo', { x: 'bar' }) // error
conformance/noInfer	MISS	noInfer.ts:39:15	2322	NEVER	Type '"bar"' is not assignable to type '"foo"'.		foo5('foo', { x: 'bar' }) // error
conformance/noUncheckedIndexedAccess	MISS	noUncheckedIndexedAccess.ts:39:1	2322	DECLINED	Type 'undefined' is not assignable to type 'boolean'.		strMap.qua = undefined;
conformance/noUncheckedIndexedAccess	MISS	noUncheckedIndexedAccess.ts:85:1	2322	NEVER	Type 'undefined' is not assignable to type 'string'.		symbolMap[s] = undefined; // Should error
conformance/noUncheckedIndexedAccess	MISS	noUncheckedIndexedAccess.ts:98:5	2322	DECLINED	Type 'undefined' is not assignable to type '{ [key: string]: string; a: string; b: string; }[Key]'. | Type 'undefined' is not assignable to type 'string'.		myRecord2[key] = undefined; // Should error
conformance/noUncheckedIndexedAccessDestructuring	MISS	noUncheckedIndexedAccessDestructuring.ts:62:2	2322	NEVER	Type 'string | undefined' is not assignable to type 'string'. | Type 'undefined' is not assignable to type 'string'.		[target_string] = strArray; // Should error
conformance/noUncheckedIndexedAccessDestructuring	MISS	noUncheckedIndexedAccessDestructuring.ts:71:8	2322	NEVER	Type 'number | undefined' is not assignable to type 'number'. | Type 'undefined' is not assignable to type 'number'.		({ q } = numMapPoint); // Should error
conformance/nonPrimitiveUnionIntersection	EXTRA	nonPrimitiveUnionIntersection.ts:8:7	2322	-		Type '{ bar: string; }' is not assignable to type 'object & { err: string; }'.	const bar: object & {err: string} = {bar: 'bar'}; // error
conformance/numericIndexerConstrainsPropertyDeclarations	EXTRA	numericIndexerConstrainsPropertyDeclarations.ts:78:5	2322	-		Type '{ a: string; b: number; c: () => void; d: string; e: number; 1: string; 2: number; "3.0": string; "4.0": number; f: Myn; X: string; foo(): string; }' is not assignable to type '{ [x: number]: string; }'.	var b: { [x: number]: string; } = {
conformance/numericIndexerConstrainsPropertyDeclarations	MISS	numericIndexerConstrainsPropertyDeclarations.ts:85:5	2322	NEVER	Type 'number' is not assignable to type 'string'.		2.0: 1,
conformance/numericIndexerConstrainsPropertyDeclarations2	EXTRA	numericIndexerConstrainsPropertyDeclarations2.ts:39:5	2322	-		Type '{ 1: A; 2: B; "2.5": B; 3: number; "4.0": string; }' is not assignable to type '{ [x: number]: A; }'.	var b: { [x: number]: A } = {
conformance/numericIndexerConstrainsPropertyDeclarations2	MISS	numericIndexerConstrainsPropertyDeclarations2.ts:43:5	2322	NEVER	Type 'number' is not assignable to type 'A'.		3.0: 1,
conformance/objectLiteralNormalization	MISS	objectLiteralNormalization.ts:17:1	2322	REPORTED	Type '{ a: string; b: number; }' is not assignable to type '{ a: number; b: number; } | { b?: undefined; a: string; } | { b?: undefined; a?: undefined; }'. | Types of property 'b' are incompatible. | Type 'number' is not assignable to type 'undefined'.		a2 = { a: "def", b: 20 };  // Error
conformance/objectLiteralNormalization	MISS	objectLiteralNormalization.ts:48:20	2322	NEVER	Type '2' is not assignable to type '1'.		let e3 = f(data, { a: 2 });
conformance/objectLiteralNormalization	MISS	objectLiteralNormalization.ts:49:14	2322	NEVER	Type '2' is not assignable to type '1'.		let e4 = f({ a: 2 }, data);
conformance/objectLiteralShorthandPropertiesAssignmentError	EXTRA	objectLiteralShorthandPropertiesAssignmentError.ts:4:5	2322	-		Type '{ name: string; id: number; }' is not assignable to type '{ b: string; id: number; }'.	var person: { b: string; id: number } = { name, id };  // error
conformance/objectLiteralShorthandPropertiesAssignmentErrorFromMissingIdentifier	EXTRA	objectLiteralShorthandPropertiesAssignmentErrorFromMissingIdentifier.ts:4:5	2322	-		Type '{ name: string; id: number; }' is not assignable to type '{ b: string; id: number; }'.	var person: { b: string; id: number } = { name, id };  // error
conformance/objectRestNegative	MISS	objectRestNegative.ts:6:10	2322	NEVER	Type '{ a: number; }' is not assignable to type '{ a: string; }'. | Types of property 'a' are incompatible. | Type 'number' is not assignable to type 'string'.		({ b, ...notAssignable } = o);
conformance/objectSpreadStrictNull	EXTRA	objectSpreadStrictNull.ts:28:7	2322	-		Type '{ yearReleased: number; title: undefined; }' is not assignable to type 'Movie'.	const x: Movie = { ...m, title: undefined };
conformance/objectSpreadStrictNull	MISS	objectSpreadStrictNull.ts:28:26	2322	NEVER	Type 'undefined' is not assignable to type 'string'.		const x: Movie = { ...m, title: undefined };
conformance/objectTypeWithStringAndNumberIndexSignatureToAny	EXTRA	objectTypeWithStringAndNumberIndexSignatureToAny.ts:69:5	2322	-		Type 'StringTo<any> & NumberTo<any>' is not assignable to type 'Obj'.	someObj = bothToAny;
conformance/objectTypeWithStringAndNumberIndexSignatureToAny	MISS	objectTypeWithStringAndNumberIndexSignatureToAny.ts:88:5	2322	DECLINED	Type 'Obj' is not assignable to type 'StringToAnyNumberToNumber'. | Index signature for type 'number' is missing in type 'Obj'.		strToAnyNumToNum = someObj;
conformance/objectTypeWithStringAndNumberIndexSignatureToAny	MISS	objectTypeWithStringAndNumberIndexSignatureToAny.ts:91:5	2322	REPORTED	Type 'NumberToNumber' is not assignable to type 'Obj'. | Type 'NumberTo<number>' is missing the following properties from type 'Obj': hello, world		someObj = nToNumber;
conformance/optionalBindingParameters1	EXTRA	optionalBindingParameters1.ts:7:5	2345	-		Argument of type '[boolean, number, string]' is not assignable to parameter of type '[string, number, boolean] | undefined'.	foo([false, 0, ""]);
conformance/optionalBindingParameters1	MISS	optionalBindingParameters1.ts:7:16	2322	NEVER	Type 'string' is not assignable to type 'boolean'.		foo([false, 0, ""]);
conformance/optionalBindingParameters1	MISS	optionalBindingParameters1.ts:7:6	2322	NEVER	Type 'boolean' is not assignable to type 'string'.		foo([false, 0, ""]);
conformance/optionalBindingParameters2	MISS	optionalBindingParameters2.ts:7:23	2322	NEVER	Type 'string' is not assignable to type 'boolean'.		foo({ x: false, y: 0, z: "" });
conformance/optionalBindingParameters2	MISS	optionalBindingParameters2.ts:7:7	2322	NEVER	Type 'boolean' is not assignable to type 'string'.		foo({ x: false, y: 0, z: "" });
conformance/optionalBindingParametersInOverloads1	EXTRA	optionalBindingParametersInOverloads1.ts:8:5	2345	-		Argument of type '[boolean, number, string]' is not assignable to parameter of type '[string, number, boolean] | undefined'.	foo([false, 0, ""]);
conformance/optionalBindingParametersInOverloads1	MISS	optionalBindingParametersInOverloads1.ts:8:16	2322	NEVER	Type 'string' is not assignable to type 'boolean'.		foo([false, 0, ""]);
conformance/optionalBindingParametersInOverloads1	MISS	optionalBindingParametersInOverloads1.ts:8:6	2322	NEVER	Type 'boolean' is not assignable to type 'string'.		foo([false, 0, ""]);
conformance/optionalBindingParametersInOverloads2	MISS	optionalBindingParametersInOverloads2.ts:8:23	2322	NEVER	Type 'string' is not assignable to type 'boolean'.		foo({ x: false, y: 0, z: "" });
conformance/optionalBindingParametersInOverloads2	MISS	optionalBindingParametersInOverloads2.ts:8:7	2322	NEVER	Type 'boolean' is not assignable to type 'string'.		foo({ x: false, y: 0, z: "" });
conformance/overloadResolution	MISS	overloadResolution.ts:70:21	2345	NEVER	Argument of type 'number' is not assignable to parameter of type 'string'.		fn4<string, number>(3, ''); // Error
conformance/overloadResolution	MISS	overloadResolution.ts:71:21	2345	NEVER	Argument of type 'string' is not assignable to parameter of type 'number'.		fn4<number, string>('', 3); // Error
conformance/overloadResolutionClassConstructors	MISS	overloadResolutionClassConstructors.ts:73:25	2345	NEVER	Argument of type 'number' is not assignable to parameter of type 'string'.		new fn4<string, number>(3, ''); // Error
conformance/overloadResolutionClassConstructors	MISS	overloadResolutionClassConstructors.ts:79:9	2345	NEVER	Argument of type 'number' is not assignable to parameter of type 'string'.		new fn4(3, ''); // Error
conformance/overloadResolutionClassConstructors	MISS	overloadResolutionClassConstructors.ts:80:9	2345	NEVER	Argument of type 'number' is not assignable to parameter of type 'string'.		new fn4(3, undefined); // Error
conformance/overloadResolutionClassConstructors	MISS	overloadResolutionClassConstructors.ts:87:9	2345	NEVER	Argument of type 'boolean' is not assignable to parameter of type 'string'.		new fn4(true, null); // Error
conformance/overloadResolutionClassConstructors	MISS	overloadResolutionClassConstructors.ts:88:15	2345	NEVER	Argument of type 'boolean' is not assignable to parameter of type 'number'.		new fn4(null, true); // Error
conformance/overloadResolutionConstructors	MISS	overloadResolutionConstructors.ts:43:15	2345	NEVER	Argument of type 'string' is not assignable to parameter of type 'number'.		new fn2<Date>('', 0); // Error
conformance/overloadResolutionConstructors	MISS	overloadResolutionConstructors.ts:77:25	2345	NEVER	Argument of type 'number' is not assignable to parameter of type 'string'.		new fn4<string, number>(3, ''); // Error
conformance/overloadResolutionConstructors	MISS	overloadResolutionConstructors.ts:78:25	2345	NEVER	Argument of type 'string' is not assignable to parameter of type 'number'.		new fn4<number, string>('', 3); // Error
conformance/parenthesizedContexualTyping2	EXTRA	parenthesizedContexualTyping2.ts:28:117	2345	-		Argument of type 'undefined' is not assignable to parameter of type 'number'.	var k = fun((Math.random() < 0.5 ? (x => { x<number>(undefined); return x; }) : (x => undefined)), x => { x<number>(undefined); return x; }, 10);
conformance/parenthesizedContexualTyping2	EXTRA	parenthesizedContexualTyping2.ts:29:124	2345	-		Argument of type 'undefined' is not assignable to parameter of type 'number'.	var l = fun(((Math.random() < 0.5 ? ((x => { x<number>(undefined); return x; })) : ((x => undefined)))),((x => { x<number>(undefined); return x; })), 10);
conformance/parenthesizedContexualTyping2	MISS	parenthesizedContexualTyping2.ts:26:14	2345	NEVER	Argument of type '((x: <T>(p: T) => T) => <T>(p: T) => T) | ((x: <T>(p: T) => T) => undefined)' is not assignable to parameter of type 'FuncType'. | Type '(x: <T>(p: T) => T) => undefined' is not assignable to type 'FuncType'. | Type 'undefined' is not assignable to type '<T>(p: T) => T'.		var i = fun((Math.random() < 0.5 ? x => { x<number>(undefined); return x; } : x => undefined), 10);
conformance/parenthesizedContexualTyping2	MISS	parenthesizedContexualTyping2.ts:27:14	2345	NEVER	Argument of type '((x: <T>(p: T) => T) => <T>(p: T) => T) | ((x: <T>(p: T) => T) => undefined)' is not assignable to parameter of type 'FuncType'. | Type '(x: <T>(p: T) => T) => undefined' is not assignable to type 'FuncType'. | Type 'undefined' is not assignable to type '<T>(p: T) => T'.		var j = fun((Math.random() < 0.5 ? (x => { x<number>(undefined); return x; }) : (x => undefined)), 10);
conformance/parenthesizedContexualTyping2	MISS	parenthesizedContexualTyping2.ts:28:14	2345	NEVER	Argument of type '((x: <T>(p: T) => T) => <T>(p: T) => T) | ((x: <T>(p: T) => T) => undefined)' is not assignable to parameter of type 'FuncType'. | Type '(x: <T>(p: T) => T) => undefined' is not assignable to type 'FuncType'. | Type 'undefined' is not assignable to type '<T>(p: T) => T'.		var k = fun((Math.random() < 0.5 ? (x => { x<number>(undefined); return x; }) : (x => undefined)), x => { x<number>(undefined); return x; }, 10);
conformance/parenthesizedContexualTyping2	MISS	parenthesizedContexualTyping2.ts:29:15	2345	NEVER	Argument of type '((x: <T>(p: T) => T) => <T>(p: T) => T) | ((x: <T>(p: T) => T) => undefined)' is not assignable to parameter of type 'FuncType'. | Type '(x: <T>(p: T) => T) => undefined' is not assignable to type 'FuncType'. | Type 'undefined' is not assignable to type '<T>(p: T) => T'.		var l = fun(((Math.random() < 0.5 ? ((x => { x<number>(undefined); return x; })) : ((x => undefined)))),((x => { x<number>(undefined); return x; })), 10);
conformance/parseClassDeclarationInStrictModeByDefaultInES6	MISS	parseClassDeclarationInStrictModeByDefaultInES6.ts:6:9	2322	NEVER	Type 'string' is not assignable to type 'IArguments'.		arguments = "hello";
conformance/parserRealSource7	MISS	parserRealSource7.ts:99:13	2322	NEVER	Type 'null' is not assignable to type 'Symbol'.		var symbol: Symbol = null;
conformance/partiallyAnnotatedFunctionInferenceError	MISS	partiallyAnnotatedFunctionInferenceError.ts:12:11	2345	NEVER	Argument of type '(t1: D, t2: any, t3: any) => void' is not assignable to parameter of type '(t: any, t1: any) => void'. | Target signature provides too few arguments. Expected 3 or more, but got 2.		testError((t1: D, t2, t3) => {})
conformance/partiallyAnnotatedFunctionInferenceError	MISS	partiallyAnnotatedFunctionInferenceError.ts:13:11	2345	NEVER	Argument of type '(t1: any, t2: D, t3: any) => void' is not assignable to parameter of type '(t: any, t1: any) => void'. | Target signature provides too few arguments. Expected 3 or more, but got 2.		testError((t1, t2: D, t3) => {})
conformance/partiallyAnnotatedFunctionInferenceError	MISS	partiallyAnnotatedFunctionInferenceError.ts:14:11	2345	NEVER	Argument of type '(t1: any, t2: any, t3: D) => void' is not assignable to parameter of type '(t: any, t1: any) => void'. | Target signature provides too few arguments. Expected 3 or more, but got 2.		testError((t1, t2, t3: D) => {})
conformance/partiallyAnnotatedFunctionInferenceWithTypeParameter	MISS	partiallyAnnotatedFunctionInferenceWithTypeParameter.ts:33:10	2345	NEVER	Argument of type '(t2: C, ...t3: D[]) => void' is not assignable to parameter of type '(t: C, t1: C, ...ts: C[]) => void'. | Types of parameters 't3' and 't1' are incompatible. | Property 'test2' is missing in type 'C' but required in type 'D'.		testRest((t2, ...t3: D[]) => {})
conformance/privateNameDeclarationMerging	EXTRA	privateNameDeclarationMerging.ts:8:22	2322	-		Type 'C' is not assignable to type 'D'.	const d: D = new C();
conformance/privateNamesUnique-4	MISS	privateNamesUnique-4.ts:6:7	2322	REPORTED	Type 'A2' is not assignable to type 'C'. | Property '#something' is missing in type 'A1' but required in type 'C'.		const c: C = a;
conformance/privateNamesUnique-5	MISS	privateNamesUnique-5.ts:12:7	2322	DECLINED	Type 'B' is not assignable to type 'A2'. | Property '#foo' in type 'B' refers to a different member that cannot be accessed from within type 'A'.		const b: A2 = new B();
conformance/propertyAccess	EXTRA	propertyAccess.ts:11:5	2322	-		Type '{ 3: string; three: string; }' is not assignable to type '{ [n: number]: string; }'.	var numIndex: { [n: number]: string } = { 3: 'three', 'three': 'three' };
conformance/recursiveMappedTypes	EXTRA	recursiveMappedTypes.ts:21:3	2322	-		Type '[Circular<tup>, Circular<tup>, Circular<tup>, Circular<tup>]' is not assignable to type 'tup'.	return arg;
conformance/recursiveTypeReferences1	EXTRA	recursiveTypeReferences1.ts:47:7	2322	-		Type '{ value: { value: { value: number; }; }; }' is not assignable to type 'Box2'.	const b22: Box2 = { value: { value: { value: 42 }}};
conformance/recursiveTypeReferences1	MISS	recursiveTypeReferences1.ts:60:7	2322	NEVER	Type 'number' is not assignable to type 'string | RecArray<string>'.		flat([1, ['a']]);  // Error
conformance/recursiveTypeReferences1	MISS	recursiveTypeReferences1.ts:66:8	2322	NEVER	Type 'number' is not assignable to type 'string | string[]'.		flat1([1, ['a']]);  // Error
conformance/recursiveTypeReferences1	MISS	recursiveTypeReferences1.ts:72:8	2322	NEVER	Type 'number' is not assignable to type 'string | (string | string[])[]'.		flat2([1, ['a']]);  // Error
conformance/recursiveTypeReferences2	MISS	bug39372.js:25:7	2322	NEVER	Type '{}' is not assignable to type 'XMLObject<{ foo: string; }>'. | Type '{}' is missing the following properties from type '{ $A: { foo?: XMLObject<string>[] | undefined; }; $O: { foo?: ({ $$?: Record<string, string> | undefined; } & { $: string; }) | undefined; }; $$?: Record<string, string> | undefined; }': $A, $O		const p = {};
conformance/restElementWithAssignmentPattern2	MISS	restElementWithAssignmentPattern2.ts:2:10	2322	DECLINED	Type 'string | number' is not assignable to type 'string'. | Type 'number' is not assignable to type 'string'.		[...{ 0: a = "", b }] = ["", 1];
conformance/restTupleElements1	MISS	restTupleElements1.ts:59:4	2345	NEVER	Argument of type '[]' is not assignable to parameter of type '[unknown, ...unknown[]]'. | Source has 0 element(s) but target requires 1.		f0([]);  // Error
conformance/restTuplesFromContextualTypes	MISS	restTuplesFromContextualTypes.ts:56:7	2345	NEVER	Argument of type '(a: number, b: T[0], ...x: T[number][]) => void' is not assignable to parameter of type '(x: number, ...args: T) => void'. | Types of parameters 'b' and 'args' are incompatible. | Type 'T' is not assignable to type '[b: T[0], ...x: T[number][]]'. | Type 'any[]' is not assignable to type '[b: T[0], ...x: T[number][]]'. | Source provides no match for required element at position 0 in target.		f((a, b, ...x) => {});
conformance/spreadUnion3	EXTRA	spreadUnion3.ts:2:5	2322	-		Type '{ y: string | number; }' is not assignable to type '{ y: string; }'.	return { y: 123, ...x } // y: string | number
conformance/spreadUnion3	MISS	spreadUnion3.ts:2:14	2322	NEVER	Type 'number' is not assignable to type 'string'.		return { y: 123, ...x } // y: string | number
conformance/stringIndexerConstrainsPropertyDeclarations	MISS	stringIndexerConstrainsPropertyDeclarations.ts:85:5	2322	NEVER	Type 'number' is not assignable to type 'string'.		2.0: 1,
conformance/stringMappingDeferralInConditionalTypes	EXTRA	stringMappingDeferralInConditionalTypes.ts:18:5	2322	-		Type '1' is not assignable to type '0'.	let x5: G<""> = 1; // ok
conformance/stringMappingOverPatternLiterals	MISS	stringMappingOverPatternLiterals.ts:129:5	2322	DECLINED	Type 'Capitalize<string>' is not assignable to type '`A${string}`'. | Type 'string' is not assignable to type '`A${string}`'.		cap_tem = cap_str;
conformance/stringMappingOverPatternLiterals	MISS	stringMappingOverPatternLiterals.ts:130:5	2322	DECLINED	Type 'Capitalize<string>' is not assignable to type '`A${string}`'. | Type 'string' is not assignable to type '`A${string}`'.		cap_tem_map = cap_str;
conformance/stringMappingOverPatternLiterals	MISS	stringMappingOverPatternLiterals.ts:131:5	2322	DECLINED	Type 'Capitalize<string>' is not assignable to type '`A${string}`'. | Type 'string' is not assignable to type '`A${string}`'.		cap_tem_map2 = cap_str;
conformance/stringMappingOverPatternLiterals	MISS	stringMappingOverPatternLiterals.ts:147:5	2322	DECLINED	Type 'Uncapitalize<string>' is not assignable to type '`a${string}`'. | Type 'string' is not assignable to type '`a${string}`'.		uncap_tem = uncap_str;
conformance/stringMappingOverPatternLiterals	MISS	stringMappingOverPatternLiterals.ts:148:5	2322	DECLINED	Type 'Uncapitalize<string>' is not assignable to type '`a${string}`'. | Type 'string' is not assignable to type '`a${string}`'.		uncap_tem_map = uncap_str;
conformance/stringMappingOverPatternLiterals	MISS	stringMappingOverPatternLiterals.ts:149:5	2322	DECLINED	Type 'Uncapitalize<string>' is not assignable to type '`a${string}`'. | Type 'string' is not assignable to type '`a${string}`'.		uncap_tem_map2 = uncap_str;
conformance/symbolProperty46	MISS	symbolProperty46.ts:10:1	2322	NEVER	Type 'number' is not assignable to type 'string'.		(new C)[Symbol.hasInstance] = 0;
conformance/symbolProperty47	MISS	symbolProperty47.ts:11:1	2322	NEVER	Type 'string' is not assignable to type 'number'.		(new C)[Symbol.hasInstance] = "";
conformance/symbolProperty47	MISS	symbolProperty47.ts:3:9	2322	NEVER	Type 'string' is not assignable to type 'number'.		return "";
conformance/symbolType12	EXTRA	symbolType12.ts:11:1	2322	-		Type 'string' is not assignable to type 'symbol'.	s += "";
conformance/symbolType2	MISS	symbolType2.ts:2:7	2322	DECLINED	Type 'typeof Symbol.toPrimitive' is not assignable to type 'object'.		"" in Symbol.toPrimitive;
conformance/taggedTemplateContextualTyping1	MISS	taggedTemplateContextualTyping1.ts:13:31	2345	NEVER	Argument of type 'undefined' is not assignable to parameter of type 'number'.		tempTag1 `${ x => { x<number>(undefined); return x; }                   }${ 10 }`;
conformance/taggedTemplateContextualTyping1	MISS	taggedTemplateContextualTyping1.ts:14:31	2345	NEVER	Argument of type 'undefined' is not assignable to parameter of type 'number'.		tempTag1 `${ x => { x<number>(undefined); return x; }                   }${ y => { y<number>(undefined); return y; }                  }${ 10 }`;
conformance/taggedTemplateContextualTyping1	MISS	taggedTemplateContextualTyping1.ts:14:94	2345	NEVER	Argument of type 'undefined' is not assignable to parameter of type 'number'.		tempTag1 `${ x => { x<number>(undefined); return x; }                   }${ y => { y<number>(undefined); return y; }                  }${ 10 }`;
conformance/taggedTemplateContextualTyping1	MISS	taggedTemplateContextualTyping1.ts:15:31	2345	NEVER	Argument of type 'undefined' is not assignable to parameter of type 'number'.		tempTag1 `${ x => { x<number>(undefined); return x; }                   }${ (y: <T>(p: T) => T) => { y<number>(undefined); return y } }${ undefined }`;
conformance/taggedTemplateContextualTyping1	MISS	taggedTemplateContextualTyping1.ts:16:94	2345	NEVER	Argument of type 'undefined' is not assignable to parameter of type 'number'.		tempTag1 `${ (x: <T>(p: T) => T) => { x<number>(undefined); return x; } }${ y => { y<number>(undefined); return y; }                  }${ undefined }`;
conformance/taggedTemplateContextualTyping2	MISS	taggedTemplateContextualTyping2.ts:16:67	2345	NEVER	Argument of type 'undefined' is not assignable to parameter of type 'FuncType2'.		tempTag2 `${ x => { x<number, string>(undefined); return x; } }${ undefined }${ "hello" }`;
conformance/taggedTemplateStringsTypeArgumentInference	MISS	taggedTemplateStringsTypeArgumentInference.ts:33:28	2345	NEVER	Argument of type 'null' is not assignable to parameter of type '(x: unknown) => void'.		someGenerics4 `${ null }${ null }`;
conformance/taggedTemplateStringsTypeArgumentInference	MISS	taggedTemplateStringsTypeArgumentInference.ts:39:25	2345	NEVER	Argument of type 'null' is not assignable to parameter of type '(x: unknown) => void'.		someGenerics5 `${null}${null}`;
conformance/taggedTemplateStringsTypeArgumentInference	MISS	taggedTemplateStringsTypeArgumentInference.ts:56:6	2345	NEVER	Argument of type 'null' is not assignable to parameter of type '(a: unknown) => unknown'.		x `${null}${null}${null}`;
conformance/taggedTemplateStringsTypeArgumentInference	MISS	taggedTemplateStringsTypeArgumentInference.ts:62:36	2345	NEVER	Argument of type '0' is not assignable to parameter of type '""'.		var a9a = someGenerics9 `${ '' }${ 0 }${ [] }`;
conformance/taggedTemplateStringsTypeArgumentInferenceES6	MISS	taggedTemplateStringsTypeArgumentInferenceES6.ts:33:28	2345	NEVER	Argument of type 'null' is not assignable to parameter of type '(x: unknown) => void'.		someGenerics4 `${ null }${ null }`;
conformance/taggedTemplateStringsTypeArgumentInferenceES6	MISS	taggedTemplateStringsTypeArgumentInferenceES6.ts:39:25	2345	NEVER	Argument of type 'null' is not assignable to parameter of type '(x: unknown) => void'.		someGenerics5 `${null}${null}`;
conformance/taggedTemplateStringsTypeArgumentInferenceES6	MISS	taggedTemplateStringsTypeArgumentInferenceES6.ts:56:6	2345	NEVER	Argument of type 'null' is not assignable to parameter of type '(a: unknown) => unknown'.		x `${null}${null}${null}`;
conformance/taggedTemplateStringsTypeArgumentInferenceES6	MISS	taggedTemplateStringsTypeArgumentInferenceES6.ts:62:36	2345	NEVER	Argument of type '0' is not assignable to parameter of type '""'.		var a9a = someGenerics9 `${ '' }${ 0 }${ [] }`;
conformance/taggedTemplatesWithTypeArguments2	MISS	taggedTemplatesWithTypeArguments2.ts:13:30	2345	NEVER	Argument of type 'string' is not assignable to parameter of type 'number'.		const b = new tag<number> `${"hello"} ${"world"}`(100, 200);
conformance/taggedTemplatesWithTypeArguments2	MISS	taggedTemplatesWithTypeArguments2.ts:17:30	2345	NEVER	Argument of type 'string' is not assignable to parameter of type 'number'.		const d = new tag<number> `${"hello"} ${"world"}`<string>(100, 200);
conformance/taggedTemplatesWithTypeArguments2	MISS	taggedTemplatesWithTypeArguments2.ts:17:59	2345	NEVER	Argument of type 'number' is not assignable to parameter of type 'string'.		const d = new tag<number> `${"hello"} ${"world"}`<string>(100, 200);
conformance/templateLiteralTypes3	MISS	templateLiteralTypes3.ts:20:19	2345	NEVER	Argument of type '"hello"' is not assignable to parameter of type '`*${string}*`'.		let x1 = foo1('hello');  // Error
conformance/templateLiteralTypes5	MISS	templateLiteralTypes5.ts:10:7	2322	DECLINED	Type '<T0 extends "a" | "b">(x: `${T0}`) => TypeMap[T0]' is not assignable to type 'F2'. | Type 'TypeMap[T2]' is not assignable to type 'TypeMap[`${T2}`]'. | Type 'T2' is not assignable to type '`${T2}`'. | Type '"a" | "b"' is not assignable to type '`${T2}`'. | Type '"a"' is not assignable to type '`${T2}`'.		const f2: F2 = f
conformance/thisTypeInFunctions	EXTRA	thisTypeInFunctions.ts:163:1	2322	-		Type '(this: Derived1) => number' is not assignable to type '(this: Derived2) => number'.	d2.polymorphic = d1.polymorphic // ok, 'x' and 'y' in { x, y }
conformance/thisTypeInFunctions	EXTRA	thisTypeInFunctions.ts:164:1	2322	-		Type '(this: Derived2) => number' is not assignable to type '(this: Derived1) => number'.	d1.polymorphic = d2.polymorphic // ok, 'x' and 'y' in { x, y }
conformance/thisTypeInFunctions	EXTRA	thisTypeInFunctions.ts:167:1	2322	-		Type '(this: Base2) => number' is not assignable to type '(this: Derived1) => number'.	d1.polymorphic = b2.polymorphic // ok, 'y' in D: { x, y }
conformance/thisTypeInFunctions	EXTRA	thisTypeInFunctions.ts:168:1	2322	-		Type '(this: Base1) => number' is not assignable to type '(this: Derived2) => number'.	d2.polymorphic = d1.explicit // ok, 'y' in { x, y }
conformance/thisTypeInFunctions	EXTRA	thisTypeInFunctions.ts:169:1	2322	-		Type '(this: Derived2) => number' is not assignable to type '(this: Base1) => number'.	b1.polymorphic = d2.polymorphic // ok, 'x' and 'y' not in Base1: { x }
conformance/thisTypeInFunctions	EXTRA	thisTypeInFunctions.ts:170:1	2322	-		Type '(this: Derived2) => number' is not assignable to type '(this: Base1) => number'.	b1.explicit = d2.polymorphic // ok, 'x' and 'y' not in Base1: { x }
conformance/thisTypeInFunctionsNegative	MISS	thisTypeInFunctionsNegative.ts:107:1	2322	NEVER	Type '(this: D, m: number) => number' is not assignable to type '(this: C, m: number) => number'. | The 'this' types of each signature are incompatible. | Type 'C' is missing the following properties from type 'D': x, explicitD		c.explicitC = function(this: D, m: number) { return this.x + m };
conformance/thisTypeInFunctionsNegative	MISS	thisTypeInFunctionsNegative.ts:108:1	2322	NEVER	Type '(this: { x: number; }, m: number) => number' is not assignable to type '(this: { n: number; }, m: number) => number'. | The 'this' types of each signature are incompatible. | Property 'x' is missing in type '{ n: number; }' but required in type '{ x: number; }'.		c.explicitProperty = explicitXProperty;
conformance/thisTypeInFunctionsNegative	MISS	thisTypeInFunctionsNegative.ts:110:1	2322	NEVER	Type '(this: D, m: number) => number' is not assignable to type '(this: C, m: number) => number'. | The 'this' types of each signature are incompatible. | Type 'C' is missing the following properties from type 'D': x, explicitD		c.explicitC = d.explicitD;
conformance/thisTypeInFunctionsNegative	MISS	thisTypeInFunctionsNegative.ts:111:1	2322	NEVER	Type '(this: D, m: number) => number' is not assignable to type '(this: C, m: number) => number'. | The 'this' types of each signature are incompatible. | Type 'C' is missing the following properties from type 'D': x, explicitD		c.explicitC = d.explicitThis;
conformance/thisTypeInFunctionsNegative	MISS	thisTypeInFunctionsNegative.ts:112:1	2322	NEVER	Type '(this: D, m: number) => number' is not assignable to type '(this: C, m: number) => number'. | The 'this' types of each signature are incompatible. | Type 'C' is missing the following properties from type 'D': x, explicitD		c.explicitThis = d.explicitD;
conformance/thisTypeInFunctionsNegative	MISS	thisTypeInFunctionsNegative.ts:113:1	2322	NEVER	Type '(this: D, m: number) => number' is not assignable to type '(this: C, m: number) => number'. | The 'this' types of each signature are incompatible. | Type 'C' is missing the following properties from type 'D': x, explicitD		c.explicitThis = d.explicitThis;
conformance/thisTypeInFunctionsNegative	MISS	thisTypeInFunctionsNegative.ts:114:1	2322	NEVER	Type '(this: D, m: number) => number' is not assignable to type '(this: { n: number; }, m: number) => number'. | The 'this' types of each signature are incompatible. | Type '{ n: number; }' is missing the following properties from type 'D': x, explicitThis, explicitD		c.explicitProperty = d.explicitD;
conformance/thisTypeInFunctionsNegative	MISS	thisTypeInFunctionsNegative.ts:115:1	2322	NEVER	Type '(this: D, m: number) => number' is not assignable to type '(this: C, m: number) => number'. | The 'this' types of each signature are incompatible. | Type 'C' is missing the following properties from type 'D': x, explicitD		c.explicitThis = d.explicitThis;
conformance/thisTypeInFunctionsNegative	MISS	thisTypeInFunctionsNegative.ts:116:1	2322	NEVER	Type '(this: D, m: number) => number' is not assignable to type '(this: void, m: number) => number'. | The 'this' types of each signature are incompatible. | Type 'void' is not assignable to type 'D'.		c.explicitVoid = d.explicitD;
conformance/thisTypeInFunctionsNegative	MISS	thisTypeInFunctionsNegative.ts:117:1	2322	NEVER	Type '(this: D, m: number) => number' is not assignable to type '(this: void, m: number) => number'. | The 'this' types of each signature are incompatible. | Type 'void' is not assignable to type 'D'.		c.explicitVoid = d.explicitThis;
conformance/thisTypeInFunctionsNegative	MISS	thisTypeInFunctionsNegative.ts:145:1	2322	NEVER	Type '(this: Base2) => number' is not assignable to type '(this: Base1) => number'. | The 'this' types of each signature are incompatible. | Property 'y' is missing in type 'Base1' but required in type 'Base2'.		b1.polymorphic = b2.polymorphic // error, 'this.y' not in Base1: { x }
conformance/thisTypeInFunctionsNegative	MISS	thisTypeInFunctionsNegative.ts:146:1	2322	NEVER	Type '(this: Base2) => number' is not assignable to type '(this: Base1) => number'. | The 'this' types of each signature are incompatible. | Property 'y' is missing in type 'Base1' but required in type 'Base2'.		b1.explicit = b2.polymorphic // error, 'y' not in Base1: { x }
conformance/thisTypeInFunctionsNegative	MISS	thisTypeInFunctionsNegative.ts:148:1	2322	NEVER	Type '(this: Base2) => number' is not assignable to type '(this: Base1) => number'. | The 'this' types of each signature are incompatible. | Property 'y' is missing in type 'Base1' but required in type 'Base2'.		d1.explicit = b2.polymorphic // error, 'y' not in Base1: { x }
conformance/thisTypeInFunctionsNegative	MISS	thisTypeInFunctionsNegative.ts:66:6	2345	NEVER	Argument of type 'string' is not assignable to parameter of type 'number'.		ok.f('wrong type');
conformance/thisTypeInFunctionsNegative	MISS	thisTypeInFunctionsNegative.ts:73:13	2345	NEVER	Argument of type 'string' is not assignable to parameter of type 'number'.		c.explicitC('wrong type');
conformance/thisTypeInFunctionsNegative	MISS	thisTypeInFunctionsNegative.ts:76:16	2345	NEVER	Argument of type 'string' is not assignable to parameter of type 'number'.		c.explicitThis('wrong type 2');
conformance/thisTypeInFunctionsNegative	MISS	thisTypeInFunctionsNegative.ts:79:16	2345	NEVER	Argument of type 'string' is not assignable to parameter of type 'number'.		c.implicitThis('wrong type 2');
conformance/thisTypeInFunctionsNegative	MISS	thisTypeInFunctionsNegative.ts:82:20	2345	NEVER	Argument of type 'string' is not assignable to parameter of type 'number'.		c.explicitProperty('wrong type 3');
conformance/thisTypeInFunctionsNegative	MISS	thisTypeInFunctionsNegative.ts:86:5	2322	NEVER	Type '(this: { y: number; }, x: number) => number' is not assignable to type '(this: void, x: number) => number'. | The 'this' types of each signature are incompatible. | Type 'void' is not assignable to type '{ y: number; }'.		let specifiedToVoid: (this: void, x: number) => number = explicitStructural;
conformance/tsxAttributeResolution15	MISS	file.tsx:13:21	2322	NEVER	Type '{ prop1: string; }' is not assignable to type 'IntrinsicAttributes & IntrinsicClassAttributes<BigGreeter> & { children?: ReactNode | undefined; }'. | Property 'prop1' does not exist on type 'IntrinsicAttributes & IntrinsicClassAttributes<BigGreeter> & { children?: ReactNode | undefined; }'.		let a = <BigGreeter prop1="hello" />
conformance/tsxAttributeResolution5	MISS	file.tsx:21:10	2322	NEVER	Type 'T' is not assignable to type 'Attribs1'. | Type '{ x: number; }' is not assignable to type 'Attribs1'. | Types of property 'x' are incompatible. | Type 'number' is not assignable to type 'string'.		return <test1 {...obj} />; // Error (x is number, not string)
conformance/tsxAttributeResolution5	MISS	file.tsx:25:10	2322	NEVER	Type 'T' is not assignable to type 'Attribs1'. | Property 'x' is missing in type '{ y: string; }' but required in type 'Attribs1'.		return <test1 {...obj} />; // Error, missing x
conformance/tsxAttributeResolution7	MISS	file.tsx:9:2	2322	NEVER	Type '{ "data-foo": number; }' is not assignable to type '{ "data-foo"?: string | undefined; }'. | Types of property '"data-foo"' are incompatible. | Type 'number' is not assignable to type 'string'.		<test1 data-foo={32} />;
conformance/tsxGenericAttributesType7	MISS	file.tsx:7:13	2322	NEVER	Type 'U' is not assignable to type 'IntrinsicAttributes & U'. | Type 'U' is not assignable to type 'IntrinsicAttributes'.		return <Component {...props} />;
conformance/tsxGenericAttributesType8	MISS	file.tsx:7:13	2322	NEVER	Type 'U' is not assignable to type 'IntrinsicAttributes & U'. | Type 'U' is not assignable to type 'IntrinsicAttributes'.		return <Component {...props} />;
conformance/tsxIntrinsicAttributeErrors	EXTRA	tsxIntrinsicAttributeErrors.tsx:29:2	2322	-		Type '{ x: number; }' is not assignable to type 'IntrinsicAttributes & IntrinsicClassAttributes<{ x: number; render(): void; }> & string'.	<E x={10} />
conformance/tsxLibraryManagedAttributes	MISS	tsxLibraryManagedAttributes.tsx:100:56	2322	NEVER	Type '{ bar: string; baz: number; bat: string; }' is not assignable to type 'Defaultize<FooProps & InferredPropTypes<{ foo: PropTypeChecker<string, false>; bar: PropTypeChecker<ReactNode, false>; baz: PropTypeChecker<number, true>; }>, { foo: string; }>'. | Property 'bat' does not exist on type 'Defaultize<FooProps & InferredPropTypes<{ foo: PropTypeChecker<string, false>; bar: PropTypeChecker<ReactNode, false>; baz: PropTypeChecker<number, true>; }>, { foo: string; }>'.		const q = <BothWithSpecifiedGeneric bar="yes" baz={12} bat="ohno" />; // Error, baz not a valid prop
conformance/tsxLibraryManagedAttributes	MISS	tsxLibraryManagedAttributes.tsx:102:57	2322	NEVER	Type 'null' is not assignable to type 'number'.		const s = <BothWithSpecifiedGeneric foo="eh" bar="yeah" baz={null} />; // Error, baz is _not_ nullable/undefinable since it's marked `isRequired`
conformance/tsxLibraryManagedAttributes	MISS	tsxLibraryManagedAttributes.tsx:113:57	2322	NEVER	Type 'null' is not assignable to type 'ReactNode'.		const w = <JustPropTypesWithSpecifiedGeneric foo="cool" bar={null} />; // error, bar is required
conformance/tsxLibraryManagedAttributes	MISS	tsxLibraryManagedAttributes.tsx:122:58	2322	NEVER	Type '{ foo: string; bar: string; }' is not assignable to type 'Defaultize<FooProps, { foo: string; }>'. | Property 'bar' does not exist on type 'Defaultize<FooProps, { foo: string; }>'.		const y = <JustDefaultPropsWithSpecifiedGeneric foo="no" bar="ok" />; // error, no prop named bar
conformance/tsxLibraryManagedAttributes	MISS	tsxLibraryManagedAttributes.tsx:123:49	2322	NEVER	Type 'number' is not assignable to type 'string'.		const z = <JustDefaultPropsWithSpecifiedGeneric foo={12} />; // error, wrong type
conformance/tsxLibraryManagedAttributes	MISS	tsxLibraryManagedAttributes.tsx:55:12	2322	NEVER	Type '{ foo: number; }' is not assignable to type 'Defaultize<InferredPropTypes<{ foo: PropTypeChecker<number, false>; bar: PropTypeChecker<ReactNode, false>; baz: PropTypeChecker<string, true>; }>, { foo: number; }>'. | Type '{ foo: number; }' is missing the following properties from type '{ bar: ReactNode | null | undefined; baz: string; }': bar, baz		const b = <Component foo={12} />; // Error, missing required prop bar
conformance/tsxLibraryManagedAttributes	MISS	tsxLibraryManagedAttributes.tsx:57:41	2322	NEVER	Type '{ bar: string; baz: string; bat: string; }' is not assignable to type 'Defaultize<InferredPropTypes<{ foo: PropTypeChecker<number, false>; bar: PropTypeChecker<ReactNode, false>; baz: PropTypeChecker<string, true>; }>, { foo: number; }>'. | Property 'bat' does not exist on type 'Defaultize<InferredPropTypes<{ foo: PropTypeChecker<number, false>; bar: PropTypeChecker<ReactNode, false>; baz: PropTypeChecker<string, true>; }>, { foo: number; }>'.		const d = <Component bar="yes" baz="yo" bat="ohno" />; // Error, baz not a valid prop
conformance/tsxLibraryManagedAttributes	MISS	tsxLibraryManagedAttributes.tsx:59:42	2322	NEVER	Type 'null' is not assignable to type 'string'.		const f = <Component foo={12} bar="yeah" baz={null} />; // Error, baz is _not_ nullable/undefinable since it's marked `isRequired`
conformance/tsxLibraryManagedAttributes	MISS	tsxLibraryManagedAttributes.tsx:69:26	2322	NEVER	Type 'string' is not assignable to type 'number'.		const h = <JustPropTypes foo="no" />; // error, wrong type
conformance/tsxLibraryManagedAttributes	MISS	tsxLibraryManagedAttributes.tsx:71:35	2322	NEVER	Type 'null' is not assignable to type 'ReactNode'.		const j = <JustPropTypes foo={12} bar={null} />; // error, bar is required
conformance/tsxLibraryManagedAttributes	MISS	tsxLibraryManagedAttributes.tsx:80:38	2322	NEVER	Type '{ foo: number; bar: string; }' is not assignable to type 'Defaultize<{}, { foo: number; }>'. | Property 'bar' does not exist on type 'Defaultize<{}, { foo: number; }>'.		const l = <JustDefaultProps foo={12} bar="ok" />; // error, no prop named bar
conformance/tsxLibraryManagedAttributes	MISS	tsxLibraryManagedAttributes.tsx:81:29	2322	NEVER	Type 'string' is not assignable to type 'number'.		const m = <JustDefaultProps foo="no" />; // error, wrong type
conformance/tsxLibraryManagedAttributes	MISS	tsxLibraryManagedAttributes.tsx:98:12	2322	NEVER	Type '{ foo: string; }' is not assignable to type 'Defaultize<FooProps & InferredPropTypes<{ foo: PropTypeChecker<string, false>; bar: PropTypeChecker<ReactNode, false>; baz: PropTypeChecker<number, true>; }>, { foo: string; }>'. | Type '{ foo: string; }' is missing the following properties from type '{ bar: ReactNode | null | undefined; baz: number; }': bar, baz		const o = <BothWithSpecifiedGeneric foo="no" />; // Error, missing required prop bar
conformance/tsxReactComponentWithDefaultTypeParameter3	EXTRA	file.tsx:15:11	2322	-		Type '{}' is not assignable to type 'IntrinsicAttributes & IntrinsicClassAttributes<MyComp<Prop>> & Prop & { children?: ReactNode; }'.	let x1 = <MyComp />
conformance/tsxSpreadAttributesResolution14	MISS	file.tsx:13:38	2322	NEVER	Type '{ property1: string; property2: number; Property1: true; }' is not assignable to type 'IntrinsicAttributes & AnotherComponentProps'. | Property 'Property1' does not exist on type 'IntrinsicAttributes & AnotherComponentProps'. Did you mean 'property1'?		<AnotherComponent {...props} Property1/>
conformance/tsxSpreadAttributesResolution16	EXTRA	file.tsx:13:10	2322	-		Type '{ property1: string; property2: number; }' is not assignable to type 'IntrinsicAttributes & AnotherComponentProps'.	<AnotherComponent {...props} />
conformance/tsxSpreadAttributesResolution2	EXTRA	file.tsx:22:10	2322	-		Type '{}' is not assignable to type 'IntrinsicAttributes & IntrinsicClassAttributes<Poisoned> & PoisonedProp & { children?: ReactNode; }'.	let p = <Poisoned {...obj} />;
conformance/tsxSpreadAttributesResolution2	EXTRA	file.tsx:23:10	2322	-		Type '{}' is not assignable to type 'IntrinsicAttributes & IntrinsicClassAttributes<Poisoned> & PoisonedProp & { children?: ReactNode; }'.	let y = <Poisoned />;
conformance/tsxSpreadAttributesResolution6	MISS	file.tsx:15:10	2322	NEVER	Type '{ editable: true; }' is not assignable to type 'IntrinsicAttributes & (IntrinsicClassAttributes<TextComponent> & (TextProps & { children?: ReactNode | undefined; }))'. | Property 'onEdit' is missing in type '{ editable: true; }' but required in type '{ editable: true; onEdit: (newText: string) => void; }'.		let x = <TextComponent editable={true} />
conformance/tsxStatelessFunctionComponents1	MISS	file.tsx:29:15	2322	NEVER	Type 'number' is not assignable to type 'string'.		let e = <Meet name={42} />;
conformance/tsxStatelessFunctionComponents1	MISS	file.tsx:31:15	2322	NEVER	Type '{ naaaaaaame: string; }' is not assignable to type 'IntrinsicAttributes & { name?: string | undefined; }'. | Property 'naaaaaaame' does not exist on type 'IntrinsicAttributes & { name?: string | undefined; }'.		let f = <Meet naaaaaaame='no' />;
conformance/tsxStatelessFunctionComponents1	MISS	file.tsx:40:24	2322	NEVER	Type '{ ref: (x: any) => any; }' is not assignable to type 'IntrinsicAttributes'. | Property 'ref' does not exist on type 'IntrinsicAttributes'.		let i1 = <EmptyPropSFC ref={x => x.greeting.substr(10)} />
conformance/tsxUnionElementType3	EXTRA	file.tsx:37:10	2322	-		Type '{}' is not assignable to type 'IntrinsicAttributes & IntrinsicClassAttributes<RC1> & { x: number; } & { children?: ReactNode; }'.	let b = <PartRCComp />
conformance/tsxUnionElementType4	MISS	file.tsx:36:22	2322	NEVER	Type '{ prop: true; }' is not assignable to type 'IntrinsicAttributes & IntrinsicClassAttributes<RC3> & { children?: ReactNode | undefined; }'. | Property 'prop' does not exist on type 'IntrinsicAttributes & IntrinsicClassAttributes<RC3> & { children?: ReactNode | undefined; }'.		let c = <EmptyRCComp prop />;
conformance/tsxUnionElementType6	EXTRA	file.tsx:22:10	2322	-		Type '{}' is not assignable to type 'IntrinsicAttributes & { x: boolean; }'.	let c = <SFC2AndEmptyComp />;
conformance/typeArgumentInferenceConstructSignatures	MISS	typeArgumentInferenceConstructSignatures.ts:106:33	2345	NEVER	Argument of type '0' is not assignable to parameter of type '""'.		var a9a = new someGenerics9('', 0, []);
conformance/typeArgumentInferenceConstructSignatures	MISS	typeArgumentInferenceConstructSignatures.ts:25:35	2345	NEVER	Argument of type 'number' is not assignable to parameter of type 'string'.		new someGenerics1<string, number>(3, 4); // Error
conformance/typeArgumentInferenceConstructSignatures	MISS	typeArgumentInferenceConstructSignatures.ts:61:39	2345	NEVER	Argument of type '(x: string) => string' is not assignable to parameter of type '(x: number) => void'. | Types of parameters 'x' and 'x' are incompatible. | Type 'number' is not assignable to type 'string'.		new someGenerics4<string, number>('', (x: string) => ''); // Error
conformance/typeArgumentInferenceConstructSignatures	MISS	typeArgumentInferenceConstructSignatures.ts:71:39	2345	NEVER	Argument of type '(x: string) => string' is not assignable to parameter of type '(x: number) => void'. | Types of parameters 'x' and 'x' are incompatible. | Type 'number' is not assignable to type 'string'.		new someGenerics5<number, string>('', (x: string) => ''); // Error
conformance/typeArgumentInferenceConstructSignatures	MISS	typeArgumentInferenceConstructSignatures.ts:81:45	2345	NEVER	Argument of type '(n: string) => string' is not assignable to parameter of type '(b: number) => number'. | Types of parameters 'n' and 'b' are incompatible. | Type 'number' is not assignable to type 'string'.		new someGenerics6<number>((n: number) => n, (n: string) => n, (n: number) => n); // Error
conformance/typeArgumentInferenceWithClassExpression2	MISS	typeArgumentInferenceWithClassExpression2.ts:6:5	2345	NEVER	Argument of type 'typeof (Anonymous class)' is not assignable to parameter of type 'typeof (Anonymous class)'. | Property 'prop' is missing in type '(Anonymous class)' but required in type 'foo.(Anonymous class)'.		foo(class { static prop = "hello" }).length;
conformance/typeAssertions	MISS	typeAssertions.ts:45:2	2322	NEVER	Type 'string | number' is not assignable to type 'string'. | Type 'number' is not assignable to type 'string'.		str = numOrStr; // Error, no narrowing occurred
conformance/typeGuardOfFormTypeOfFunction	EXTRA	typeGuardOfFormTypeOfFunction.ts:79:9	2322	-		Type 'Function | (() => void)' is not assignable to type '() => void'.	rootReducer = reducer;
conformance/typeParameterAsTypeParameterConstraint2	MISS	typeParameterAsTypeParameterConstraint2.ts:18:10	2345	NEVER	Argument of type 'string[]' is not assignable to parameter of type '{ length: never[]; }'. | Types of property 'length' are incompatible. | Type 'number' is not assignable to type 'never[]'.		foo2([], ['']);
conformance/typeSatisfaction_errorLocations1	EXTRA	typeSatisfaction_errorLocations1.ts:12:10	2345	-		Argument of type '{ a: number; }' is not assignable to parameter of type '{ a: true; }'.	new Cls1({ a: 1 } satisfies unknown);
conformance/typeSatisfaction_errorLocations1	EXTRA	typeSatisfaction_errorLocations1.ts:5:5	2345	-		Argument of type '{ a: number; }' is not assignable to parameter of type '{ a: true; }'.	fn1({ a: 1 } satisfies unknown);
conformance/typeSatisfaction_errorLocations1	MISS	typeSatisfaction_errorLocations1.ts:12:12	2322	NEVER	Type 'number' is not assignable to type 'true'.		new Cls1({ a: 1 } satisfies unknown);
conformance/typeSatisfaction_errorLocations1	MISS	typeSatisfaction_errorLocations1.ts:16:5	2345	NEVER	Argument of type '[{ a: boolean; }]' is not assignable to parameter of type 'T'. | 'T' could be instantiated with an arbitrary type which could be unrelated to '[{ a: boolean; }]'.		f({ a: true } satisfies unknown);
conformance/typeSatisfaction_errorLocations1	MISS	typeSatisfaction_errorLocations1.ts:18:5	2345	NEVER	Argument of type '[{ a: true; }]' is not assignable to parameter of type 'T'. | '[{ a: true; }]' is assignable to the constraint of type 'T', but 'T' could be instantiated with a different subtype of constraint '{ a: true; }[]'.		f(o satisfies unknown);
conformance/typeSatisfaction_errorLocations1	MISS	typeSatisfaction_errorLocations1.ts:34:9	2345	NEVER	Argument of type 'string' is not assignable to parameter of type 'number'.		fn4(10, ...(["10", "20"] satisfies readonly string[]));
conformance/typeSatisfaction_errorLocations1	MISS	typeSatisfaction_errorLocations1.ts:36:9	2345	NEVER	Argument of type 'string' is not assignable to parameter of type 'number'.		fn4(10, ...(tuple3 satisfies readonly string[]));
conformance/typeSatisfaction_errorLocations1	MISS	typeSatisfaction_errorLocations1.ts:5:7	2322	NEVER	Type 'number' is not assignable to type 'true'.		fn1({ a: 1 } satisfies unknown);
conformance/typeTagNoErasure	MISS	typeTagNoErasure.js:7:6	2345	NEVER	Argument of type 'string' is not assignable to parameter of type 'number'.		test('hi') // error, T=number
conformance/types.asyncGenerators.es2018.2	MISS	types.asyncGenerators.es2018.2.ts:38:11	2322	NEVER	Type 'string' is not assignable to type 'number'.		yield "a";
conformance/types.asyncGenerators.es2018.2	MISS	types.asyncGenerators.es2018.2.ts:41:12	2322	NEVER	Type 'string' is not assignable to type 'number'.		yield* ["a", "b"];
conformance/types.asyncGenerators.es2018.2	MISS	types.asyncGenerators.es2018.2.ts:44:12	2322	NEVER	Type 'string' is not assignable to type 'number'.		yield* (async function * () { yield "a"; })();
conformance/types.asyncGenerators.es2018.2	MISS	types.asyncGenerators.es2018.2.ts:47:11	2322	NEVER	Type 'string' is not assignable to type 'number'.		yield "a";
conformance/types.asyncGenerators.es2018.2	MISS	types.asyncGenerators.es2018.2.ts:50:12	2322	NEVER	Type 'string' is not assignable to type 'number'.		yield* ["a", "b"];
conformance/types.asyncGenerators.es2018.2	MISS	types.asyncGenerators.es2018.2.ts:53:12	2322	NEVER	Type 'string' is not assignable to type 'number'.		yield* (async function * () { yield "a"; })();
conformance/types.asyncGenerators.es2018.2	MISS	types.asyncGenerators.es2018.2.ts:56:11	2322	NEVER	Type 'string' is not assignable to type 'number'.		yield "a";
conformance/types.asyncGenerators.es2018.2	MISS	types.asyncGenerators.es2018.2.ts:59:12	2322	NEVER	Type 'string' is not assignable to type 'number'.		yield* ["a", "b"];
conformance/types.asyncGenerators.es2018.2	MISS	types.asyncGenerators.es2018.2.ts:62:12	2322	NEVER	Type 'string' is not assignable to type 'number'.		yield* (async function * () { yield "a"; })();
conformance/types.asyncGenerators.es2018.2	MISS	types.asyncGenerators.es2018.2.ts:70:42	2322	NEVER	Type 'AsyncGenerator<number, any, any>' is not assignable to type 'Iterator<number, any, any>'. | The types returned by 'next(...)' are incompatible between these types. | Type 'Promise<IteratorResult<number, any>>' is not assignable to type 'IteratorResult<number, any>'.		async function * explicitReturnType12(): Iterator<number> {
conformance/types.forAwait.es2018.2	MISS	types.forAwait.es2018.2.ts:10:16	2322	NEVER	Type 'number' is not assignable to type 'string'.		for await (z of asyncIterable) {
conformance/types.forAwait.es2018.2	MISS	types.forAwait.es2018.2.ts:12:16	2322	NEVER	Type 'number' is not assignable to type 'string'.		for await (z of iterable) {
conformance/unionAndIntersectionInference1	EXTRA	unionAndIntersectionInference1.ts:80:47	2322	-		Type 'Promise<ITest | { name: string; }>' is not assignable to type 'Promise<ITest>'.	const createTestAsync = (): Promise<ITest> => Promise.resolve().then(() => ({ name: 'test' }))
conformance/unionTypeInference	EXTRA	unionTypeInference.ts:62:11	2322	-		Type 'DeepPromised<T>' is not assignable to type 'DeepPromised<{ [name: string]: {} | null | undefined; }>'.	const deepPromisedWithIndexer: DeepPromised<{ [name: string]: {} | null | undefined }> = deepPromised;
conformance/uniqueSymbolsErrors	MISS	uniqueSymbolsErrors.ts:87:7	2322	DECLINED	Type 'typeof shouldNotBeAssignable' is not assignable to type 'string'.		const shouldNotBeAssignable: string = Symbol();
conformance/unknownControlFlow	EXTRA	unknownControlFlow.ts:19:9	2322	-		Type 'unknown' is not assignable to type '{} | null | undefined'.	let x2: {} | null | undefined = u;
conformance/unknownControlFlow	EXTRA	unknownControlFlow.ts:20:9	2322	-		Type 'unknown' is not assignable to type '{ x: string; } | {} | null | undefined'.	let x3: {} | { x: string } | null | undefined = u;
conformance/unknownControlFlow	EXTRA	unknownControlFlow.ts:21:9	2322	-		Type 'unknown' is not assignable to type 'ThisOrThatNode | undefined | null'.	let x4: ThisOrThatNode | null | undefined = u;
conformance/unknownControlFlow	MISS	unknownControlFlow.ts:290:11	2345	NEVER	Argument of type '"foo"' is not assignable to parameter of type 'never'.		ff1(null, 'foo');  // Error
conformance/unknownControlFlow	MISS	unknownControlFlow.ts:291:5	2345	NEVER	Argument of type 'null' is not assignable to parameter of type 'never'.		ff2(null, 'foo');  // Error
conformance/unknownType1	EXTRA	unknownType1.ts:114:9	2322	-		Type 'unknown' is not assignable to type '{} | null | undefined'.	let v7: {} | null | undefined = x;  // Error
conformance/unknownType1	MISS	unknownType1.ts:129:5	2322	DECLINED	Type 'number' is not assignable to type '{ [x: string]: unknown; }'.		x = 123;  // Error
conformance/usingDeclarationsWithObjectLiterals1	EXTRA	usingDeclarationsWithObjectLiterals1.ts:15:9	2322	-		Type '{ [Symbol.dispose](): void; value: number; extra: string; }' is not assignable to type 'MyDisposable'.	using _: MyDisposable = { [Symbol.dispose]() {}, value: 1, extra: "foo" };
conformance/usingDeclarationsWithObjectLiterals1	EXTRA	usingDeclarationsWithObjectLiterals1.ts:33:17	2322	-		Type '{ [Symbol.asyncDispose](): Promise<void>; value: number; extra: string; }' is not assignable to type 'MyAsyncDisposable'.	await using _: MyAsyncDisposable = {
conformance/variadicTuples1	EXTRA	variadicTuples1.ts:159:5	2322	-		Type '[...T]' is not assignable to type 'T'.	t = m;
conformance/variadicTuples1	EXTRA	variadicTuples1.ts:168:5	2322	-		Type '[...T]' is not assignable to type 'T'.	t = m;
conformance/variadicTuples1	EXTRA	variadicTuples1.ts:177:5	2322	-		Type '[...T]' is not assignable to type 'T'.	t0 = t1;
conformance/variadicTuples1	EXTRA	variadicTuples1.ts:178:5	2322	-		Type '[...U]' is not assignable to type 'T'.	t0 = t2;
conformance/variadicTuples1	EXTRA	variadicTuples1.ts:186:5	2322	-		Type '[...T]' is not assignable to type 'T'.	t0 = t1;
conformance/variadicTuples1	EXTRA	variadicTuples1.ts:187:5	2322	-		Type '[...U]' is not assignable to type 'T'.	t0 = t2;
conformance/variadicTuples1	MISS	variadicTuples1.ts:149:5	2322	DECLINED	Type '[string, ...unknown[]]' is not assignable to type '[string, ...T]'. | Source provides no match for variadic element at position 1 in target.		y = x;  // Error
conformance/variadicTuples1	MISS	variadicTuples1.ts:151:5	2322	DECLINED	Type '[string, ...unknown[]]' is not assignable to type '[string, ...U]'. | Source provides no match for variadic element at position 1 in target.		z = x;  // Error
conformance/variadicTuples1	MISS	variadicTuples1.ts:152:5	2322	DECLINED	Type '[string, ...T]' is not assignable to type '[string, ...U]'. | Type at position 1 in source is not compatible with type at position 1 in target. | Type 'T' is not assignable to type 'U'. | 'T' is assignable to the constraint of type 'U', but 'U' could be instantiated with a different subtype of constraint 'string[]'.		z = y;  // Error
conformance/variadicTuples1	MISS	variadicTuples1.ts:181:5	2322	DECLINED	Type 'T' is not assignable to type '[...U]'. | Type 'string[]' is not assignable to type '[...U]'. | Source provides no match for variadic element at position 0 in target.		t2 = t0;  // Error
conformance/variadicTuples1	MISS	variadicTuples1.ts:182:5	2322	DECLINED	Type '[...T]' is not assignable to type '[...U]'. | Type 'T' is not assignable to type 'U'. | 'T' is assignable to the constraint of type 'U', but 'U' could be instantiated with a different subtype of constraint 'string[]'.		t2 = t1;  // Error
conformance/variadicTuples1	MISS	variadicTuples1.ts:191:5	2322	DECLINED	Type '[...T]' is not assignable to type '[...U]'. | Type 'T' is not assignable to type 'U'. | 'T' is assignable to the constraint of type 'U', but 'U' could be instantiated with a different subtype of constraint 'readonly string[]'.		t2 = t1;  // Error
conformance/variadicTuples1	MISS	variadicTuples1.ts:371:26	2322	NEVER	Type 'string' is not assignable to type 'number'.		let v2 = f20(["foo", "bar"]);  // [string]
conformance/variadicTuples1	MISS	variadicTuples1.ts:53:17	2345	NEVER	Argument of type 'number' is not assignable to parameter of type 'boolean'.		foo1(...t1, 45);  // Error
conformance/variadicTuples1	MISS	variadicTuples1.ts:62:5	2345	NEVER	Argument of type '[]' is not assignable to parameter of type '[...unknown[], number]'. | Source has 0 element(s) but target requires 1.		foo3(1);
conformance/variadicTuples2	EXTRA	variadicTuples2.ts:73:22	2345	-		Argument of type 'boolean' is not assignable to parameter of type 'string | number'.	ft2(0, 'abc', 'def', true);  // Error
conformance/variadicTuples2	MISS	variadicTuples2.ts:116:16	2345	NEVER	Argument of type '[1, 2, 3, number]' is not assignable to parameter of type '[...number[], (...values: number[]) => void]'. | Type at position 3 in source is not compatible with type at position 1 in target. | Type 'number' is not assignable to type '(...values: number[]) => void'.		pipe<number[]>(1, 2, 3, 4);  // Error
conformance/variadicTuples2	MISS	variadicTuples2.ts:117:6	2345	NEVER	Argument of type 'string[]' is not assignable to parameter of type '[...string[], (...values: string[]) => void]'. | Source provides no match for required element at position 1 in target.		pipe(...sa);  // Error
conformance/variadicTuples2	MISS	variadicTuples2.ts:120:5	2345	NEVER	Argument of type '[]' is not assignable to parameter of type '[...unknown[], unknown, unknown]'. | Source has 0 element(s) but target requires 2.		fn1([]);  // Error
conformance/variadicTuples2	MISS	variadicTuples2.ts:121:5	2345	NEVER	Argument of type '[number]' is not assignable to parameter of type '[...unknown[], unknown, unknown]'. | Source has 1 element(s) but target requires 2.		fn1([1]);  // Error
conformance/variadicTuples2	MISS	variadicTuples2.ts:126:5	2345	NEVER	Argument of type '[]' is not assignable to parameter of type '[unknown, ...unknown[], unknown]'. | Source has 0 element(s) but target requires 2.		fn2([]);  // Error
conformance/variadicTuples2	MISS	variadicTuples2.ts:127:5	2345	NEVER	Argument of type '[number]' is not assignable to parameter of type '[unknown, ...unknown[], unknown]'. | Source has 1 element(s) but target requires 2.		fn2([1]);  // Error
conformance/variadicTuples2	MISS	variadicTuples2.ts:137:16	2345	NEVER	Argument of type 'number' is not assignable to parameter of type 'string'.		const c1 = foo(1);  // Error
conformance/variadicTuples2	MISS	variadicTuples2.ts:138:16	2345	NEVER	Argument of type 'number' is not assignable to parameter of type 'string'.		const d1 = foo(1, 2);  // Error
conformance/variadicTuples2	MISS	variadicTuples2.ts:139:25	2345	NEVER	Argument of type '["blah2", 1, 2, 3]' is not assignable to parameter of type '[...string[], number]'. | Type at positions 0 through 2 in source is not compatible with type at position 0 in target. | Type 'number' is not assignable to type 'string'.		const e1 = foo('blah1', 'blah2', 1, 2, 3);  // Error
conformance/variadicTuples2	MISS	variadicTuples2.ts:53:5	2345	NEVER	Argument of type '["abc", "def", 5, 6]' is not assignable to parameter of type '[...strs: string[], num: number]'. | Type at positions 0 through 2 in source is not compatible with type at position 0 in target. | Type 'number' is not assignable to type 'string'.		ft1('abc', 'def', 5, 6);  // Error
conformance/variadicTuples2	MISS	variadicTuples2.ts:66:1	2345	NEVER	Argument of type '[]' is not assignable to parameter of type '[...strs: string[], n2: number]'. | Source has 0 element(s) but target requires 1.		ft2(0);  // Error
conformance/variadicTuples2	MISS	variadicTuples2.ts:68:8	2345	NEVER	Argument of type '[1, 2]' is not assignable to parameter of type '[...strs: string[], n2: number]'. | Type at position 0 in source is not compatible with type at position 0 in target. | Type 'number' is not assignable to type 'string'.		ft2(0, 1, 2);  // Error
conformance/variadicTuples2	MISS	variadicTuples2.ts:71:8	2345	NEVER	Argument of type '["abc", 1, "def"]' is not assignable to parameter of type '[...strs: string[], n2: number]'. | Type at positions 0 through 1 in source is not compatible with type at position 0 in target. | Type 'number' is not assignable to type 'string'.		ft2(0, 'abc', 1, 'def');  // Error
conformance/variadicTuples2	MISS	variadicTuples2.ts:73:8	2345	NEVER	Argument of type '["abc", "def", true]' is not assignable to parameter of type '[...strs: string[], n2: number]'. | Type at position 2 in source is not compatible with type at position 1 in target. | Type 'boolean' is not assignable to type 'number'.		ft2(0, 'abc', 'def', true);  // Error
conformance/variadicTuples2	MISS	variadicTuples2.ts:76:5	2322	DECLINED	Type '[number, number]' is not assignable to type '[number, ...T]'. | Source provides no match for variadic element at position 1 in target.		x = y;  // Error
conformance/variadicTuples2	MISS	variadicTuples2.ts:77:5	2322	DECLINED	Type '[number, ...number[]]' is not assignable to type '[number, ...T]'. | Source provides no match for variadic element at position 1 in target.		x = z;  // Error
conformance/variadicTuples3	MISS	variadicTuples3.ts:10:3	2322	DECLINED	Type '[any, any]' is not assignable to type '[...T, ...P]'. | Source provides no match for variadic element at position 0 in target.		return x;
conformance/variadicTuples3	MISS	variadicTuples3.ts:15:3	2322	DECLINED	Type '[any, any, any]' is not assignable to type '[...T, ...P]'. | Source provides no match for variadic element at position 0 in target.		return x;
conformance/variadicTuples3	MISS	variadicTuples3.ts:5:3	2322	DECLINED	Type 'any[]' is not assignable to type '[...T, ...P]'. | Source provides no match for variadic element at position 0 in target.		return x;
conformance/varianceAnnotations	MISS	varianceAnnotations.ts:116:1	2322	DECLINED	Type 'Baz<string>' is not assignable to type 'Baz<unknown>'. | Type 'unknown' is not assignable to type 'string'.		baz1 = baz2;  // Error
