key	verdict	cause
compiler/abstractClassInLocalScopeIsAbstract:0:6	WRONG	any:call-error
compiler/acceptSymbolAsWeakType:0:27	WRONG	literal-widened
compiler/acceptSymbolAsWeakType:0:28	WRONG	literal-widened
compiler/acceptSymbolAsWeakType:0:60	GAP	gap:identifier
compiler/acceptSymbolAsWeakType:0:61	GAP	gap:new
compiler/acceptSymbolAsWeakType:0:64	GAP	gap:call
compiler/acceptSymbolAsWeakType:0:65	GAP	gap:property-access
compiler/acceptSymbolAsWeakType:0:66	WRONG	any:variable-initialiser-error
compiler/acceptSymbolAsWeakType:0:67	WRONG	any:property-lookup-error
compiler/acceptSymbolAsWeakType:0:69	GAP	gap:call
compiler/acceptSymbolAsWeakType:0:70	GAP	gap:property-access
compiler/acceptSymbolAsWeakType:0:71	WRONG	any:variable-initialiser-error
compiler/acceptSymbolAsWeakType:0:72	WRONG	any:property-lookup-error
compiler/accessorDeclarationEmitJs:0:19	WRONG	js:any:uncontextual-parameter
compiler/accessorWithInitializer(target=es2015):0:2	WRONG	any:configured:identifier
compiler/accessorWithInitializer(target=es2015):0:5	WRONG	any:configured:identifier
compiler/accessorWithRestParam(target=es2015):0:2	WRONG	any:configured:identifier
compiler/accessorWithRestParam(target=es2015):0:4	WRONG	any:configured:identifier
compiler/aliasBug:0:19	WRONG	qualified-name-choice
compiler/aliasDoesNotDuplicateSignatures:1:0	WRONG	any:alias-target
compiler/aliasDoesNotDuplicateSignatures:1:6	WRONG	any:alias-target
compiler/aliasErrors:0:42	WRONG	qualified-name-choice
compiler/aliasInaccessibleModule2:0:5	WRONG	any:alias-target
compiler/aliasInstantiationExpressionGenericIntersectionNoCrash1:0:4	WRONG	alias-port-kept
compiler/aliasInstantiationExpressionGenericIntersectionNoCrash1:0:6	WRONG	alias-port-kept
compiler/aliasInstantiationExpressionGenericIntersectionNoCrash1:0:7	WRONG	alias-port-kept
compiler/aliasInstantiationExpressionGenericIntersectionNoCrash1:0:8	WRONG	alias-port-kept
compiler/aliasInstantiationExpressionGenericIntersectionNoCrash2:0:3	WRONG	different-name
compiler/aliasInstantiationExpressionGenericIntersectionNoCrash2:0:5	WRONG	different-name
compiler/aliasOfGenericFunctionWithRestBehavedSameAsUnaliased:0:13	WRONG	partial-any
compiler/aliasOfGenericFunctionWithRestBehavedSameAsUnaliased:0:14	WRONG	partial-any
compiler/aliasOfGenericFunctionWithRestBehavedSameAsUnaliased:0:18	WRONG	alias-port-kept
compiler/aliasOfGenericFunctionWithRestBehavedSameAsUnaliased:0:23	WRONG	partial-any
compiler/aliasOfGenericFunctionWithRestBehavedSameAsUnaliased:0:24	WRONG	partial-any
compiler/aliasOfGenericFunctionWithRestBehavedSameAsUnaliased:0:4	WRONG	partial-any
compiler/aliasOfGenericFunctionWithRestBehavedSameAsUnaliased:0:5	WRONG	partial-any
compiler/aliasOnMergedModuleInterface:0:2	WRONG	qualified-name-choice
compiler/aliasOnMergedModuleInterface:0:3	WRONG	qualified-name-choice
compiler/aliasOnMergedModuleInterface:0:5	WRONG	qualified-name-choice
compiler/allowImportClausesToMergeWithTypes:2:1	WRONG	any:type-reference-error
compiler/allowImportClausesToMergeWithTypes:2:9	WRONG	any:type-reference-error
compiler/allowJscheckJsTypeParameterNoCrash:1:10	WRONG	js:alias-port-kept
compiler/allowJscheckJsTypeParameterNoCrash:1:11	WRONG	js:type-argument-differs
compiler/allowJscheckJsTypeParameterNoCrash:1:12	WRONG	js:alias-port-kept
compiler/allowSyntheticDefaultImportsCanPaintCrossModuleDeclaration:2:0	WRONG	signature-differs
compiler/allowSyntheticDefaultImportsCanPaintCrossModuleDeclaration:2:1	WRONG	alias-port-kept
compiler/allowSyntheticDefaultImportsCanPaintCrossModuleDeclaration:2:2	WRONG	alias-port-kept
compiler/allowSyntheticDefaultImportsCanPaintCrossModuleDeclaration:2:3	WRONG	signature-differs
compiler/ambientRequireFunction(module=commonjs):0:1	WRONG	js:any:configured:call
compiler/ambientRequireFunction(module=preserve):0:1	WRONG	js:any:configured:call
compiler/amdLikeInputDeclarationEmit:2:10	WRONG	js:any:contextual-parameter
compiler/amdLikeInputDeclarationEmit:2:11	WRONG	js:any:property-lookup-error
compiler/amdLikeInputDeclarationEmit:2:12	WRONG	js:literal-widened
compiler/amdLikeInputDeclarationEmit:2:13	WRONG	js:literal-widened
compiler/amdLikeInputDeclarationEmit:2:14	WRONG	js:literal-widened
compiler/amdLikeInputDeclarationEmit:2:18	WRONG	js:any:binary-operand
compiler/amdLikeInputDeclarationEmit:2:22	WRONG	js:any:variable-initialiser-error
compiler/amdLikeInputDeclarationEmit:2:5	WRONG	js:signature-differs
compiler/amdLikeInputDeclarationEmit:2:6	WRONG	js:any:contextual-parameter
compiler/amdLikeInputDeclarationEmit:2:7	WRONG	js:any:variable-initialiser-error
compiler/amdLikeInputDeclarationEmit:2:8	WRONG	js:any:call-error
compiler/amdLikeInputDeclarationEmit:2:9	WRONG	js:any:property-lookup-error
compiler/anonClassDeclarationEmitIsAnon:0:10	GAP	gap:class-expression
compiler/anonClassDeclarationEmitIsAnon:0:8	WRONG	signature-differs
compiler/anonClassDeclarationEmitIsAnon:1:1	WRONG	signature-differs
compiler/anonClassDeclarationEmitIsAnon:1:10	WRONG	signature-differs
compiler/anonClassDeclarationEmitIsAnon:1:13	WRONG	any:call-error
compiler/anonClassDeclarationEmitIsAnon:1:9	WRONG	any:call-error
compiler/arguments:0:13	WRONG	any:function-declaration-error
compiler/arguments:0:16	WRONG	any:type-reference-error
compiler/arguments:0:23	WRONG	any:type-reference-error
compiler/argumentsBindsToFunctionScopeArgumentList(alwaysstrict=true):0:5	WRONG	different-name
compiler/argumentsSpreadRestIterables(target=esnext):0:10	WRONG	any:configured:identifier
compiler/argumentsSpreadRestIterables(target=esnext):0:11	WRONG	partial-any
compiler/argumentsSpreadRestIterables(target=esnext):0:16	WRONG	partial-any
compiler/argumentsSpreadRestIterables(target=esnext):0:17	WRONG	partial-any
compiler/argumentsSpreadRestIterables(target=esnext):0:18	WRONG	any:configured:identifier
compiler/argumentsSpreadRestIterables(target=esnext):0:19	WRONG	partial-any
compiler/argumentsSpreadRestIterables(target=esnext):0:2	WRONG	partial-any
compiler/argumentsSpreadRestIterables(target=esnext):0:3	WRONG	partial-any
compiler/argumentsSpreadRestIterables(target=esnext):0:4	WRONG	partial-any
compiler/argumentsSpreadRestIterables(target=esnext):0:8	WRONG	partial-any
compiler/argumentsSpreadRestIterables(target=esnext):0:9	WRONG	partial-any
compiler/argumentsUsedInClassFieldInitializerOrStaticInitializationBlock:0:86	WRONG	any:variable-initialiser-error
compiler/argumentsUsedInClassFieldInitializerOrStaticInitializationBlock:0:87	WRONG	any:function-expression-error
compiler/arrayBindingPatternOmittedExpressions:0:8	WRONG	any:function-declaration-error
compiler/arrayDestructuringInSwitch2:0:17	WRONG	any:binding-element
compiler/arrayFakeFlatNoCrashInferenceDeclarations:0:0	WRONG	conditional-type-resolved-where-native-deferred
compiler/arrayFakeFlatNoCrashInferenceDeclarations:0:1	WRONG	any:type-reference-error
compiler/arrayFakeFlatNoCrashInferenceDeclarations:0:11	WRONG	signature-differs
compiler/arrayFakeFlatNoCrashInferenceDeclarations:0:14	WRONG	conditional-type-resolved-where-native-deferred
compiler/arrayFakeFlatNoCrashInferenceDeclarations:0:3	WRONG	any:type-reference-error
compiler/arrayFlatMap:0:10	GAP	gap:call
compiler/arrayFlatMap:0:11	WRONG	optional-param-undefined-not-printed
compiler/arrayFlatMap:0:13	WRONG	optional-param-undefined-not-printed
compiler/arrayFlatMap:0:4	GAP	gap:call
compiler/arrayFlatMap:0:5	WRONG	optional-param-undefined-not-printed
compiler/arrayFlatMap:0:7	WRONG	optional-param-undefined-not-printed
compiler/arrayFlatNoCrashInference:0:0	WRONG	signature-differs
compiler/arrayFlatNoCrashInference:0:3	WRONG	type-argument-differs
compiler/arrayFlatNoCrashInference:0:4	WRONG	optional-param-undefined-not-printed
compiler/arrayFlatNoCrashInference:0:6	WRONG	optional-param-undefined-not-printed
compiler/arrayFlatNoCrashInferenceDeclarations:0:0	WRONG	signature-differs
compiler/arrayFlatNoCrashInferenceDeclarations:0:3	WRONG	type-argument-differs
compiler/arrayFlatNoCrashInferenceDeclarations:0:4	WRONG	optional-param-undefined-not-printed
compiler/arrayFlatNoCrashInferenceDeclarations:0:6	WRONG	optional-param-undefined-not-printed
compiler/arrayIterationLibES5TargetDifferent(nolib=true,target=es2015):0:3	WRONG	any:configured:array-literal
compiler/arrayIterationLibES5TargetDifferent(nolib=true,target=esnext):0:3	WRONG	any:configured:array-literal
compiler/arrayconcat:0:16	WRONG	optional-param-undefined-not-printed
compiler/arrayconcat:0:20	WRONG	optional-param-undefined-not-printed
compiler/arrowExpressionBodyJSDoc:0:11	WRONG	js:union-extra-members
compiler/arrowExpressionBodyJSDoc:0:4	WRONG	js:union-extra-members
compiler/arrowExpressionJs:0:4	WRONG	js:union-extra-members
compiler/arrowFunctionsMissingTokens:0:5	WRONG	any:other
compiler/assignmentToInstantiationExpression:0:12	WRONG	any:type-reference-error
compiler/assignmentToInstantiationExpression:0:18	WRONG	any:type-reference-error
compiler/assignmentToInstantiationExpression:0:4	WRONG	any:type-reference-error
compiler/asyncImportNestedYield:0:0	GAP	gap:identifier
compiler/augmentExportEquals3:0:0	WRONG	alias-port-kept
compiler/augmentExportEquals3:0:1	WRONG	alias-port-kept
compiler/augmentExportEquals3:0:4	WRONG	alias-port-kept
compiler/augmentExportEquals4:0:0	WRONG	alias-port-kept
compiler/augmentExportEquals4:0:1	WRONG	alias-port-kept
compiler/augmentExportEquals4:0:4	WRONG	alias-port-kept
compiler/augmentExportEquals5:0:1	WRONG	alias-port-kept
compiler/augmentExportEquals5:0:3	WRONG	alias-port-kept
compiler/augmentExportEquals5:0:33	WRONG	alias-port-kept
compiler/augmentExportEquals5:1:1	WRONG	any:other
compiler/augmentExportEquals5:2:2	WRONG	any:variable-initialiser-error
compiler/augmentExportEquals5:2:3	WRONG	any:property-lookup-error
compiler/augmentExportEquals5:2:5	WRONG	any:property-lookup-error
compiler/augmentExportEquals6:0:0	WRONG	alias-port-kept
compiler/augmentExportEquals6:0:1	WRONG	alias-port-kept
compiler/augmentExportEquals6:0:5	WRONG	alias-port-kept
compiler/augmentExportEquals7:1:0	WRONG	module-object-default-shape
compiler/awaitedType:0:100	WRONG	type-param-constraint
compiler/awaitedType:0:163	WRONG	partial-any
compiler/awaitedType:0:164	WRONG	any:variable-initialiser-error
compiler/awaitedType:0:165	WRONG	any:other
compiler/awaitedType:0:166	WRONG	any:call-error
compiler/awaitedType:0:168	WRONG	any:function-expression-error
compiler/awaitedType:0:171	WRONG	any:literal-expression-error
compiler/awaitedType:0:172	WRONG	any:literal-expression-error
compiler/awaitedType:0:258	WRONG	any:variable-initialiser-error
compiler/awaitedType:0:271	WRONG	tuple-vs-array
compiler/awaitedType:0:272	WRONG	tuple-vs-array
compiler/awaitedType:0:273	WRONG	type-argument-differs
compiler/awaitedType:0:277	WRONG	tuple-vs-array
compiler/awaitedType:0:46	WRONG	tuple-vs-array
compiler/awaitedType:0:50	WRONG	tuple-vs-array
compiler/awaitedType:0:51	WRONG	type-argument-differs
compiler/awaitedType:0:55	WRONG	tuple-vs-array
compiler/awaitedType:0:56	WRONG	alias-port-kept
compiler/awaitedType:0:59	WRONG	alias-port-kept
compiler/awaitedType:0:6	WRONG	any:type-reference-error
compiler/awaitedType:0:62	WRONG	alias-port-kept
compiler/awaitedTypeNoLib:0:16	WRONG	type-argument-differs
compiler/awaitedTypeStrictNull:0:46	WRONG	tuple-vs-array
compiler/awaitedTypeStrictNull:0:50	WRONG	tuple-vs-array
compiler/awaitedTypeStrictNull:0:51	WRONG	type-argument-differs
compiler/awaitedTypeStrictNull:0:55	WRONG	tuple-vs-array
compiler/awaitedTypeStrictNull:0:56	WRONG	alias-port-kept
compiler/awaitedTypeStrictNull:0:59	WRONG	alias-port-kept
compiler/awaitedTypeStrictNull:0:62	WRONG	alias-port-kept
compiler/awaitedTypeStrictNull:0:68	WRONG	type-param-rename
compiler/awaitedTypeStrictNull:0:70	WRONG	type-param-rename
compiler/badInferenceLowerPriorityThanGoodInference:0:10	WRONG	unknown-where-native-typed
compiler/badInferenceLowerPriorityThanGoodInference:0:15	WRONG	unknown-where-native-typed
compiler/badInferenceLowerPriorityThanGoodInference:0:16	WRONG	unknown-where-native-typed
compiler/badInferenceLowerPriorityThanGoodInference:0:17	WRONG	unknown-where-native-typed
compiler/badInferenceLowerPriorityThanGoodInference:0:18	GAP	gap:property-access
compiler/badInferenceLowerPriorityThanGoodInference:0:19	WRONG	unknown-where-native-typed
compiler/badInferenceLowerPriorityThanGoodInference:0:20	WRONG	any:property-lookup-error
compiler/badInferenceLowerPriorityThanGoodInference:0:5	WRONG	unknown-where-native-typed
compiler/badInferenceLowerPriorityThanGoodInference:0:6	WRONG	unknown-where-native-typed
compiler/badInferenceLowerPriorityThanGoodInference:0:8	WRONG	unknown-where-native-typed
compiler/badInferenceLowerPriorityThanGoodInference:0:9	WRONG	unknown-where-native-typed
compiler/baseClassImprovedMismatchErrors:0:12	WRONG	union-order
compiler/baseClassImprovedMismatchErrors:0:7	WRONG	union-order
compiler/baseConstraintOfDecorator:0:25	WRONG	alias-port-kept
compiler/baseConstraintOfDecorator:0:26	WRONG	alias-port-kept
compiler/baseExpressionTypeParameters:0:5	WRONG	qualified-name-choice
compiler/bigintArbirtraryIdentifier:1:0	WRONG	any:alias-target
compiler/bigintArbirtraryIdentifier:1:1	WRONG	any:alias-target
compiler/bigintArbirtraryIdentifier:1:2	WRONG	any:alias-target
compiler/bigintIndex:0:28	WRONG	any:type-reference-error
compiler/bigintIndex:0:30	WRONG	any:type-reference-error
compiler/bigintIndex:0:33	WRONG	any:type-reference-error
compiler/bigintIndex:0:36	WRONG	any:type-reference-error
compiler/bigintIndex:0:40	WRONG	any:type-reference-error
compiler/bigintPropertyName:0:0	WRONG	any:other
compiler/bigintPropertyName:0:1	WRONG	any:literal-expression-error
compiler/bigintPropertyName:0:32	WRONG	any:variable-initialiser-error
compiler/bigintPropertyName:0:33	WRONG	any:literal-expression-error
compiler/bigintPropertyName:0:6	WRONG	any:variable-initialiser-error
compiler/bigintPropertyName:0:7	WRONG	any:literal-expression-error
compiler/bigintPropertyName:1:23	WRONG	any:literal-expression-error
compiler/bigintPropertyName:1:37	WRONG	any:literal-expression-error
compiler/bigintPropertyName:1:51	WRONG	any:literal-expression-error
compiler/bigintPropertyName:1:9	WRONG	any:literal-expression-error
compiler/bigintWithoutLib(target=es2015):0:28	WRONG	any:configured:call
compiler/bigintWithoutLib(target=es2015):0:30	WRONG	any:configured:call
compiler/bigintWithoutLib(target=es2015):0:31	WRONG	any:configured:property-access
compiler/bigintWithoutLib(target=es2015):0:33	WRONG	any:configured:identifier
compiler/bigintWithoutLib(target=es2015):0:35	WRONG	any:configured:call
compiler/bigintWithoutLib(target=es2015):0:36	WRONG	any:configured:property-access
compiler/bigintWithoutLib(target=es2015):0:38	WRONG	any:configured:identifier
compiler/bigintWithoutLib(target=es2015):0:39	WRONG	any:configured:call
compiler/bigintWithoutLib(target=es2015):0:41	WRONG	any:configured:call
compiler/bigintWithoutLib(target=es2015):0:42	WRONG	any:configured:property-access
compiler/bigintWithoutLib(target=es2015):0:44	WRONG	any:configured:identifier
compiler/bigintWithoutLib(target=es2015):0:46	WRONG	any:configured:call
compiler/bigintWithoutLib(target=es2015):0:48	WRONG	any:configured:call
compiler/bigintWithoutLib(target=es2015):0:49	WRONG	any:configured:property-access
compiler/bigintWithoutLib(target=es2015):0:51	WRONG	any:configured:identifier
compiler/bigintWithoutLib(target=es2015):0:52	WRONG	any:configured:call
compiler/bigintWithoutLib(target=es2015):0:54	WRONG	any:configured:call
compiler/bigintWithoutLib(target=es2015):0:55	WRONG	any:configured:property-access
compiler/bigintWithoutLib(target=es2015):0:57	WRONG	any:configured:identifier
compiler/bigintWithoutLib(target=es2015):0:59	WRONG	any:configured:call
compiler/bigintWithoutLib(target=es2015):0:61	WRONG	any:configured:call
compiler/bigintWithoutLib(target=es2015):0:62	WRONG	any:configured:property-access
compiler/bigintWithoutLib(target=es2015):0:64	WRONG	any:configured:identifier
compiler/bigintWithoutLib(target=es2015):0:69	WRONG	any:configured:call
compiler/bigintWithoutLib(target=es2015):0:71	WRONG	any:configured:call
compiler/bigintWithoutLib(target=es2015):0:72	WRONG	any:configured:property-access
compiler/bigintWithoutLib(target=es2015):0:74	WRONG	any:configured:identifier
compiler/bindingPatternCannotBeOnlyInferenceSource:0:40	WRONG	signature-differs
compiler/bindingPatternCannotBeOnlyInferenceSource:0:43	WRONG	signature-differs
compiler/booleanFilterAnyArray:0:12	GAP	gap:call
compiler/booleanFilterAnyArray:0:13	GAP	gap:property-access
compiler/booleanFilterAnyArray:0:15	WRONG	any:property-lookup-error
compiler/booleanFilterAnyArray:0:20	GAP	gap:call
compiler/builtinIterator:0:101	WRONG	typed-where-native-unknown
compiler/builtinIterator:0:103	WRONG	typed-where-native-unknown
compiler/builtinIterator:0:124	WRONG	typed-where-native-unknown
compiler/builtinIterator:0:132	WRONG	typed-where-native-unknown
compiler/builtinIterator:0:157	WRONG	typed-where-native-unknown
compiler/builtinIterator:0:161	WRONG	typed-where-native-unknown
compiler/builtinIterator:0:90	WRONG	typed-where-native-unknown
compiler/callOfConditionalTypeWithConcreteBranches:0:33	WRONG	signature-differs
compiler/callOfConditionalTypeWithConcreteBranches:0:34	WRONG	alias-port-kept
compiler/callOfConditionalTypeWithConcreteBranches:0:37	WRONG	alias-port-kept
compiler/callbacksDontShareTypes:0:41	WRONG	any:variable-initialiser-error
compiler/callbacksDontShareTypes:0:42	WRONG	any:call-error
compiler/callbacksDontShareTypes:0:47	WRONG	any:function-expression-error
compiler/callbacksDontShareTypes:0:48	WRONG	any:contextual-parameter
compiler/callbacksDontShareTypes:0:49	WRONG	any:call-error
compiler/callbacksDontShareTypes:0:50	WRONG	any:contextual-parameter
compiler/callbacksDontShareTypes:0:51	WRONG	any:contextual-parameter
compiler/callbacksDontShareTypes:0:52	WRONG	any:contextual-parameter
compiler/callbacksDontShareTypes:0:53	WRONG	any:variable-initialiser-error
compiler/callbacksDontShareTypes:0:54	WRONG	any:call-error
compiler/callsOnComplexSignatures:0:0	WRONG	import-qualifier-extra
compiler/callsOnComplexSignatures:0:248	WRONG	alias-name-port-reassigned
compiler/callsOnComplexSignatures:0:250	WRONG	alias-name-port-reassigned
compiler/callsOnComplexSignatures:0:252	WRONG	alias-name-port-reassigned
compiler/callsOnComplexSignatures:0:254	WRONG	alias-name-port-reassigned
compiler/callsOnComplexSignatures:0:257	WRONG	alias-name-port-reassigned
compiler/callsOnComplexSignatures:0:271	WRONG	literal-widened
compiler/cannotIndexGenericWritingError:0:8	WRONG	union-order
compiler/capturedParametersInInitializers1:0:19	WRONG	signature-differs
compiler/capturedParametersInInitializers1:0:20	WRONG	object-members-differ
compiler/capturedParametersInInitializers1:0:21	WRONG	object-members-differ
compiler/caseInsensitiveFileSystemWithCapsImportTypeDeclarations:0:2	WRONG	signature-differs
compiler/caseInsensitiveFileSystemWithCapsImportTypeDeclarations:0:3	WRONG	alias-name-native-reassigned
compiler/caseInsensitiveFileSystemWithCapsImportTypeDeclarations:1:2	WRONG	alias-name-native-reassigned
compiler/chainedCallsWithTypeParameterConstrainedToOtherTypeParameter2:0:146	WRONG	type-param-rename
compiler/chainedCallsWithTypeParameterConstrainedToOtherTypeParameter2:0:148	WRONG	type-param-rename
compiler/chainedCallsWithTypeParameterConstrainedToOtherTypeParameter2:0:150	WRONG	type-param-rename
compiler/chainedCallsWithTypeParameterConstrainedToOtherTypeParameter2:0:161	WRONG	type-param-rename
compiler/chainedCallsWithTypeParameterConstrainedToOtherTypeParameter2:0:165	WRONG	type-param-rename
compiler/chainedCallsWithTypeParameterConstrainedToOtherTypeParameter2:0:169	WRONG	type-param-rename
compiler/chainedCallsWithTypeParameterConstrainedToOtherTypeParameter2:0:19	WRONG	type-param-rename
compiler/chainedCallsWithTypeParameterConstrainedToOtherTypeParameter2:0:24	WRONG	type-param-rename
compiler/chainedCallsWithTypeParameterConstrainedToOtherTypeParameter2:0:29	WRONG	type-param-rename
compiler/chainedCallsWithTypeParameterConstrainedToOtherTypeParameter2:0:56	WRONG	type-param-rename
compiler/chainedCallsWithTypeParameterConstrainedToOtherTypeParameter2:0:58	WRONG	type-param-rename
compiler/chainedCallsWithTypeParameterConstrainedToOtherTypeParameter2:0:60	WRONG	type-param-rename
compiler/chainedCallsWithTypeParameterConstrainedToOtherTypeParameter2:0:65	WRONG	type-param-rename
compiler/chainedCallsWithTypeParameterConstrainedToOtherTypeParameter2:0:69	WRONG	type-param-rename
compiler/chainedCallsWithTypeParameterConstrainedToOtherTypeParameter2:0:73	WRONG	type-param-rename
compiler/chainedCallsWithTypeParameterConstrainedToOtherTypeParameter2:0:8	WRONG	type-param-rename
compiler/chainedImportAlias:0:1	WRONG	any:alias-target
compiler/chainedImportAlias:0:3	GAP	gap:call
compiler/chainedImportAlias:0:4	GAP	gap:property-access
compiler/chainedImportAlias:0:5	WRONG	any:property-lookup-error
compiler/chainedImportAlias:0:6	WRONG	any:alias-target
compiler/chainedImportAlias:0:7	WRONG	any:property-lookup-error
compiler/chainedImportAlias:0:8	WRONG	any:property-lookup-error
compiler/checkJsdocTypeTagOnExportAssignment1:2:0	WRONG	js:any:alias-target
compiler/checkJsdocTypeTagOnExportAssignment1:2:1	WRONG	js:any:alias-target
compiler/checkJsdocTypeTagOnExportAssignment2:3:0	WRONG	js:any:alias-target
compiler/checkJsdocTypeTagOnExportAssignment2:3:1	WRONG	js:any:alias-target
compiler/checkJsdocTypeTagOnExportAssignment5:2:0	WRONG	js:any:alias-target
compiler/checkJsdocTypeTagOnExportAssignment5:2:1	GAP	js:gap:identifier
compiler/checkJsdocTypeTagOnExportAssignment6:2:0	WRONG	js:any:alias-target
compiler/checkJsdocTypeTagOnExportAssignment6:2:1	WRONG	js:any:alias-target
compiler/checkJsdocTypeTagOnExportAssignment8:1:0	WRONG	js:literal-widened
compiler/checkJsdocTypeTagOnExportAssignment8:1:3	WRONG	js:literal-widened
compiler/checkMergedGlobalUMDSymbol:2:0	WRONG	alias-port-kept
compiler/checkMergedGlobalUMDSymbol:2:1	WRONG	alias-port-kept
compiler/checkerInitializationCrash:1:2	WRONG	any:type-reference-error
compiler/checkingObjectWithThisInNamePositionNoCrash:0:6	WRONG	this-type
compiler/circularAccessorAnnotations:0:0	WRONG	any:type-reference-error
compiler/circularAccessorAnnotations:0:3	WRONG	object-members-differ
compiler/circularAccessorAnnotations:0:5	WRONG	any:type-reference-error
compiler/circularAccessorAnnotations:0:9	WRONG	object-members-differ
compiler/circularContextualReturnType:0:1	WRONG	union-order
compiler/circularContextualReturnType:0:3	WRONG	union-order
compiler/circularContextualReturnType:0:7	WRONG	union-order
compiler/circularContextualReturnType:0:9	WRONG	union-order
compiler/circularInlineMappedGenericTupleTypeNoCrash:0:13	WRONG	any:other
compiler/circularInstantiationExpression:0:0	GAP	gap:identifier
compiler/circularInstantiationExpression:0:2	GAP	gap:identifier
compiler/circularInstantiationExpression:0:3	GAP	gap:call
compiler/circularInstantiationExpression:0:4	GAP	gap:identifier
compiler/circularObjectLiteralAccessors(target=es2015):0:0	WRONG	object-members-differ
compiler/circularObjectLiteralAccessors(target=es2015):0:12	WRONG	object-members-differ
compiler/circularObjectLiteralAccessors(target=es2015):0:6	WRONG	object-members-differ
compiler/circularReferenceInReturnType2:0:32	WRONG	any:other
compiler/circularReferenceInReturnType2:0:33	WRONG	any:literal-expression-error
compiler/circularReferenceInReturnType2:0:34	WRONG	any:literal-expression-error
compiler/circularReferenceInReturnType2:0:35	WRONG	any:call-error
compiler/circularReferenceInReturnType:0:20	WRONG	any:variable-initialiser-error
compiler/circularReferenceInReturnType:0:24	WRONG	partial-any
compiler/circularReferenceInReturnType:0:25	WRONG	any:variable-initialiser-error
compiler/circularTypeArgumentsLocalAndOuterNoCrash1:0:1	WRONG	conditional-type-unresolved
compiler/circularlyReferentialInterfaceAccessNoCrash:0:0	WRONG	any:type-reference-error
compiler/circularlyReferentialInterfaceAccessNoCrash:0:3	WRONG	any:type-reference-error
compiler/circularlyReferentialInterfaceAccessNoCrash:0:4	WRONG	any:type-reference-error
compiler/circularlySimplifyingConditionalTypesNoCrash:0:12	WRONG	signature-differs
compiler/circularlySimplifyingConditionalTypesNoCrash:0:18	WRONG	unknown-where-native-typed
compiler/classAccessorInitializationInferenceWithElementAccess1:0:1	WRONG	any:unannotated-declaration
compiler/classAccessorInitializationInferenceWithElementAccess1:0:13	WRONG	any:other
compiler/classAccessorInitializationInferenceWithElementAccess1:0:19	WRONG	any:other
compiler/classAccessorInitializationInferenceWithElementAccess1:0:2	WRONG	any:unannotated-declaration
compiler/classAccessorInitializationInferenceWithElementAccess1:0:25	WRONG	any:other
compiler/classAccessorInitializationInferenceWithElementAccess1:0:3	WRONG	any:unannotated-declaration
compiler/classAccessorInitializationInferenceWithElementAccess1:0:4	WRONG	any:unannotated-declaration
compiler/classAccessorInitializationInferenceWithElementAccess1:0:7	WRONG	any:other
compiler/classFieldSuperAccessible:0:16	GAP	gap:property-access
compiler/classFieldSuperAccessible:0:17	WRONG	any:call-error
compiler/classFieldSuperAccessible:0:18	WRONG	any:property-lookup-error
compiler/classFieldSuperAccessible:0:7	GAP	gap:property-access
compiler/classFieldSuperAccessible:0:8	WRONG	any:call-error
compiler/classFieldSuperAccessible:0:9	WRONG	any:property-lookup-error
compiler/classFieldSuperAccessibleJs1:0:14	WRONG	js:any:property-lookup-error
compiler/classFieldSuperAccessibleJs1:0:15	WRONG	js:any:call-error
compiler/classFieldSuperAccessibleJs1:0:16	WRONG	js:any:property-lookup-error
compiler/classFieldSuperAccessibleJs1:0:21	WRONG	js:any:property-lookup-error
compiler/classFieldSuperAccessibleJs1:0:22	WRONG	js:any:call-error
compiler/classFieldSuperAccessibleJs1:0:23	WRONG	js:any:property-lookup-error
compiler/classMemberInitializerScoping2(target=es2017,usedefineforclassfields=true):0:3	WRONG	typed-where-native-any
compiler/classMemberInitializerScoping2(target=es2017,usedefineforclassfields=true):0:4	WRONG	typed-where-native-any
compiler/classPropInitializationInferenceWithElementAccess:0:1	WRONG	any:unannotated-declaration
compiler/classPropInitializationInferenceWithElementAccess:0:13	WRONG	any:other
compiler/classPropInitializationInferenceWithElementAccess:0:19	WRONG	any:other
compiler/classPropInitializationInferenceWithElementAccess:0:2	WRONG	any:unannotated-declaration
compiler/classPropInitializationInferenceWithElementAccess:0:25	WRONG	any:other
compiler/classPropInitializationInferenceWithElementAccess:0:3	WRONG	any:unannotated-declaration
compiler/classPropInitializationInferenceWithElementAccess:0:4	WRONG	any:unannotated-declaration
compiler/classPropInitializationInferenceWithElementAccess:0:7	WRONG	any:other
compiler/classReferencedInContextualParameterWithinItsOwnBaseExpression:0:12	WRONG	optional-param-undefined-not-printed
compiler/coAndContraVariantInferences3:0:134	GAP	gap:object-literal
compiler/coAndContraVariantInferences3:0:135	GAP	gap:identifier
compiler/coAndContraVariantInferences3:0:136	GAP	gap:function-expression
compiler/coAndContraVariantInferences3:0:14	WRONG	mapped-type-resolved-where-native-deferred
compiler/coAndContraVariantInferences3:0:184	GAP	gap:identifier
compiler/coAndContraVariantInferences3:0:185	GAP	gap:function-expression
compiler/coAndContraVariantInferences3:0:240	WRONG	signature-differs
compiler/coAndContraVariantInferences3:0:9	WRONG	mapped-type-resolved-where-native-deferred
compiler/coAndContraVariantInferences3:0:93	WRONG	alias-port-kept
compiler/coAndContraVariantInferences3:0:94	WRONG	signature-differs
compiler/coAndContraVariantInferences6:0:16	WRONG	literal-widened
compiler/coAndContraVariantInferences6:0:17	WRONG	literal-widened
compiler/collisionArgumentsInType(alwaysstrict=true):0:17	WRONG	signature-differs
compiler/collisionArgumentsInType(alwaysstrict=true):0:6	WRONG	signature-differs
compiler/collisionRestParameterInType:0:3	WRONG	signature-differs
compiler/commentsOnObjectLiteral2:0:3	WRONG	any:literal-expression-error
compiler/commentsOnObjectLiteral2:0:4	WRONG	any:literal-expression-error
compiler/commentsOnObjectLiteral2:0:5	WRONG	any:function-expression-error
compiler/commentsOnObjectLiteral3(target=es2015):0:0	WRONG	partial-any
compiler/commentsOnObjectLiteral3(target=es2015):0:1	WRONG	partial-any
compiler/commentsOnObjectLiteral3(target=es2015):0:10	WRONG	any:configured:identifier
compiler/commentsOnObjectLiteral3(target=es2015):0:11	WRONG	any:configured:identifier
compiler/commentsOnObjectLiteral3(target=es2015):0:12	WRONG	any:configured:identifier
compiler/commentsOnObjectLiteral3(target=es2015):0:13	WRONG	any:configured:other-expression
compiler/commentsOnObjectLiteral3(target=es2015):0:15	WRONG	partial-any
compiler/commentsOnObjectLiteral3(target=es2015):0:17	WRONG	any:configured:identifier
compiler/commentsOnObjectLiteral3(target=es2015):0:7	WRONG	any:configured:identifier
compiler/commentsOnObjectLiteral3(target=es2015):0:8	WRONG	any:configured:property-access
compiler/commentsOnObjectLiteral3(target=es2015):0:9	WRONG	any:configured:identifier
compiler/commonJsImportClassExpression:0:0	WRONG	alias-native-kept
compiler/complexRecursiveCollections:1:24	WRONG	union-order
compiler/complexRecursiveCollections:1:598	WRONG	qualified-name-choice
compiler/complexRecursiveCollections:1:605	WRONG	any:function-declaration-error
compiler/complexRecursiveCollections:1:608	WRONG	any:function-declaration-error
compiler/complexRecursiveCollections:1:612	WRONG	any:function-declaration-error
compiler/complexRecursiveCollections:1:614	WRONG	any:function-declaration-error
compiler/complexRecursiveCollections:1:814	WRONG	union-members-differ
compiler/complexRecursiveCollections:1:820	WRONG	any:function-declaration-error
compiler/complexRecursiveCollections:1:823	WRONG	any:function-declaration-error
compiler/complexRecursiveCollections:1:885	WRONG	any:function-declaration-error
compiler/complexRecursiveCollections:1:979	WRONG	any:function-declaration-error
compiler/complicatedGenericRecursiveBaseClassReference:0:5	WRONG	any:other
compiler/complicatedGenericRecursiveBaseClassReference:0:6	WRONG	any:call-error
compiler/complicatedIndexedAccessKeyofReliesOnKeyofNeverUpperBound:0:22	WRONG	type-argument-differs
compiler/complicatedIndexedAccessKeyofReliesOnKeyofNeverUpperBound:0:23	WRONG	type-argument-differs
compiler/complicatedIndexedAccessKeyofReliesOnKeyofNeverUpperBound:0:27	WRONG	any:property-lookup-error
compiler/complicatedIndexedAccessKeyofReliesOnKeyofNeverUpperBound:0:28	WRONG	type-argument-differs
compiler/complicatedIndexedAccessKeyofReliesOnKeyofNeverUpperBound:0:29	WRONG	any:property-lookup-error
compiler/complicatedIndexedAccessKeyofReliesOnKeyofNeverUpperBound:0:32	WRONG	type-argument-differs
compiler/complicatedIndexedAccessKeyofReliesOnKeyofNeverUpperBound:0:7	WRONG	conditional-type-unresolved
compiler/complicatedIndexesOfIntersectionsAreInferencable:0:13	GAP	gap:identifier
compiler/complicatedIndexesOfIntersectionsAreInferencable:0:14	GAP	gap:function-expression
compiler/complicatedIndexesOfIntersectionsAreInferencable:0:15	WRONG	any:contextual-parameter
compiler/complicatedIndexesOfIntersectionsAreInferencable:0:16	WRONG	any:contextual-parameter
compiler/complicatedIndexesOfIntersectionsAreInferencable:0:17	WRONG	any:contextual-parameter
compiler/complicatedIndexesOfIntersectionsAreInferencable:0:18	WRONG	any:contextual-parameter
compiler/complicatedIndexesOfIntersectionsAreInferencable:0:5	WRONG	union-order
compiler/complicatedIndexesOfIntersectionsAreInferencable:0:8	GAP	gap:object-literal
compiler/computedPropertiesInDestructuring1:0:101	WRONG	any:literal-expression-error
compiler/computedPropertiesInDestructuring1:0:102	WRONG	any:literal-expression-error
compiler/computedPropertiesInDestructuring1:0:111	WRONG	any:literal-expression-error
compiler/computedPropertiesInDestructuring1:0:112	WRONG	any:literal-expression-error
compiler/computedPropertiesInDestructuring1:0:122	WRONG	any:literal-expression-error
compiler/computedPropertiesInDestructuring1:0:123	WRONG	any:literal-expression-error
compiler/computedPropertiesInDestructuring1:0:133	WRONG	any:literal-expression-error
compiler/computedPropertiesInDestructuring1:0:134	WRONG	any:literal-expression-error
compiler/computedPropertiesInDestructuring1:0:34	WRONG	any:function-declaration-error
compiler/computedPropertiesInDestructuring1:0:38	WRONG	any:function-declaration-error
compiler/computedPropertiesInDestructuring1:0:42	WRONG	any:function-declaration-error
compiler/computedPropertiesInDestructuring1:0:47	WRONG	any:function-declaration-error
compiler/computedPropertiesInDestructuring1:0:51	WRONG	any:function-declaration-error
compiler/computedPropertiesInDestructuring1:0:74	WRONG	any:literal-expression-error
compiler/computedPropertiesInDestructuring1:0:92	WRONG	any:literal-expression-error
compiler/computedPropertiesInDestructuring1_ES6:0:106	WRONG	any:literal-expression-error
compiler/computedPropertiesInDestructuring1_ES6:0:107	WRONG	any:literal-expression-error
compiler/computedPropertiesInDestructuring1_ES6:0:116	WRONG	any:literal-expression-error
compiler/computedPropertiesInDestructuring1_ES6:0:117	WRONG	any:literal-expression-error
compiler/computedPropertiesInDestructuring1_ES6:0:127	WRONG	any:literal-expression-error
compiler/computedPropertiesInDestructuring1_ES6:0:128	WRONG	any:literal-expression-error
compiler/computedPropertiesInDestructuring1_ES6:0:138	WRONG	any:literal-expression-error
compiler/computedPropertiesInDestructuring1_ES6:0:139	WRONG	any:literal-expression-error
compiler/computedPropertiesInDestructuring1_ES6:0:39	WRONG	any:function-declaration-error
compiler/computedPropertiesInDestructuring1_ES6:0:43	WRONG	any:function-declaration-error
compiler/computedPropertiesInDestructuring1_ES6:0:47	WRONG	any:function-declaration-error
compiler/computedPropertiesInDestructuring1_ES6:0:52	WRONG	any:function-declaration-error
compiler/computedPropertiesInDestructuring1_ES6:0:56	WRONG	any:function-declaration-error
compiler/computedPropertiesInDestructuring1_ES6:0:79	WRONG	any:literal-expression-error
compiler/computedPropertiesInDestructuring1_ES6:0:97	WRONG	any:literal-expression-error
compiler/computedPropertiesWithSetterAssignment:0:36	WRONG	different-name
compiler/computedPropertyBindingElementDeclarationNoCrash1:0:10	WRONG	any:binding-element
compiler/computedPropertyBindingElementDeclarationNoCrash1:0:11	WRONG	any:call-error
compiler/computedPropertyBindingElementDeclarationNoCrash1:0:20	WRONG	any:literal-expression-error
compiler/computedPropertyBindingElementDeclarationNoCrash1:0:21	WRONG	any:literal-expression-error
compiler/computedPropertyBindingElementDeclarationNoCrash1:0:22	WRONG	any:binding-element
compiler/computedPropertyBindingElementDeclarationNoCrash1:0:23	WRONG	any:binding-element
compiler/computedPropertyBindingElementDeclarationNoCrash1:0:9	WRONG	any:binding-element
compiler/computedPropertyNameWithImportedKey:1:1	GAP	gap:identifier
compiler/computedTypesKeyofNoIndexSignatureType:0:0	WRONG	mapped-type-resolved-where-native-deferred
compiler/computedTypesKeyofNoIndexSignatureType:0:10	WRONG	alias-port-kept
compiler/computedTypesKeyofNoIndexSignatureType:0:11	WRONG	type-argument-differs
compiler/computedTypesKeyofNoIndexSignatureType:0:14	WRONG	never-where-native-typed
compiler/computerPropertiesInES5ShouldBeTransformed(target=es2015):0:0	GAP	gap:identifier
compiler/computerPropertiesInES5ShouldBeTransformed(target=es2015):0:1	GAP	gap:function-expression
compiler/concatTuples:0:11	WRONG	other
compiler/concatTuples:0:12	WRONG	tuple-vs-array
compiler/concatTuples:0:15	WRONG	tuple-vs-array
compiler/conditionalEqualityTestingNullability:0:4	GAP	gap:identifier
compiler/conditionalTypeAssignabilityWhenDeferred:0:94	WRONG	any:type-reference-error
compiler/conditionalTypeBasedContextualTypeReturnTypeWidening:0:0	GAP	gap:identifier
compiler/conditionalTypeBasedContextualTypeReturnTypeWidening:0:1	GAP	gap:identifier
compiler/conditionalTypeBasedContextualTypeReturnTypeWidening:0:11	GAP	gap:identifier
compiler/conditionalTypeBasedContextualTypeReturnTypeWidening:0:12	GAP	gap:call
compiler/conditionalTypeBasedContextualTypeReturnTypeWidening:0:13	GAP	gap:identifier
compiler/conditionalTypeBasedContextualTypeReturnTypeWidening:0:14	WRONG	literal-widened
compiler/conditionalTypeBasedContextualTypeReturnTypeWidening:0:15	WRONG	literal-widened
compiler/conditionalTypeBasedContextualTypeReturnTypeWidening:0:17	GAP	gap:identifier
compiler/conditionalTypeBasedContextualTypeReturnTypeWidening:0:18	GAP	gap:identifier
compiler/conditionalTypeBasedContextualTypeReturnTypeWidening:0:19	GAP	gap:identifier
compiler/conditionalTypeBasedContextualTypeReturnTypeWidening:0:2	GAP	gap:identifier
compiler/conditionalTypeBasedContextualTypeReturnTypeWidening:0:20	GAP	gap:identifier
compiler/conditionalTypeBasedContextualTypeReturnTypeWidening:0:22	GAP	gap:identifier
compiler/conditionalTypeBasedContextualTypeReturnTypeWidening:0:23	GAP	gap:call
compiler/conditionalTypeBasedContextualTypeReturnTypeWidening:0:24	GAP	gap:identifier
compiler/conditionalTypeBasedContextualTypeReturnTypeWidening:0:25	WRONG	literal-widened
compiler/conditionalTypeBasedContextualTypeReturnTypeWidening:0:26	WRONG	literal-widened
compiler/conditionalTypeBasedContextualTypeReturnTypeWidening:0:28	GAP	gap:identifier
compiler/conditionalTypeBasedContextualTypeReturnTypeWidening:0:29	GAP	gap:call
compiler/conditionalTypeBasedContextualTypeReturnTypeWidening:0:3	GAP	gap:identifier
compiler/conditionalTypeBasedContextualTypeReturnTypeWidening:0:30	GAP	gap:identifier
compiler/conditionalTypeBasedContextualTypeReturnTypeWidening:0:31	WRONG	literal-widened
compiler/conditionalTypeBasedContextualTypeReturnTypeWidening:0:32	WRONG	literal-widened
compiler/conditionalTypeBasedContextualTypeReturnTypeWidening:0:5	GAP	gap:identifier
compiler/conditionalTypeBasedContextualTypeReturnTypeWidening:0:6	GAP	gap:call
compiler/conditionalTypeBasedContextualTypeReturnTypeWidening:0:7	GAP	gap:identifier
compiler/conditionalTypeBasedContextualTypeReturnTypeWidening:0:8	WRONG	literal-widened
compiler/conditionalTypeBasedContextualTypeReturnTypeWidening:0:9	WRONG	literal-widened
compiler/conditionalTypeContextualTypeSimplificationsSuceeds:0:10	GAP	gap:object-literal
compiler/conditionalTypeContextualTypeSimplificationsSuceeds:0:11	GAP	gap:identifier
compiler/conditionalTypeContextualTypeSimplificationsSuceeds:0:12	GAP	gap:function-expression
compiler/conditionalTypeContextualTypeSimplificationsSuceeds:0:13	WRONG	any:contextual-parameter
compiler/conditionalTypeContextualTypeSimplificationsSuceeds:0:17	GAP	gap:object-literal
compiler/conditionalTypeContextualTypeSimplificationsSuceeds:0:18	GAP	gap:identifier
compiler/conditionalTypeContextualTypeSimplificationsSuceeds:0:19	GAP	gap:function-expression
compiler/conditionalTypeContextualTypeSimplificationsSuceeds:0:20	WRONG	any:contextual-parameter
compiler/conditionalTypeGenericInSignatureTypeParameterConstraint:0:0	WRONG	alias-name-native-reassigned
compiler/conflictingDeclarationsImportFromNamespace1:0:1	WRONG	qualified-name-choice
compiler/conflictingDeclarationsImportFromNamespace1:1:0	WRONG	any:alias-target
compiler/conflictingDeclarationsImportFromNamespace1:1:1	WRONG	any:alias-target
compiler/conflictingDeclarationsImportFromNamespace1:2:0	WRONG	import-qualifier-missing
compiler/conflictingDeclarationsImportFromNamespace1:2:1	WRONG	import-qualifier-missing
compiler/conflictingDeclarationsImportFromNamespace1:2:2	WRONG	import-qualifier-missing
compiler/conflictingDeclarationsImportFromNamespace1:3:0	WRONG	any:alias-target
compiler/conflictingDeclarationsImportFromNamespace1:3:4	WRONG	any:alias-target
compiler/conflictingDeclarationsImportFromNamespace2:0:1	WRONG	qualified-name-choice
compiler/conflictingDeclarationsImportFromNamespace2:1:0	WRONG	any:alias-target
compiler/conflictingDeclarationsImportFromNamespace2:1:1	WRONG	any:alias-target
compiler/conflictingDeclarationsImportFromNamespace2:2:0	WRONG	import-qualifier-missing
compiler/conflictingDeclarationsImportFromNamespace2:2:1	WRONG	import-qualifier-missing
compiler/conflictingDeclarationsImportFromNamespace2:2:2	WRONG	import-qualifier-missing
compiler/conflictingDeclarationsImportFromNamespace2:3:0	WRONG	any:alias-target
compiler/conflictingDeclarationsImportFromNamespace2:3:4	WRONG	any:alias-target
compiler/constEnumNoEmitReexport:3:0	WRONG	import-qualifier-missing
compiler/constEnumNoEmitReexport:3:1	WRONG	import-qualifier-missing
compiler/constEnumNoEmitReexport:4:0	WRONG	import-qualifier-missing
compiler/constEnumNoEmitReexport:6:0	WRONG	import-qualifier-extra
compiler/constEnumNoEmitReexport:6:1	WRONG	import-qualifier-extra
compiler/constEnumNoEmitReexport:6:2	WRONG	import-qualifier-extra
compiler/constEnumNoEmitReexport:6:3	WRONG	import-qualifier-extra
compiler/constEnumNoEmitReexport:7:0	WRONG	import-qualifier-extra
compiler/constEnumNoEmitReexport:7:1	WRONG	import-qualifier-extra
compiler/constEnumNoEmitReexport:7:2	WRONG	import-qualifier-extra
compiler/constEnumNoEmitReexport:7:3	WRONG	import-qualifier-extra
compiler/constEnumNoPreserveDeclarationReexport:2:0	WRONG	import-specifier-differs
compiler/constEnumNoPreserveDeclarationReexport:2:1	WRONG	import-specifier-differs
compiler/constEnumPreserveEmitReexport:2:0	WRONG	import-qualifier-missing
compiler/constEnumPreserveEmitReexport:2:1	WRONG	import-qualifier-missing
compiler/constEnums:0:195	WRONG	alias-port-kept
compiler/constEnums:0:331	WRONG	different-name
compiler/constEnums:0:335	WRONG	different-name
compiler/constraintWithIndexedAccess:0:25	WRONG	alias-name-native-reassigned
compiler/contextualOuterTypeParameters:0:11	GAP	gap:identifier
compiler/contextualOuterTypeParameters:0:19	WRONG	signature-differs
compiler/contextualOuterTypeParameters:0:21	GAP	gap:identifier
compiler/contextualOuterTypeParameters:0:25	GAP	gap:identifier
compiler/contextualOuterTypeParameters:0:33	WRONG	signature-differs
compiler/contextualOuterTypeParameters:0:34	WRONG	signature-type-params-dropped
compiler/contextualOuterTypeParameters:0:36	GAP	gap:identifier
compiler/contextualOuterTypeParameters:0:40	GAP	gap:identifier
compiler/contextualOuterTypeParameters:0:49	WRONG	other
compiler/contextualOuterTypeParameters:0:5	WRONG	signature-differs
compiler/contextualOuterTypeParameters:0:50	WRONG	signature-type-params-dropped
compiler/contextualOuterTypeParameters:0:52	GAP	gap:identifier
compiler/contextualOuterTypeParameters:0:56	GAP	gap:identifier
compiler/contextualOuterTypeParameters:0:7	GAP	gap:identifier
compiler/contextualOverloadListFromUnionWithPrimitiveNoImplicitAny:0:11	WRONG	any:literal-expression-error
compiler/contextualOverloadListFromUnionWithPrimitiveNoImplicitAny:0:12	WRONG	any:literal-expression-error
compiler/contextualOverloadListFromUnionWithPrimitiveNoImplicitAny:0:13	WRONG	any:literal-expression-error
compiler/contextualOverloadListFromUnionWithPrimitiveNoImplicitAny:0:20	WRONG	any:literal-expression-error
compiler/contextualOverloadListFromUnionWithPrimitiveNoImplicitAny:0:21	WRONG	any:function-expression-error
compiler/contextualParamTypeVsNestedReturnTypeInference2:0:21	GAP	gap:identifier
compiler/contextualParamTypeVsNestedReturnTypeInference2:0:24	GAP	gap:call
compiler/contextualParamTypeVsNestedReturnTypeInference2:0:25	GAP	gap:call
compiler/contextualParamTypeVsNestedReturnTypeInference2:0:26	GAP	gap:identifier
compiler/contextualParamTypeVsNestedReturnTypeInference2:0:33	GAP	gap:call
compiler/contextualParamTypeVsNestedReturnTypeInference2:0:35	GAP	gap:function-expression
compiler/contextualParamTypeVsNestedReturnTypeInference2:0:36	GAP	gap:object-literal
compiler/contextualParamTypeVsNestedReturnTypeInference2:0:37	GAP	gap:identifier
compiler/contextualParamTypeVsNestedReturnTypeInference2:0:38	GAP	gap:call
compiler/contextualParamTypeVsNestedReturnTypeInference2:0:40	WRONG	partial-any
compiler/contextualParamTypeVsNestedReturnTypeInference2:0:41	WRONG	any:contextual-parameter
compiler/contextualParamTypeVsNestedReturnTypeInference2:0:42	WRONG	any:contextual-parameter
compiler/contextualParamTypeVsNestedReturnTypeInference3:0:21	GAP	gap:identifier
compiler/contextualParamTypeVsNestedReturnTypeInference3:0:24	GAP	gap:call
compiler/contextualParamTypeVsNestedReturnTypeInference3:0:25	GAP	gap:call
compiler/contextualParamTypeVsNestedReturnTypeInference3:0:26	GAP	gap:identifier
compiler/contextualParamTypeVsNestedReturnTypeInference3:0:33	GAP	gap:call
compiler/contextualParamTypeVsNestedReturnTypeInference3:0:35	GAP	gap:function-expression
compiler/contextualParamTypeVsNestedReturnTypeInference3:0:36	GAP	gap:object-literal
compiler/contextualParamTypeVsNestedReturnTypeInference3:0:37	GAP	gap:identifier
compiler/contextualParamTypeVsNestedReturnTypeInference3:0:38	GAP	gap:call
compiler/contextualParamTypeVsNestedReturnTypeInference3:0:40	WRONG	partial-any
compiler/contextualParamTypeVsNestedReturnTypeInference3:0:41	WRONG	any:contextual-parameter
compiler/contextualParamTypeVsNestedReturnTypeInference3:0:42	WRONG	any:contextual-parameter
compiler/contextualParamTypeVsNestedReturnTypeInference4:0:21	GAP	gap:identifier
compiler/contextualParamTypeVsNestedReturnTypeInference4:0:24	GAP	gap:call
compiler/contextualParamTypeVsNestedReturnTypeInference4:0:25	GAP	gap:call
compiler/contextualParamTypeVsNestedReturnTypeInference4:0:26	GAP	gap:identifier
compiler/contextualParamTypeVsNestedReturnTypeInference4:0:33	GAP	gap:call
compiler/contextualParamTypeVsNestedReturnTypeInference4:0:35	GAP	gap:function-expression
compiler/contextualParamTypeVsNestedReturnTypeInference4:0:36	GAP	gap:object-literal
compiler/contextualParamTypeVsNestedReturnTypeInference4:0:37	GAP	gap:identifier
compiler/contextualParamTypeVsNestedReturnTypeInference4:0:38	GAP	gap:call
compiler/contextualParamTypeVsNestedReturnTypeInference4:0:40	WRONG	partial-any
compiler/contextualParamTypeVsNestedReturnTypeInference4:0:41	WRONG	any:contextual-parameter
compiler/contextualParamTypeVsNestedReturnTypeInference4:0:42	WRONG	any:contextual-parameter
compiler/contextualPropertyOfGenericFilteringMappedType:0:45	WRONG	any:literal-expression-error
compiler/contextualPropertyOfGenericFilteringMappedType:0:46	WRONG	any:literal-expression-error
compiler/contextualPropertyOfGenericFilteringMappedType:0:47	WRONG	any:function-expression-error
compiler/contextualSignatureConditionalTypeInstantiationUsingDefault:0:16	GAP	gap:function-expression
compiler/contextualSignatureConditionalTypeInstantiationUsingDefault:0:17	WRONG	any:contextual-parameter
compiler/contextualSignatureConditionalTypeInstantiationUsingDefault:0:18	WRONG	any:contextual-parameter
compiler/contextualSignatureConditionalTypeInstantiationUsingDefault:0:19	WRONG	any:contextual-parameter
compiler/contextualSignatureConditionalTypeInstantiationUsingDefault:0:20	WRONG	any:contextual-parameter
compiler/contextualSignatureInObjectFreeze:0:1	WRONG	union-order
compiler/contextualSignatureInObjectFreeze:0:3	WRONG	union-order
compiler/contextualSignatureInstantiation2:0:15	WRONG	any:function-expression-error
compiler/contextualTypeBasedOnIntersectionWithAnyInTheMix3:0:38	WRONG	literal-widened
compiler/contextualTypeBasedOnIntersectionWithAnyInTheMix3:0:41	WRONG	literal-widened
compiler/contextualTypeBasedOnIntersectionWithAnyInTheMix5:0:17	WRONG	different-name
compiler/contextualTypeBasedOnIntersectionWithAnyInTheMix5:0:2	WRONG	partial-any
compiler/contextualTypeCaching:0:42	WRONG	partial-any
compiler/contextualTypeCaching:0:43	GAP	gap:array-literal
compiler/contextualTypeCaching:0:44	GAP	gap:object-literal
compiler/contextualTypeCaching:0:45	GAP	gap:identifier
compiler/contextualTypeCaching:0:46	GAP	gap:function-expression
compiler/contextualTypeCaching:0:47	WRONG	any:contextual-parameter
compiler/contextualTypeFunctionObjectPropertyIntersection:0:103	WRONG	any:literal-expression-error
compiler/contextualTypeFunctionObjectPropertyIntersection:0:104	WRONG	any:literal-expression-error
compiler/contextualTypeFunctionObjectPropertyIntersection:0:105	WRONG	any:literal-expression-error
compiler/contextualTypeFunctionObjectPropertyIntersection:0:106	WRONG	any:function-expression-error
compiler/contextualTypeFunctionObjectPropertyIntersection:0:14	WRONG	any:literal-expression-error
compiler/contextualTypeFunctionObjectPropertyIntersection:0:148	WRONG	partial-any
compiler/contextualTypeFunctionObjectPropertyIntersection:0:149	WRONG	literal-widened
compiler/contextualTypeFunctionObjectPropertyIntersection:0:150	WRONG	literal-widened
compiler/contextualTypeFunctionObjectPropertyIntersection:0:153	WRONG	literal-widened
compiler/contextualTypeFunctionObjectPropertyIntersection:0:159	WRONG	partial-any
compiler/contextualTypeFunctionObjectPropertyIntersection:0:160	WRONG	partial-any
compiler/contextualTypeFunctionObjectPropertyIntersection:0:161	WRONG	partial-any
compiler/contextualTypeFunctionObjectPropertyIntersection:0:162	WRONG	any:contextual-parameter
compiler/contextualTypeFunctionObjectPropertyIntersection:0:22	WRONG	any:literal-expression-error
compiler/contextualTypeFunctionObjectPropertyIntersection:0:23	WRONG	any:literal-expression-error
compiler/contextualTypeFunctionObjectPropertyIntersection:0:24	WRONG	any:literal-expression-error
compiler/contextualTypeFunctionObjectPropertyIntersection:0:25	WRONG	any:function-expression-error
compiler/contextualTypeFunctionObjectPropertyIntersection:0:32	WRONG	signature-differs
compiler/contextualTypeFunctionObjectPropertyIntersection:0:40	WRONG	signature-differs
compiler/contextualTypeFunctionObjectPropertyIntersection:0:41	WRONG	signature-differs
compiler/contextualTypeFunctionObjectPropertyIntersection:0:42	WRONG	signature-differs
compiler/contextualTypeFunctionObjectPropertyIntersection:0:43	WRONG	signature-differs
compiler/contextualTypeFunctionObjectPropertyIntersection:0:44	WRONG	union-members-differ
compiler/contextualTypeFunctionObjectPropertyIntersection:0:45	WRONG	alias-port-kept
compiler/contextualTypeFunctionObjectPropertyIntersection:0:46	WRONG	union-members-differ
compiler/contextualTypeFunctionObjectPropertyIntersection:0:47	WRONG	alias-port-kept
compiler/contextualTypeFunctionObjectPropertyIntersection:0:51	WRONG	undefined-optionality
compiler/contextualTypeFunctionObjectPropertyIntersection:0:59	WRONG	any:literal-expression-error
compiler/contextualTypeFunctionObjectPropertyIntersection:0:6	WRONG	undefined-optionality
compiler/contextualTypeFunctionObjectPropertyIntersection:0:67	WRONG	any:literal-expression-error
compiler/contextualTypeFunctionObjectPropertyIntersection:0:68	WRONG	any:literal-expression-error
compiler/contextualTypeFunctionObjectPropertyIntersection:0:69	WRONG	any:literal-expression-error
compiler/contextualTypeFunctionObjectPropertyIntersection:0:70	WRONG	any:function-expression-error
compiler/contextualTypeFunctionObjectPropertyIntersection:0:77	WRONG	signature-differs
compiler/contextualTypeFunctionObjectPropertyIntersection:0:85	WRONG	signature-differs
compiler/contextualTypeFunctionObjectPropertyIntersection:0:86	WRONG	signature-differs
compiler/contextualTypeFunctionObjectPropertyIntersection:0:87	WRONG	signature-differs
compiler/contextualTypeFunctionObjectPropertyIntersection:0:88	WRONG	signature-differs
compiler/contextualTypeFunctionObjectPropertyIntersection:0:89	WRONG	union-members-differ
compiler/contextualTypeFunctionObjectPropertyIntersection:0:90	WRONG	alias-port-kept
compiler/contextualTypeFunctionObjectPropertyIntersection:0:91	WRONG	union-members-differ
compiler/contextualTypeFunctionObjectPropertyIntersection:0:92	WRONG	alias-port-kept
compiler/contextualTypeFunctionObjectPropertyIntersection:0:95	WRONG	any:literal-expression-error
compiler/contextualTypeIterableUnions:0:20	WRONG	literal-widened
compiler/contextualTypeIterableUnions:0:21	WRONG	literal-widened
compiler/contextualTypeIterableUnions:0:22	WRONG	literal-widened
compiler/contextualTypeSelfReferencing:0:3	WRONG	tuple-vs-array
compiler/contextualTypeSelfReferencing:0:4	WRONG	tuple-vs-array
compiler/contextualTypeSelfReferencing:0:6	WRONG	tuple-vs-array
compiler/contextualTypeSelfReferencing:0:7	WRONG	literal-widened
compiler/contextualTypeSelfReferencing:0:8	WRONG	literal-widened
compiler/contextualTypeShouldBeLiteral:0:33	WRONG	literal-mixed
compiler/contextualTypeShouldBeLiteral:0:36	WRONG	literal-widened
compiler/contextualTypingOfTooShortOverloads:0:12	GAP	gap:call
compiler/contextualTypingOfTooShortOverloads:0:16	GAP	gap:function-expression
compiler/contextualTypingWithGenericAndNonGenericSignature:0:16	WRONG	any:binary-operand
compiler/contextualTypingWithGenericAndNonGenericSignature:0:18	WRONG	any:function-expression-error
compiler/contextualTypingWithGenericAndNonGenericSignature:0:5	WRONG	any:binary-operand
compiler/contextualTypingWithGenericAndNonGenericSignature:0:7	WRONG	any:function-expression-error
compiler/contextualTypingWithGenericSignature:0:3	GAP	gap:other-expression
compiler/contextualTypingWithGenericSignature:0:5	GAP	gap:function-expression
compiler/contextuallyTypeGeneratorReturnTypeFromUnion:0:11	GAP	gap:function-expression
compiler/contextuallyTypeGeneratorReturnTypeFromUnion:0:2	GAP	gap:function-expression
compiler/contextuallyTypedByDiscriminableUnion2:0:22	WRONG	alias-port-kept
compiler/contextuallyTypedByDiscriminableUnion2:0:25	WRONG	alias-port-kept
compiler/contextuallyTypedByDiscriminableUnion2:0:29	WRONG	partial-any
compiler/contextuallyTypedByDiscriminableUnion2:0:34	WRONG	partial-any
compiler/contextuallyTypedByDiscriminableUnion2:0:35	WRONG	partial-any
compiler/contextuallyTypedByDiscriminableUnion2:0:36	WRONG	any:contextual-parameter
compiler/contextuallyTypedByDiscriminableUnion:0:37	WRONG	partial-any
compiler/contextuallyTypedByDiscriminableUnion:0:38	WRONG	literal-widened
compiler/contextuallyTypedByDiscriminableUnion:0:39	WRONG	partial-any
compiler/contextuallyTypedByDiscriminableUnion:0:40	WRONG	any:contextual-parameter
compiler/contextuallyTypedByDiscriminableUnion:0:42	WRONG	any:contextual-parameter
compiler/contextuallyTypedGenericAssignment:0:7	WRONG	signature-type-params-dropped
compiler/contextuallyTypedJsxAttribute2:0:0	WRONG	import-qualifier-extra
compiler/contextuallyTypedJsxAttribute2:0:10	GAP	gap:identifier
compiler/contextuallyTypedJsxAttribute2:0:11	GAP	gap:function-expression
compiler/contextuallyTypedJsxAttribute2:0:12	WRONG	any:contextual-parameter
compiler/contextuallyTypedJsxAttribute2:0:21	GAP	gap:identifier
compiler/contextuallyTypedJsxAttribute2:0:22	GAP	gap:function-expression
compiler/contextuallyTypedJsxAttribute2:0:23	WRONG	any:contextual-parameter
compiler/contextuallyTypedJsxAttribute2:0:26	WRONG	literal-widened
compiler/contextuallyTypedJsxAttribute2:0:27	GAP	gap:identifier
compiler/contextuallyTypedJsxAttribute2:0:28	GAP	gap:function-expression
compiler/contextuallyTypedJsxAttribute2:0:29	WRONG	any:contextual-parameter
compiler/contextuallyTypedJsxChildren2:0:29	WRONG	partial-any
compiler/contextuallyTypedJsxChildren2:0:30	WRONG	partial-any
compiler/contextuallyTypedJsxChildren2:0:32	GAP	gap:property-access
compiler/contextuallyTypedJsxChildren2:0:33	WRONG	noinfer-not-substituted
compiler/contextuallyTypedJsxChildren2:0:34	WRONG	any:contextual-parameter
compiler/contextuallyTypedJsxChildren2:0:35	WRONG	partial-any
compiler/contextuallyTypedJsxChildren2:0:36	WRONG	any:contextual-parameter
compiler/contextuallyTypedJsxChildren2:0:43	WRONG	any:contextual-parameter
compiler/contextuallyTypedJsxChildren2:0:53	WRONG	partial-any
compiler/contextuallyTypedJsxChildren2:0:54	WRONG	partial-any
compiler/contextuallyTypedJsxChildren2:0:56	GAP	gap:property-access
compiler/contextuallyTypedJsxChildren2:0:57	WRONG	noinfer-not-substituted
compiler/contextuallyTypedJsxChildren2:0:58	WRONG	any:contextual-parameter
compiler/contextuallyTypedJsxChildren2:0:59	WRONG	partial-any
compiler/contextuallyTypedJsxChildren2:0:60	WRONG	partial-any
compiler/contextuallyTypedJsxChildren2:0:61	WRONG	any:contextual-parameter
compiler/contextuallyTypedJsxChildren2:0:68	WRONG	any:contextual-parameter
compiler/contextuallyTypedJsxChildren:0:0	WRONG	import-qualifier-extra
compiler/contextuallyTypedJsxChildren:0:19	GAP	gap:function-expression
compiler/contextuallyTypedJsxChildren:0:20	GAP	gap:identifier
compiler/contextuallyTypedJsxChildren:0:26	GAP	gap:identifier
compiler/contextuallyTypedJsxChildren:0:27	GAP	gap:identifier
compiler/contextuallyTypedJsxChildren:0:35	GAP	gap:identifier
compiler/contextuallyTypedJsxChildren:0:36	GAP	gap:function-expression
compiler/contextuallyTypedJsxChildren:0:37	GAP	gap:identifier
compiler/contextuallyTypedJsxChildren:0:43	GAP	gap:identifier
compiler/contextuallyTypedJsxChildren:0:44	GAP	gap:identifier
compiler/contextuallyTypedOptionalProperty(exactoptionalpropertytypes=true):0:10	WRONG	undefined-optionality
compiler/contextuallyTypedOptionalProperty(exactoptionalpropertytypes=true):0:11	WRONG	undefined-optionality
compiler/contextuallyTypedOptionalProperty(exactoptionalpropertytypes=true):0:13	WRONG	undefined-optionality
compiler/contextuallyTypedOptionalProperty(exactoptionalpropertytypes=true):0:14	WRONG	undefined-optionality
compiler/contextuallyTypedOptionalProperty(exactoptionalpropertytypes=true):0:16	WRONG	undefined-optionality
compiler/contextuallyTypedOptionalProperty(exactoptionalpropertytypes=true):0:9	WRONG	undefined-optionality
compiler/contextuallyTypedParametersWithInitializers1:0:116	WRONG	type-param-constraint
compiler/contextuallyTypedParametersWithInitializers1:0:127	WRONG	any:call-error
compiler/contextuallyTypedParametersWithInitializers1:0:129	WRONG	any:function-expression-error
compiler/contextuallyTypedParametersWithInitializers1:0:133	WRONG	any:call-error
compiler/contextuallyTypedParametersWithInitializers1:0:134	WRONG	type-param-constraint
compiler/contextuallyTypedParametersWithInitializers1:0:135	WRONG	any:function-expression-error
compiler/contextuallyTypedParametersWithInitializers1:0:139	WRONG	any:call-error
compiler/contextuallyTypedParametersWithInitializers1:0:141	WRONG	any:function-expression-error
compiler/contextuallyTypedParametersWithInitializers1:0:145	WRONG	any:call-error
compiler/contextuallyTypedParametersWithInitializers1:0:147	WRONG	any:function-expression-error
compiler/contextuallyTypedParametersWithInitializers1:0:184	WRONG	any:variable-initialiser-error
compiler/contextuallyTypedParametersWithInitializers1:0:185	WRONG	any:call-error
compiler/contextuallyTypedParametersWithInitializers1:0:187	WRONG	any:function-expression-error
compiler/contextuallyTypedParametersWithInitializers1:0:188	WRONG	any:function-declaration-error
compiler/contextuallyTypedParametersWithInitializers1:0:189	WRONG	any:binding-element
compiler/contextuallyTypedParametersWithInitializers1:0:191	WRONG	any:binding-element
compiler/contextuallyTypedParametersWithInitializers1:0:21	WRONG	any:variable-initialiser-error
compiler/contextuallyTypedParametersWithInitializers1:0:217	WRONG	any:variable-initialiser-error
compiler/contextuallyTypedParametersWithInitializers1:0:218	WRONG	any:call-error
compiler/contextuallyTypedParametersWithInitializers1:0:22	WRONG	any:call-error
compiler/contextuallyTypedParametersWithInitializers1:0:220	WRONG	any:function-expression-error
compiler/contextuallyTypedParametersWithInitializers1:0:24	WRONG	any:function-expression-error
compiler/contextuallyTypedParametersWithInitializers1:0:25	WRONG	any:binding-element
compiler/contextuallyTypedParametersWithInitializers1:0:27	WRONG	any:binding-element
compiler/contextuallyTypedParametersWithInitializers1:0:54	WRONG	any:variable-initialiser-error
compiler/contextuallyTypedParametersWithInitializers1:0:55	WRONG	any:call-error
compiler/contextuallyTypedParametersWithInitializers1:0:57	WRONG	any:function-expression-error
compiler/contextuallyTypedSymbolNamedProperties:0:24	GAP	gap:object-literal
compiler/contextuallyTypedSymbolNamedProperties:0:25	GAP	gap:array-literal
compiler/contextuallyTypedSymbolNamedProperties:0:27	GAP	gap:function-expression
compiler/contextuallyTypedSymbolNamedProperties:0:28	WRONG	any:contextual-parameter
compiler/contextuallyTypedSymbolNamedProperties:0:29	WRONG	any:contextual-parameter
compiler/contextuallyTypedSymbolNamedProperties:0:30	WRONG	any:contextual-parameter
compiler/contextuallyTypedSymbolNamedProperties:0:31	WRONG	any:contextual-parameter
compiler/contextuallyTypedSymbolNamedProperties:0:32	GAP	gap:array-literal
compiler/contextuallyTypedSymbolNamedProperties:0:34	GAP	gap:function-expression
compiler/contextuallyTypedSymbolNamedProperties:0:35	WRONG	any:contextual-parameter
compiler/contextuallyTypedSymbolNamedProperties:0:36	WRONG	any:contextual-parameter
compiler/contextuallyTypedSymbolNamedProperties:0:37	WRONG	any:contextual-parameter
compiler/contextuallyTypedSymbolNamedProperties:0:38	WRONG	any:contextual-parameter
compiler/contextuallyTypedSymbolNamedProperties:0:42	GAP	gap:object-literal
compiler/contextuallyTypedSymbolNamedProperties:0:43	GAP	gap:array-literal
compiler/contextuallyTypedSymbolNamedProperties:0:45	GAP	gap:function-expression
compiler/contextuallyTypedSymbolNamedProperties:0:46	WRONG	any:contextual-parameter
compiler/contextuallyTypedSymbolNamedProperties:0:47	WRONG	any:contextual-parameter
compiler/contextuallyTypedSymbolNamedProperties:0:48	WRONG	any:contextual-parameter
compiler/contextuallyTypedSymbolNamedProperties:0:49	WRONG	any:contextual-parameter
compiler/contravariantOnlyInferenceFromAnnotatedFunction:0:7	GAP	gap:identifier
compiler/contravariantOnlyInferenceFromAnnotatedFunction:0:8	GAP	gap:call
compiler/contravariantOnlyInferenceFromAnnotatedFunctionJs:0:0	WRONG	js:typed-where-native-unknown
compiler/contravariantOnlyInferenceFromAnnotatedFunctionJs:0:3	GAP	js:gap:identifier
compiler/contravariantOnlyInferenceFromAnnotatedFunctionJs:0:4	GAP	js:gap:call
compiler/contravariantOnlyInferenceFromAnnotatedFunctionJs:0:5	WRONG	js:typed-where-native-unknown
compiler/contravariantOnlyInferenceWithAnnotatedOptionalParameter:0:10	WRONG	undefined-optionality
compiler/contravariantOnlyInferenceWithAnnotatedOptionalParameter:0:11	WRONG	undefined-optionality
compiler/contravariantOnlyInferenceWithAnnotatedOptionalParameter:0:4	WRONG	undefined-optionality
compiler/contravariantOnlyInferenceWithAnnotatedOptionalParameter:0:5	WRONG	undefined-optionality
compiler/controlFlowArrayErrors:0:18	WRONG	any:any-initialiser-propagated
compiler/controlFlowArrayErrors:0:19	WRONG	any:unannotated-declaration
compiler/controlFlowForFunctionLike1:0:13	WRONG	union-members-differ
compiler/controlFlowForFunctionLike1:0:18	WRONG	union-members-differ
compiler/controlFlowForFunctionLike1:0:35	WRONG	union-members-differ
compiler/controlFlowForFunctionLike1:0:40	WRONG	union-members-differ
compiler/controlFlowForFunctionLike1:0:57	WRONG	signature-differs
compiler/controlFlowForFunctionLike1:0:62	WRONG	signature-differs
compiler/controlFlowForFunctionLike1:0:86	WRONG	signature-differs
compiler/controlFlowForFunctionLike1:0:91	WRONG	signature-differs
compiler/controlFlowFunctionLikeCircular1:1:12	WRONG	signature-differs
compiler/controlFlowFunctionLikeCircular1:1:3	WRONG	union-members-differ
compiler/controlFlowFunctionLikeCircular1:1:4	WRONG	union-members-differ
compiler/controlFlowFunctionLikeCircular1:2:0	WRONG	typed-where-native-unknown
compiler/controlFlowFunctionLikeCircular1:3:0	WRONG	typed-where-native-unknown
compiler/controlFlowFunctionLikeCircular1:4:0	WRONG	typed-where-native-unknown
compiler/controlFlowFunctionLikeCircular1:5:0	WRONG	typed-where-native-unknown
compiler/controlFlowFunctionLikeCircular1:6:0	WRONG	typed-where-native-unknown
compiler/controlFlowFunctionLikeCircular1:7:0	WRONG	typed-where-native-unknown
compiler/controlFlowFunctionLikeCircular1:7:11	WRONG	any:type-reference-error
compiler/controlFlowFunctionLikeCircular1:7:13	WRONG	any:type-reference-error
compiler/controlFlowFunctionLikeCircular1:7:15	WRONG	any:type-reference-error
compiler/controlFlowFunctionLikeCircular1:7:7	WRONG	any:call-error
compiler/controlFlowFunctionLikeCircular1:7:8	WRONG	any:type-reference-error
compiler/controlFlowFunctionLikeCircular1:8:0	WRONG	typed-where-native-unknown
compiler/controlFlowFunctionLikeCircular1:9:0	WRONG	typed-where-native-unknown
compiler/controlFlowInstanceof:1:13	WRONG	js:any:variable-initialiser-error
compiler/controlFlowInstanceofWithSymbolHasInstance:0:67	GAP	gap:array-literal
compiler/controlFlowNoImplicitAny:0:24	WRONG	any:variable-initialiser-error
compiler/controlFlowNoImplicitAny:0:25	WRONG	any:variable-initialiser-error
compiler/controlFlowNoImplicitAny:0:73	WRONG	any:variable-initialiser-error
compiler/controlFlowNoImplicitAny:0:74	WRONG	any:variable-initialiser-error
compiler/controlFlowPrivateClassField:0:1	WRONG	any:unannotated-declaration
compiler/controlFlowPrivateClassField:0:11	WRONG	any:unannotated-declaration
compiler/controlFlowPrivateClassField:0:14	WRONG	any:other
compiler/controlFlowPrivateClassField:0:17	WRONG	any:other
compiler/controlFlowPrivateClassField:0:18	WRONG	any:other
compiler/controlFlowPrivateClassField:0:20	WRONG	any:other
compiler/controlFlowPrivateClassField:0:4	WRONG	any:other
compiler/controlFlowPrivateClassField:0:7	WRONG	any:other
compiler/controlFlowPrivateClassField:0:8	WRONG	any:other
compiler/controlFlowWithIncompleteTypes:0:24	WRONG	union-extra-members
compiler/controlFlowWithIncompleteTypes:0:29	GAP	gap:call
compiler/controlFlowWithIncompleteTypes:0:31	GAP	gap:call
compiler/controlFlowWithIncompleteTypes:0:32	GAP	gap:property-access
compiler/controlFlowWithIncompleteTypes:0:33	WRONG	alias-native-kept
compiler/controlFlowWithIncompleteTypes:0:34	WRONG	any:property-lookup-error
compiler/controlFlowWithIncompleteTypes:0:7	WRONG	union-extra-members
compiler/correctOrderOfPromiseMethod:0:11	WRONG	different-name
compiler/correctOrderOfPromiseMethod:0:12	WRONG	tuple-vs-array
compiler/correctOrderOfPromiseMethod:0:13	WRONG	type-argument-differs
compiler/correctOrderOfPromiseMethod:0:17	WRONG	tuple-vs-array
compiler/correctOrderOfPromiseMethod:0:25	WRONG	different-name
compiler/correlatedUnions:0:119	WRONG	type-param-constraint
compiler/correlatedUnions:0:125	GAP	gap:function-expression
compiler/correlatedUnions:0:142	WRONG	type-param-constraint
compiler/correlatedUnions:0:145	WRONG	type-param-constraint
compiler/correlatedUnions:0:146	WRONG	literal-widened
compiler/correlatedUnions:0:147	WRONG	literal-widened
compiler/correlatedUnions:0:148	WRONG	literal-widened
compiler/correlatedUnions:0:218	GAP	gap:identifier
compiler/correlatedUnions:0:219	GAP	gap:call
compiler/correlatedUnions:0:232	GAP	gap:identifier
compiler/correlatedUnions:0:233	GAP	gap:call
compiler/correlatedUnions:0:248	GAP	gap:array-literal
compiler/correlatedUnions:0:249	GAP	gap:identifier
compiler/correlatedUnions:0:250	GAP	gap:identifier
compiler/correlatedUnions:0:280	WRONG	union-members-differ
compiler/correlatedUnions:0:301	WRONG	signature-differs
compiler/correlatedUnions:0:310	GAP	gap:property-access
compiler/correlatedUnions:0:314	WRONG	signature-differs
compiler/correlatedUnions:0:320	WRONG	signature-differs
compiler/correlatedUnions:0:439	WRONG	alias-port-kept
compiler/correlatedUnions:0:442	WRONG	type-param-constraint
compiler/correlatedUnions:0:443	WRONG	type-param-constraint
compiler/correlatedUnions:0:448	GAP	gap:array-literal
compiler/correlatedUnions:0:449	GAP	gap:property-access
compiler/correlatedUnions:0:454	GAP	gap:property-access
compiler/correlatedUnions:0:469	WRONG	alias-port-kept
compiler/correlatedUnions:0:470	WRONG	other
compiler/correlatedUnions:0:475	WRONG	alias-port-kept
compiler/couldNotSelectGenericOverload:0:7	WRONG	any:variable-initialiser-error
compiler/couldNotSelectGenericOverload:0:8	WRONG	any:call-error
compiler/crashDeclareGlobalTypeofExport:0:0	WRONG	module-object-default-shape
compiler/crashDeclareGlobalTypeofExport:0:1	WRONG	module-object-default-shape
compiler/crashDeclareGlobalTypeofExport:0:2	WRONG	module-object-default-shape
compiler/crashInYieldStarInAsyncFunction:0:10	WRONG	any:function-declaration-error
compiler/cyclicGenericTypeInstantiation:0:0	WRONG	signature-differs
compiler/cyclicGenericTypeInstantiation:0:1	WRONG	object-members-differ
compiler/cyclicGenericTypeInstantiation:0:10	WRONG	object-members-differ
compiler/cyclicGenericTypeInstantiation:0:11	WRONG	object-members-differ
compiler/cyclicGenericTypeInstantiation:0:12	WRONG	signature-differs
compiler/cyclicGenericTypeInstantiation:0:13	WRONG	object-members-differ
compiler/cyclicGenericTypeInstantiation:0:14	WRONG	object-members-differ
compiler/cyclicGenericTypeInstantiation:0:15	WRONG	object-members-differ
compiler/cyclicGenericTypeInstantiation:0:16	WRONG	object-members-differ
compiler/cyclicGenericTypeInstantiation:0:17	WRONG	object-members-differ
compiler/cyclicGenericTypeInstantiation:0:18	WRONG	object-members-differ
compiler/cyclicGenericTypeInstantiation:0:19	WRONG	object-members-differ
compiler/cyclicGenericTypeInstantiation:0:2	WRONG	object-members-differ
compiler/cyclicGenericTypeInstantiation:0:20	WRONG	signature-differs
compiler/cyclicGenericTypeInstantiation:0:21	WRONG	object-members-differ
compiler/cyclicGenericTypeInstantiation:0:22	WRONG	object-members-differ
compiler/cyclicGenericTypeInstantiation:0:23	WRONG	signature-differs
compiler/cyclicGenericTypeInstantiation:0:24	WRONG	object-members-differ
compiler/cyclicGenericTypeInstantiation:0:25	WRONG	object-members-differ
compiler/cyclicGenericTypeInstantiation:0:26	WRONG	object-members-differ
compiler/cyclicGenericTypeInstantiation:0:3	WRONG	signature-differs
compiler/cyclicGenericTypeInstantiation:0:4	WRONG	object-members-differ
compiler/cyclicGenericTypeInstantiation:0:5	WRONG	object-members-differ
compiler/cyclicGenericTypeInstantiation:0:6	WRONG	object-members-differ
compiler/cyclicGenericTypeInstantiation:0:7	WRONG	object-members-differ
compiler/cyclicGenericTypeInstantiation:0:8	WRONG	object-members-differ
compiler/cyclicGenericTypeInstantiation:0:9	WRONG	signature-differs
compiler/cyclicGenericTypeInstantiationInference:0:0	WRONG	signature-differs
compiler/cyclicGenericTypeInstantiationInference:0:1	WRONG	object-members-differ
compiler/cyclicGenericTypeInstantiationInference:0:10	WRONG	object-members-differ
compiler/cyclicGenericTypeInstantiationInference:0:11	WRONG	object-members-differ
compiler/cyclicGenericTypeInstantiationInference:0:12	WRONG	signature-differs
compiler/cyclicGenericTypeInstantiationInference:0:13	WRONG	object-members-differ
compiler/cyclicGenericTypeInstantiationInference:0:14	WRONG	object-members-differ
compiler/cyclicGenericTypeInstantiationInference:0:15	WRONG	object-members-differ
compiler/cyclicGenericTypeInstantiationInference:0:16	WRONG	object-members-differ
compiler/cyclicGenericTypeInstantiationInference:0:17	WRONG	object-members-differ
compiler/cyclicGenericTypeInstantiationInference:0:18	WRONG	object-members-differ
compiler/cyclicGenericTypeInstantiationInference:0:19	WRONG	object-members-differ
compiler/cyclicGenericTypeInstantiationInference:0:2	WRONG	object-members-differ
compiler/cyclicGenericTypeInstantiationInference:0:20	WRONG	signature-differs
compiler/cyclicGenericTypeInstantiationInference:0:21	WRONG	object-members-differ
compiler/cyclicGenericTypeInstantiationInference:0:22	WRONG	object-members-differ
compiler/cyclicGenericTypeInstantiationInference:0:23	WRONG	signature-differs
compiler/cyclicGenericTypeInstantiationInference:0:25	WRONG	object-members-differ
compiler/cyclicGenericTypeInstantiationInference:0:26	WRONG	object-members-differ
compiler/cyclicGenericTypeInstantiationInference:0:29	WRONG	object-members-differ
compiler/cyclicGenericTypeInstantiationInference:0:3	WRONG	signature-differs
compiler/cyclicGenericTypeInstantiationInference:0:4	WRONG	object-members-differ
compiler/cyclicGenericTypeInstantiationInference:0:5	WRONG	object-members-differ
compiler/cyclicGenericTypeInstantiationInference:0:6	WRONG	object-members-differ
compiler/cyclicGenericTypeInstantiationInference:0:7	WRONG	object-members-differ
compiler/cyclicGenericTypeInstantiationInference:0:8	WRONG	object-members-differ
compiler/cyclicGenericTypeInstantiationInference:0:9	WRONG	signature-differs
compiler/cyclicTypeInstantiation:0:0	WRONG	signature-differs
compiler/cyclicTypeInstantiation:0:1	WRONG	object-members-differ
compiler/cyclicTypeInstantiation:0:10	WRONG	object-members-differ
compiler/cyclicTypeInstantiation:0:11	WRONG	object-members-differ
compiler/cyclicTypeInstantiation:0:12	WRONG	object-members-differ
compiler/cyclicTypeInstantiation:0:13	WRONG	object-members-differ
compiler/cyclicTypeInstantiation:0:14	WRONG	signature-differs
compiler/cyclicTypeInstantiation:0:15	WRONG	object-members-differ
compiler/cyclicTypeInstantiation:0:16	WRONG	object-members-differ
compiler/cyclicTypeInstantiation:0:17	WRONG	signature-differs
compiler/cyclicTypeInstantiation:0:18	WRONG	object-members-differ
compiler/cyclicTypeInstantiation:0:19	WRONG	object-members-differ
compiler/cyclicTypeInstantiation:0:20	WRONG	object-members-differ
compiler/cyclicTypeInstantiation:0:3	WRONG	object-members-differ
compiler/cyclicTypeInstantiation:0:4	WRONG	object-members-differ
compiler/cyclicTypeInstantiation:0:5	WRONG	object-members-differ
compiler/cyclicTypeInstantiation:0:6	WRONG	signature-differs
compiler/cyclicTypeInstantiation:0:7	WRONG	object-members-differ
compiler/cyclicTypeInstantiation:0:9	WRONG	object-members-differ
compiler/declFileForExportedImport:0:10	WRONG	any:property-lookup-error
compiler/declFileForExportedImport:0:5	WRONG	any:alias-target
compiler/declFileForExportedImport:0:7	GAP	gap:identifier
compiler/declFileForExportedImport:0:8	GAP	gap:property-access
compiler/declFileForExportedImport:0:9	WRONG	any:other
compiler/declFileRestParametersOfFunctionAndFunctionType:0:10	WRONG	type-param-constraint
compiler/declFileRestParametersOfFunctionAndFunctionType:0:8	WRONG	type-param-constraint
compiler/declFileTypeAnnotationTupleType(target=es2015):0:18	WRONG	qualified-name-choice
compiler/declFileTypeAnnotationTupleType(target=es2015):0:7	WRONG	qualified-name-choice
compiler/declInput3:0:3	WRONG	signature-differs
compiler/declInput:0:3	WRONG	signature-differs
compiler/declarationAssertionNodeNotReusedWhenTypeNotEquivalent1:0:16	WRONG	mapped-type-unresolved
compiler/declarationAssertionNodeNotReusedWhenTypeNotEquivalent1:0:17	WRONG	mapped-type-unresolved
compiler/declarationEmitAliasFromIndirectFile:1:4	WRONG	mapped-type-unresolved
compiler/declarationEmitAliasFromIndirectFile:2:6	WRONG	mapped-type-unresolved
compiler/declarationEmitAliasFromIndirectFile:2:8	WRONG	mapped-type-unresolved
compiler/declarationEmitAliasInlineing:2:0	WRONG	signature-differs
compiler/declarationEmitAliasInlineing:2:2	WRONG	signature-differs
compiler/declarationEmitAliasInlineing:2:3	WRONG	signature-differs
compiler/declarationEmitBindingPatternWithReservedWord:0:0	WRONG	never-where-native-typed
compiler/declarationEmitBindingPatternWithReservedWord:0:7	WRONG	binding-pattern-print
compiler/declarationEmitBindingPatternWithReservedWord:0:8	WRONG	binding-pattern-print
compiler/declarationEmitBindingPatternsUnused:0:52	WRONG	signature-differs
compiler/declarationEmitBindingPatternsUnused:0:55	WRONG	object-members-differ
compiler/declarationEmitBindingPatternsUnused:0:58	WRONG	object-members-differ
compiler/declarationEmitClassMixinLocalClassDeclaration:0:11	GAP	gap:call
compiler/declarationEmitClassMixinLocalClassDeclaration:0:19	WRONG	alias-name-native-reassigned
compiler/declarationEmitClassSetAccessorParamNameInJs3:0:2	GAP	js:gap:identifier
compiler/declarationEmitCommonJsModuleReferencedType:5:0	WRONG	import-qualifier-missing
compiler/declarationEmitCommonJsModuleReferencedType:5:2	WRONG	import-qualifier-missing
compiler/declarationEmitCommonJsModuleReferencedType:5:3	WRONG	import-qualifier-missing
compiler/declarationEmitCommonJsModuleReferencedType:5:4	WRONG	import-qualifier-missing
compiler/declarationEmitComputedNameCausesImportToBePainted:1:10	GAP	gap:identifier
compiler/declarationEmitComputedNameCausesImportToBePainted:1:11	GAP	gap:identifier
compiler/declarationEmitComputedNameCausesImportToBePainted:1:7	GAP	gap:identifier
compiler/declarationEmitComputedNameCausesImportToBePainted:1:8	GAP	gap:function-expression
compiler/declarationEmitComputedPropertyName1:0:1	WRONG	object-members-differ
compiler/declarationEmitComputedPropertyName1:0:2	WRONG	object-members-differ
compiler/declarationEmitComputedPropertyNameEnum1:1:1	WRONG	optional-property-undefined-printed
compiler/declarationEmitComputedPropertyNameEnum1:1:2	WRONG	optional-property-undefined-printed
compiler/declarationEmitComputedPropertyNameEnum2:1:1	WRONG	object-members-differ
compiler/declarationEmitComputedPropertyNameEnum2:1:2	WRONG	object-members-differ
compiler/declarationEmitComputedPropertyNameEnum3:1:1	WRONG	optional-property-undefined-printed
compiler/declarationEmitComputedPropertyNameEnum3:1:2	WRONG	optional-property-undefined-printed
compiler/declarationEmitComputedPropertyNameSymbol1:1:1	WRONG	optional-property-undefined-printed
compiler/declarationEmitComputedPropertyNameSymbol1:1:2	WRONG	optional-property-undefined-printed
compiler/declarationEmitComputedPropertyNameSymbol2:1:1	WRONG	optional-property-undefined-printed
compiler/declarationEmitComputedPropertyNameSymbol2:1:2	WRONG	optional-property-undefined-printed
compiler/declarationEmitDestructuring2:0:0	WRONG	signature-differs
compiler/declarationEmitDestructuring2:0:13	WRONG	object-members-differ
compiler/declarationEmitDestructuring2:0:16	WRONG	tuple-vs-array
compiler/declarationEmitDestructuring2:0:17	WRONG	tuple-vs-array
compiler/declarationEmitDestructuring5:0:0	GAP	gap:identifier
compiler/declarationEmitDestructuring5:0:14	GAP	gap:identifier
compiler/declarationEmitDestructuring5:0:2	GAP	gap:identifier
compiler/declarationEmitDestructuring5:0:4	GAP	gap:identifier
compiler/declarationEmitDestructuring5:0:6	GAP	gap:identifier
compiler/declarationEmitDestructuringArrayPattern2:0:32	WRONG	literal-widened
compiler/declarationEmitDestructuringArrayPattern2:0:34	WRONG	literal-widened
compiler/declarationEmitDestructuringArrayPattern2:0:36	WRONG	literal-widened
compiler/declarationEmitDestructuringArrayPattern2:0:39	WRONG	literal-widened
compiler/declarationEmitEnumReferenceViaImportEquals:1:1	WRONG	any:alias-target
compiler/declarationEmitEnumReferenceViaImportEquals:1:12	GAP	gap:property-access
compiler/declarationEmitEnumReferenceViaImportEquals:1:13	WRONG	any:alias-target
compiler/declarationEmitEnumReferenceViaImportEquals:1:14	WRONG	any:property-lookup-error
compiler/declarationEmitEnumReferenceViaImportEquals:1:3	WRONG	qualified-name-choice
compiler/declarationEmitEnumReferenceViaImportEquals:1:5	GAP	gap:identifier
compiler/declarationEmitEnumReferenceViaImportEquals:1:6	GAP	gap:identifier
compiler/declarationEmitExactOptionalPropertyTypesNodeNotReused(exactoptionalpropertytypes=false):0:10	WRONG	signature-differs
compiler/declarationEmitExactOptionalPropertyTypesNodeNotReused(exactoptionalpropertytypes=false):0:11	WRONG	signature-differs
compiler/declarationEmitExactOptionalPropertyTypesNodeNotReused(exactoptionalpropertytypes=false):0:5	WRONG	alias-name-native-reassigned
compiler/declarationEmitExactOptionalPropertyTypesNodeNotReused(exactoptionalpropertytypes=false):0:9	WRONG	other
compiler/declarationEmitExactOptionalPropertyTypesNodeNotReused(exactoptionalpropertytypes=true):0:10	WRONG	signature-differs
compiler/declarationEmitExactOptionalPropertyTypesNodeNotReused(exactoptionalpropertytypes=true):0:11	WRONG	signature-differs
compiler/declarationEmitExactOptionalPropertyTypesNodeNotReused(exactoptionalpropertytypes=true):0:5	WRONG	alias-name-native-reassigned
compiler/declarationEmitExactOptionalPropertyTypesNodeNotReused(exactoptionalpropertytypes=true):0:9	WRONG	other
compiler/declarationEmitExportAssignedNamespaceNoTripleSlashTypesReference:3:0	WRONG	import-qualifier-missing
compiler/declarationEmitExportAssignedNamespaceNoTripleSlashTypesReference:3:1	WRONG	import-qualifier-missing
compiler/declarationEmitExportAssignedNamespaceNoTripleSlashTypesReference:3:2	WRONG	import-qualifier-missing
compiler/declarationEmitExportAssignedNamespaceNoTripleSlashTypesReference:3:3	WRONG	import-qualifier-missing
compiler/declarationEmitExportAssignedNamespaceNoTripleSlashTypesReference:3:4	WRONG	import-qualifier-missing
compiler/declarationEmitExportAssignedNamespaceNoTripleSlashTypesReference:3:5	WRONG	import-qualifier-missing
compiler/declarationEmitExpressionInExtends:0:7	WRONG	any:property-lookup-error
compiler/declarationEmitExpressionInExtends:0:9	WRONG	any:property-lookup-error
compiler/declarationEmitExpressionWithNonlocalPrivateUniqueSymbol:1:0	WRONG	alias-port-kept
compiler/declarationEmitExpressionWithNonlocalPrivateUniqueSymbol:1:1	WRONG	alias-port-kept
compiler/declarationEmitExpressionWithNonlocalPrivateUniqueSymbol:1:2	WRONG	alias-port-kept
compiler/declarationEmitForGlobalishSpecifierSymlink2:2:1	WRONG	import-qualifier-missing
compiler/declarationEmitForGlobalishSpecifierSymlink2:2:2	WRONG	import-qualifier-missing
compiler/declarationEmitForGlobalishSpecifierSymlink2:2:3	WRONG	import-qualifier-missing
compiler/declarationEmitForGlobalishSpecifierSymlink2:2:4	WRONG	import-qualifier-missing
compiler/declarationEmitForGlobalishSpecifierSymlink2:3:0	GAP	gap:identifier
compiler/declarationEmitForGlobalishSpecifierSymlink:4:1	WRONG	import-specifier-differs
compiler/declarationEmitForGlobalishSpecifierSymlink:4:2	WRONG	import-specifier-differs
compiler/declarationEmitForGlobalishSpecifierSymlink:4:3	WRONG	import-specifier-differs
compiler/declarationEmitForGlobalishSpecifierSymlink:4:4	WRONG	import-specifier-differs
compiler/declarationEmitForGlobalishSpecifierSymlink:5:0	GAP	gap:identifier
compiler/declarationEmitForTypesWhichNeedImportTypes:1:1	WRONG	import-qualifier-missing
compiler/declarationEmitForTypesWhichNeedImportTypes:1:2	WRONG	import-qualifier-missing
compiler/declarationEmitGenericTypeParamerSerialization2:0:0	WRONG	mapped-type-resolved-where-native-deferred
compiler/declarationEmitGenericTypeParamerSerialization2:0:16	WRONG	alias-port-kept
compiler/declarationEmitGenericTypeParamerSerialization2:0:17	WRONG	alias-port-kept
compiler/declarationEmitGenericTypeParamerSerialization2:0:18	WRONG	signature-differs
compiler/declarationEmitGenericTypeParamerSerialization2:0:19	WRONG	signature-differs
compiler/declarationEmitGenericTypeParamerSerialization2:0:20	WRONG	alias-port-kept
compiler/declarationEmitGenericTypeParamerSerialization2:0:22	WRONG	signature-differs
compiler/declarationEmitGenericTypeParamerSerialization2:0:23	WRONG	alias-port-kept
compiler/declarationEmitGenericTypeParamerSerialization2:0:38	WRONG	alias-port-kept
compiler/declarationEmitGenericTypeParamerSerialization2:0:40	WRONG	alias-port-kept
compiler/declarationEmitGenericTypeParamerSerialization2:0:41	WRONG	alias-port-kept
compiler/declarationEmitGenericTypeParamerSerialization2:0:42	WRONG	signature-differs
compiler/declarationEmitGenericTypeParamerSerialization3:0:0	WRONG	signature-differs
compiler/declarationEmitGenericTypeParamerSerialization3:0:12	WRONG	any:call-error
compiler/declarationEmitGenericTypeParamerSerialization3:0:13	WRONG	signature-differs
compiler/declarationEmitGenericTypeParamerSerialization3:0:3	GAP	gap:class-expression
compiler/declarationEmitHigherOrderRetainedGenerics:0:121	WRONG	type-param-rename
compiler/declarationEmitInferredTypeAlias4:0:0	WRONG	union-members-differ
compiler/declarationEmitInferredTypeAlias4:0:1	WRONG	alias-port-kept
compiler/declarationEmitInferredTypeAlias4:0:2	WRONG	alias-port-kept
compiler/declarationEmitInferredTypeAlias4:0:3	WRONG	alias-port-kept
compiler/declarationEmitInferredTypeAlias4:0:4	WRONG	alias-port-kept
compiler/declarationEmitInlinedDistributiveConditional:0:0	WRONG	import-qualifier-missing
compiler/declarationEmitInlinedDistributiveConditional:0:1	WRONG	signature-differs
compiler/declarationEmitInlinedDistributiveConditional:0:12	WRONG	signature-differs
compiler/declarationEmitInlinedDistributiveConditional:0:4	WRONG	import-qualifier-missing
compiler/declarationEmitInlinedDistributiveConditional:1:1	WRONG	signature-differs
compiler/declarationEmitInlinedDistributiveConditional:1:11	WRONG	conditional-type-resolved-where-native-deferred
compiler/declarationEmitInlinedDistributiveConditional:1:12	WRONG	signature-differs
compiler/declarationEmitInlinedDistributiveConditional:1:2	WRONG	import-qualifier-missing
compiler/declarationEmitInlinedDistributiveConditional:1:3	WRONG	import-qualifier-missing
compiler/declarationEmitInlinedDistributiveConditional:1:5	WRONG	import-qualifier-missing
compiler/declarationEmitInlinedDistributiveConditional:1:8	WRONG	signature-differs
compiler/declarationEmitInlinedDistributiveConditional:1:9	WRONG	signature-differs
compiler/declarationEmitIsolatedDeclarationErrorNotEmittedForNonEmittedFile:3:10	WRONG	type-argument-differs
compiler/declarationEmitIsolatedDeclarationErrorNotEmittedForNonEmittedFile:3:12	WRONG	type-argument-differs
compiler/declarationEmitIsolatedDeclarationErrorNotEmittedForNonEmittedFile:3:8	WRONG	any:type-reference-error
compiler/declarationEmitIsolatedDeclarationErrorNotEmittedForNonEmittedFile:3:9	WRONG	any:type-reference-error
compiler/declarationEmitIsolatedDeclarationErrorNotEmittedForNonEmittedFile:4:1	WRONG	import-qualifier-missing
compiler/declarationEmitIsolatedDeclarationErrorNotEmittedForNonEmittedFile:4:12	WRONG	import-qualifier-missing
compiler/declarationEmitIsolatedDeclarationErrorNotEmittedForNonEmittedFile:4:16	WRONG	import-qualifier-missing
compiler/declarationEmitIsolatedDeclarationErrorNotEmittedForNonEmittedFile:4:2	WRONG	import-qualifier-missing
compiler/declarationEmitIsolatedDeclarationErrorNotEmittedForNonEmittedFile:4:3	WRONG	import-qualifier-missing
compiler/declarationEmitIsolatedDeclarationErrorNotEmittedForNonEmittedFile:4:5	WRONG	import-qualifier-missing
compiler/declarationEmitIsolatedDeclarationErrorNotEmittedForNonEmittedFile:4:6	WRONG	any:variable-initialiser-error
compiler/declarationEmitIsolatedDeclarationErrorNotEmittedForNonEmittedFile:4:7	WRONG	any:property-lookup-error
compiler/declarationEmitIsolatedDeclarationErrorNotEmittedForNonEmittedFile:4:8	WRONG	import-qualifier-missing
compiler/declarationEmitIsolatedDeclarationErrorNotEmittedForNonEmittedFile:4:9	WRONG	any:property-lookup-error
compiler/declarationEmitLateBoundAssignments2:0:105	WRONG	other
compiler/declarationEmitLateBoundAssignments2:0:106	WRONG	other
compiler/declarationEmitLateBoundAssignments2:0:108	GAP	gap:property-access
compiler/declarationEmitLateBoundAssignments2:0:109	WRONG	other
compiler/declarationEmitLateBoundAssignments2:0:119	WRONG	other
compiler/declarationEmitLateBoundAssignments2:0:120	WRONG	other
compiler/declarationEmitLateBoundAssignments2:0:122	GAP	gap:property-access
compiler/declarationEmitLateBoundAssignments2:0:123	WRONG	other
compiler/declarationEmitLateBoundAssignments2:0:133	WRONG	string-escape-printing
compiler/declarationEmitLateBoundAssignments2:0:134	WRONG	string-escape-printing
compiler/declarationEmitLateBoundAssignments2:0:136	GAP	gap:property-access
compiler/declarationEmitLateBoundAssignments2:0:137	WRONG	string-escape-printing
compiler/declarationEmitLateBoundAssignments2:0:16	WRONG	other
compiler/declarationEmitLateBoundAssignments2:0:18	GAP	gap:property-access
compiler/declarationEmitLateBoundAssignments2:0:19	WRONG	other
compiler/declarationEmitLateBoundAssignments2:0:28	WRONG	other
compiler/declarationEmitLateBoundAssignments2:0:30	GAP	gap:property-access
compiler/declarationEmitLateBoundAssignments2:0:31	WRONG	other
compiler/declarationEmitLateBoundAssignments2:0:40	WRONG	other
compiler/declarationEmitLateBoundAssignments2:0:42	GAP	gap:property-access
compiler/declarationEmitLateBoundAssignments2:0:43	WRONG	other
compiler/declarationEmitLateBoundAssignments2:0:52	WRONG	other
compiler/declarationEmitLateBoundAssignments2:0:54	GAP	gap:property-access
compiler/declarationEmitLateBoundAssignments2:0:55	WRONG	other
compiler/declarationEmitLateBoundAssignments2:0:64	WRONG	string-escape-printing
compiler/declarationEmitLateBoundAssignments2:0:66	GAP	gap:property-access
compiler/declarationEmitLateBoundAssignments2:0:67	WRONG	string-escape-printing
compiler/declarationEmitLateBoundAssignments2:0:77	WRONG	other
compiler/declarationEmitLateBoundAssignments2:0:78	WRONG	other
compiler/declarationEmitLateBoundAssignments2:0:80	GAP	gap:property-access
compiler/declarationEmitLateBoundAssignments2:0:81	WRONG	other
compiler/declarationEmitLateBoundAssignments2:0:91	WRONG	other
compiler/declarationEmitLateBoundAssignments2:0:92	WRONG	other
compiler/declarationEmitLateBoundAssignments2:0:94	GAP	gap:property-access
compiler/declarationEmitLateBoundAssignments2:0:95	WRONG	other
compiler/declarationEmitLateBoundAssignments:0:0	WRONG	object-members-differ
compiler/declarationEmitLateBoundAssignments:0:10	GAP	gap:property-access
compiler/declarationEmitLateBoundAssignments:0:11	WRONG	object-members-differ
compiler/declarationEmitLateBoundAssignments:0:17	GAP	gap:property-access
compiler/declarationEmitLateBoundAssignments:0:18	WRONG	object-members-differ
compiler/declarationEmitLateBoundAssignments:0:24	GAP	gap:property-access
compiler/declarationEmitLateBoundAssignments:0:25	WRONG	object-members-differ
compiler/declarationEmitLateBoundAssignments:0:3	WRONG	object-members-differ
compiler/declarationEmitLateBoundAssignments:0:31	GAP	gap:property-access
compiler/declarationEmitLateBoundAssignments:0:32	WRONG	object-members-differ
compiler/declarationEmitLateBoundAssignments:0:36	GAP	gap:property-access
compiler/declarationEmitLateBoundAssignments:0:37	WRONG	object-members-differ
compiler/declarationEmitLateBoundAssignments:0:40	GAP	gap:property-access
compiler/declarationEmitLateBoundAssignments:0:41	WRONG	object-members-differ
compiler/declarationEmitLateBoundAssignments:0:44	GAP	gap:property-access
compiler/declarationEmitLateBoundAssignments:0:45	WRONG	object-members-differ
compiler/declarationEmitLateBoundAssignments:0:48	GAP	gap:property-access
compiler/declarationEmitLateBoundAssignments:0:49	WRONG	object-members-differ
compiler/declarationEmitLateBoundJSAssignments:0:0	WRONG	js:object-members-differ
compiler/declarationEmitLateBoundJSAssignments:0:10	GAP	js:gap:property-access
compiler/declarationEmitLateBoundJSAssignments:0:11	WRONG	js:object-members-differ
compiler/declarationEmitLateBoundJSAssignments:0:17	GAP	js:gap:property-access
compiler/declarationEmitLateBoundJSAssignments:0:18	WRONG	js:object-members-differ
compiler/declarationEmitLateBoundJSAssignments:0:24	GAP	js:gap:property-access
compiler/declarationEmitLateBoundJSAssignments:0:25	WRONG	js:object-members-differ
compiler/declarationEmitLateBoundJSAssignments:0:3	WRONG	js:object-members-differ
compiler/declarationEmitLateBoundJSAssignments:0:31	GAP	js:gap:property-access
compiler/declarationEmitLateBoundJSAssignments:0:32	WRONG	js:object-members-differ
compiler/declarationEmitLateBoundJSAssignments:0:36	GAP	js:gap:property-access
compiler/declarationEmitLateBoundJSAssignments:0:37	WRONG	js:object-members-differ
compiler/declarationEmitLateBoundJSAssignments:0:40	GAP	js:gap:property-access
compiler/declarationEmitLateBoundJSAssignments:0:41	WRONG	js:object-members-differ
compiler/declarationEmitLateBoundJSAssignments:0:44	GAP	js:gap:property-access
compiler/declarationEmitLateBoundJSAssignments:0:45	WRONG	js:object-members-differ
compiler/declarationEmitLateBoundJSAssignments:0:48	GAP	js:gap:property-access
compiler/declarationEmitLateBoundJSAssignments:0:49	WRONG	js:object-members-differ
compiler/declarationEmitLocalClassDeclarationMixin:0:1	WRONG	signature-differs
compiler/declarationEmitLocalClassDeclarationMixin:0:11	WRONG	alias-port-kept
compiler/declarationEmitLocalClassDeclarationMixin:0:12	WRONG	alias-port-kept
compiler/declarationEmitLocalClassDeclarationMixin:0:13	WRONG	signature-differs
compiler/declarationEmitLocalClassDeclarationMixin:0:15	WRONG	signature-differs
compiler/declarationEmitLocalClassDeclarationMixin:0:23	WRONG	alias-port-kept
compiler/declarationEmitLocalClassDeclarationMixin:0:25	WRONG	alias-port-kept
compiler/declarationEmitLocalClassDeclarationMixin:0:26	WRONG	signature-differs
compiler/declarationEmitLocalClassDeclarationMixin:0:7	WRONG	alias-port-kept
compiler/declarationEmitMappedTypeDistributivityPreservesConstraints:0:0	WRONG	unknown-where-native-typed
compiler/declarationEmitMappedTypeDistributivityPreservesConstraints:1:0	WRONG	mapped-type-resolved-where-native-deferred
compiler/declarationEmitMappedTypeDistributivityPreservesConstraints:1:1	WRONG	mapped-type-resolved-where-native-deferred
compiler/declarationEmitMappedTypeDistributivityPreservesConstraints:1:2	WRONG	mapped-type-resolved-where-native-deferred
compiler/declarationEmitMappedTypePreservesTypeParameterConstraint:0:10	WRONG	mapped-type-resolved-where-native-deferred
compiler/declarationEmitMappedTypePreservesTypeParameterConstraint:0:20	WRONG	mapped-type-resolved-where-native-deferred
compiler/declarationEmitMappedTypePreservesTypeParameterConstraint:0:21	WRONG	mapped-type-resolved-where-native-deferred
compiler/declarationEmitMappedTypePreservesTypeParameterConstraint:0:22	WRONG	mapped-type-resolved-where-native-deferred
compiler/declarationEmitMappedTypePreservesTypeParameterConstraint:0:26	WRONG	mapped-type-resolved-where-native-deferred
compiler/declarationEmitMappedTypePreservesTypeParameterConstraint:0:27	GAP	gap:call
compiler/declarationEmitMappedTypePreservesTypeParameterConstraint:0:3	WRONG	mapped-type-resolved-where-native-deferred
compiler/declarationEmitMappedTypePropertyFromNumericStringKey:0:2	WRONG	union-order
compiler/declarationEmitMappedTypePropertyFromNumericStringKey:0:3	WRONG	union-order
compiler/declarationEmitMappedTypePropertyFromNumericStringKey:0:4	WRONG	union-order
compiler/declarationEmitMappedTypePropertyFromNumericStringKey:0:5	WRONG	union-order
compiler/declarationEmitMappedTypeTemplateTypeofSymbol:0:1	WRONG	mapped-type-unresolved
compiler/declarationEmitMappedTypeTemplateTypeofSymbol:0:5	WRONG	mapped-type-unresolved
compiler/declarationEmitMappedTypeTemplateTypeofSymbol:1:1	WRONG	mapped-type-unresolved
compiler/declarationEmitMappedTypeTemplateTypeofSymbol:1:2	WRONG	mapped-type-unresolved
compiler/declarationEmitMappedTypeTemplateTypeofSymbol:2:1	WRONG	mapped-type-unresolved
compiler/declarationEmitMappedTypeTemplateTypeofSymbol:2:2	WRONG	mapped-type-unresolved
compiler/declarationEmitNestedAnonymousMappedType:0:0	WRONG	mapped-type-resolved-where-native-deferred
compiler/declarationEmitNestedAnonymousMappedType:0:1	WRONG	mapped-type-resolved-where-native-deferred
compiler/declarationEmitNestedAnonymousMappedType:0:2	WRONG	mapped-type-resolved-where-native-deferred
compiler/declarationEmitNestedAnonymousMappedType:0:3	WRONG	mapped-type-resolved-where-native-deferred
compiler/declarationEmitNestedGenerics:0:13	GAP	gap:identifier
compiler/declarationEmitNestedGenerics:0:2	WRONG	type-param-rename
compiler/declarationEmitNestedGenerics:0:6	WRONG	type-param-rename
compiler/declarationEmitNestedGenerics:0:7	WRONG	partial-any
compiler/declarationEmitNestedGenerics:0:9	GAP	gap:identifier
compiler/declarationEmitNoInvalidCommentReuse1:0:0	WRONG	any:alias-target
compiler/declarationEmitNoInvalidCommentReuse1:0:1	GAP	gap:identifier
compiler/declarationEmitNoInvalidCommentReuse1:0:2	GAP	gap:identifier
compiler/declarationEmitNoInvalidCommentReuse1:1:0	GAP	gap:identifier
compiler/declarationEmitNoInvalidCommentReuse1:1:1	GAP	gap:identifier
compiler/declarationEmitNoInvalidCommentReuse2:0:0	WRONG	any:alias-target
compiler/declarationEmitNoInvalidCommentReuse2:0:1	GAP	gap:identifier
compiler/declarationEmitNoInvalidCommentReuse2:0:2	GAP	gap:identifier
compiler/declarationEmitNoInvalidCommentReuse2:1:0	GAP	gap:identifier
compiler/declarationEmitNoInvalidCommentReuse2:1:1	GAP	gap:identifier
compiler/declarationEmitNoInvalidCommentReuse3:0:0	WRONG	object-members-differ
compiler/declarationEmitNoInvalidCommentReuse3:0:2	WRONG	object-members-differ
compiler/declarationEmitNoInvalidCommentReuse3:0:3	WRONG	object-members-differ
compiler/declarationEmitNoInvalidCommentReuse3:1:1	WRONG	object-members-differ
compiler/declarationEmitObjectAssignedDefaultExport:2:11	WRONG	import-qualifier-extra
compiler/declarationEmitObjectAssignedDefaultExport:2:15	WRONG	import-qualifier-extra
compiler/declarationEmitObjectAssignedDefaultExport:2:17	WRONG	import-qualifier-extra
compiler/declarationEmitObjectAssignedDefaultExport:2:19	WRONG	import-qualifier-missing
compiler/declarationEmitObjectAssignedDefaultExport:2:3	WRONG	import-qualifier-extra
compiler/declarationEmitObjectAssignedDefaultExport:2:5	WRONG	import-qualifier-extra
compiler/declarationEmitObjectAssignedDefaultExport:2:9	WRONG	import-qualifier-extra
compiler/declarationEmitObjectLiteralAccessorsJs1:0:6	WRONG	js:object-members-differ
compiler/declarationEmitObjectLiteralAccessorsJs1:0:7	WRONG	js:object-members-differ
compiler/declarationEmitOptionalMappedTypePropertyNoStrictNullChecks1:0:0	WRONG	mapped-type-resolved-where-native-deferred
compiler/declarationEmitOptionalMappedTypePropertyNoStrictNullChecks1:1:0	WRONG	signature-differs
compiler/declarationEmitOptionalMappedTypePropertyNoStrictNullChecks1:1:1	WRONG	signature-differs
compiler/declarationEmitOptionalMappedTypePropertyNoStrictNullChecks1:1:11	WRONG	signature-differs
compiler/declarationEmitOptionalMappedTypePropertyNoStrictNullChecks1:1:12	WRONG	signature-differs
compiler/declarationEmitOptionalMappedTypePropertyNoStrictNullChecks1:1:2	WRONG	signature-differs
compiler/declarationEmitOptionalMappedTypePropertyNoStrictNullChecks1:1:3	WRONG	signature-differs
compiler/declarationEmitOptionalMappedTypePropertyNoStrictNullChecks2:0:0	WRONG	mapped-type-resolved-where-native-deferred
compiler/declarationEmitOptionalMappedTypePropertyNoStrictNullChecks2:1:0	WRONG	signature-differs
compiler/declarationEmitOptionalMappedTypePropertyNoStrictNullChecks2:1:1	WRONG	signature-differs
compiler/declarationEmitOptionalMappedTypePropertyNoStrictNullChecks2:1:11	WRONG	signature-differs
compiler/declarationEmitOptionalMappedTypePropertyNoStrictNullChecks2:1:12	WRONG	signature-differs
compiler/declarationEmitOptionalMappedTypePropertyNoStrictNullChecks2:1:2	WRONG	signature-differs
compiler/declarationEmitOptionalMappedTypePropertyNoStrictNullChecks2:1:3	WRONG	signature-differs
compiler/declarationEmitOptionalMappedTypePropertyNoStrictNullChecks3:0:0	WRONG	mapped-type-resolved-where-native-deferred
compiler/declarationEmitOptionalMappedTypePropertyNoStrictNullChecks3:1:0	WRONG	signature-differs
compiler/declarationEmitOptionalMappedTypePropertyNoStrictNullChecks3:1:1	WRONG	signature-differs
compiler/declarationEmitOptionalMappedTypePropertyNoStrictNullChecks3:1:11	WRONG	signature-differs
compiler/declarationEmitOptionalMappedTypePropertyNoStrictNullChecks3:1:12	WRONG	signature-differs
compiler/declarationEmitOptionalMappedTypePropertyNoStrictNullChecks3:1:2	WRONG	signature-differs
compiler/declarationEmitOptionalMappedTypePropertyNoStrictNullChecks3:1:3	WRONG	signature-differs
compiler/declarationEmitOverloadedPrivateInference:0:20	GAP	gap:identifier
compiler/declarationEmitOverloadedPrivateInference:0:21	GAP	gap:object-literal
compiler/declarationEmitOverloadedPrivateInference:0:22	GAP	gap:identifier
compiler/declarationEmitOverloadedPrivateInference:0:23	GAP	gap:call
compiler/declarationEmitPartialNodeReuseTypeOf:0:14	WRONG	object-members-differ
compiler/declarationEmitPartialNodeReuseTypeOf:0:6	WRONG	signature-differs
compiler/declarationEmitPartialNodeReuseTypeOf:0:7	WRONG	signature-differs
compiler/declarationEmitPartialNodeReuseTypeOf:1:0	WRONG	signature-differs
compiler/declarationEmitPartialNodeReuseTypeOf:1:2	WRONG	signature-differs
compiler/declarationEmitPartialNodeReuseTypeOf:1:3	WRONG	signature-differs
compiler/declarationEmitPartialNodeReuseTypeOf:2:1	WRONG	signature-differs
compiler/declarationEmitPartialNodeReuseTypeOf:2:2	WRONG	signature-differs
compiler/declarationEmitPartialNodeReuseTypeOf:2:4	WRONG	signature-differs
compiler/declarationEmitPartialNodeReuseTypeReferences:1:1	WRONG	signature-differs
compiler/declarationEmitPartialNodeReuseTypeReferences:1:2	WRONG	signature-differs
compiler/declarationEmitPartialNodeReuseTypeReferences:1:4	WRONG	signature-differs
compiler/declarationEmitPartialNodeReuseTypeReferences:2:0	WRONG	signature-differs
compiler/declarationEmitPartialNodeReuseTypeReferences:2:2	WRONG	signature-differs
compiler/declarationEmitPartialNodeReuseTypeReferences:2:3	WRONG	signature-differs
compiler/declarationEmitPartialReuseComputedProperty:0:7	WRONG	signature-differs
compiler/declarationEmitPartialReuseComputedProperty:0:8	WRONG	signature-differs
compiler/declarationEmitQualifiedAliasTypeArgument:1:6	WRONG	alias-name-native-reassigned
compiler/declarationEmitQualifiedAliasTypeArgument:1:7	WRONG	alias-name-native-reassigned
compiler/declarationEmitQualifiedAliasTypeArgument:2:3	WRONG	import-qualifier-extra
compiler/declarationEmitQualifiedAliasTypeArgument:2:4	WRONG	import-qualifier-extra
compiler/declarationEmitQualifiedAliasTypeArgument:2:6	WRONG	import-qualifier-extra
compiler/declarationEmitQualifiedAliasTypeArgument:2:7	WRONG	import-qualifier-extra
compiler/declarationEmitReadonlyComputedProperty:1:3	WRONG	import-qualifier-missing
compiler/declarationEmitReexportedSymlinkReference2:1:1	WRONG	import-qualifier-missing
compiler/declarationEmitReexportedSymlinkReference2:1:2	WRONG	import-qualifier-missing
compiler/declarationEmitReexportedSymlinkReference2:1:3	WRONG	import-qualifier-missing
compiler/declarationEmitReexportedSymlinkReference2:1:5	WRONG	import-qualifier-missing
compiler/declarationEmitReexportedSymlinkReference2:5:0	WRONG	import-qualifier-missing
compiler/declarationEmitReexportedSymlinkReference3:1:1	WRONG	import-qualifier-missing
compiler/declarationEmitReexportedSymlinkReference3:1:2	WRONG	import-qualifier-missing
compiler/declarationEmitReexportedSymlinkReference3:1:3	WRONG	import-qualifier-missing
compiler/declarationEmitReexportedSymlinkReference3:1:5	WRONG	import-qualifier-missing
compiler/declarationEmitReexportedSymlinkReference3:5:0	WRONG	import-qualifier-missing
compiler/declarationEmitReexportedSymlinkReference:1:1	WRONG	import-qualifier-missing
compiler/declarationEmitReexportedSymlinkReference:1:2	WRONG	import-qualifier-missing
compiler/declarationEmitReexportedSymlinkReference:1:3	WRONG	import-qualifier-missing
compiler/declarationEmitReexportedSymlinkReference:1:5	WRONG	import-qualifier-missing
compiler/declarationEmitReusesLambdaParameterNodes:1:3	WRONG	alias-port-kept
compiler/declarationEmitReusesLambdaParameterNodes:1:5	WRONG	alias-port-kept
compiler/declarationEmitScopeConsistency3:0:12	WRONG	signature-differs
compiler/declarationEmitScopeConsistency3:0:3	WRONG	signature-differs
compiler/declarationEmitScopeConsistency3:0:4	WRONG	signature-differs
compiler/declarationEmitScopeConsistency3:0:6	WRONG	signature-differs
compiler/declarationEmitScopeConsistency:1:0	WRONG	import-qualifier-missing
compiler/declarationEmitScopeConsistency:1:2	WRONG	import-qualifier-missing
compiler/declarationEmitScopeConsistency:1:3	WRONG	import-qualifier-missing
compiler/declarationEmitShadowing:0:1	WRONG	type-param-rename
compiler/declarationEmitShadowing:0:2	WRONG	type-param-rename
compiler/declarationEmitShadowing:0:6	WRONG	type-param-rename
compiler/declarationEmitShadowingInferNotRenamed:0:3	GAP	gap:identifier
compiler/declarationEmitShadowingInferNotRenamed:0:4	WRONG	signature-differs
compiler/declarationEmitStringEnumUsedInNonlocalSpread:1:5	WRONG	import-qualifier-missing
compiler/declarationEmitStringEnumUsedInNonlocalSpread:1:6	WRONG	import-qualifier-missing
compiler/declarationEmitStringEnumUsedInNonlocalSpread:1:8	WRONG	import-qualifier-missing
compiler/declarationEmitSymlinkPaths(target=es2015):2:1	WRONG	import-qualifier-missing
compiler/declarationEmitSymlinkPaths(target=es2015):2:2	WRONG	import-qualifier-missing
compiler/declarationEmitSymlinkPaths(target=es2015):2:3	WRONG	import-qualifier-missing
compiler/declarationEmitSymlinkPaths(target=es2015):2:5	WRONG	import-qualifier-missing
compiler/declarationEmitTopLevelNodeFromCrossFile2:0:0	WRONG	any:alias-target
compiler/declarationEmitTopLevelNodeFromCrossFile2:0:1	GAP	gap:identifier
compiler/declarationEmitTopLevelNodeFromCrossFile2:0:2	GAP	gap:identifier
compiler/declarationEmitTopLevelNodeFromCrossFile2:1:0	GAP	gap:identifier
compiler/declarationEmitTopLevelNodeFromCrossFile2:1:1	GAP	gap:identifier
compiler/declarationEmitTransitiveImportOfHtmlDeclarationItem:2:0	WRONG	import-specifier-differs
compiler/declarationEmitTransitiveImportOfHtmlDeclarationItem:2:1	WRONG	import-specifier-differs
compiler/declarationEmitTransitiveImportOfHtmlDeclarationItem:2:2	WRONG	import-specifier-differs
compiler/declarationEmitTransitiveImportOfHtmlDeclarationItem:2:3	WRONG	import-specifier-differs
compiler/declarationEmitTypeParameterNameInOuterScope:0:8	WRONG	qualified-name-choice
compiler/declarationEmitTypeParameterNameShadowedInternally:0:10	WRONG	type-param-rename
compiler/declarationEmitTypeParameterNameShadowedInternally:0:3	WRONG	type-param-rename
compiler/declarationEmitTypeParameterNameShadowedInternally:0:4	WRONG	type-param-rename
compiler/declarationEmitTypeParameterNameShadowedInternally:0:6	WRONG	type-param-rename
compiler/declarationEmitTypeParameterNameShadowedInternally:0:7	WRONG	type-param-rename
compiler/declarationEmitUnnessesaryTypeReferenceNotAdded(target=es2015):0:0	WRONG	qualified-name-choice
compiler/declarationEmitUnnessesaryTypeReferenceNotAdded(target=es2015):0:4	WRONG	qualified-name-choice
compiler/declarationEmitUnnessesaryTypeReferenceNotAdded(target=es2015):0:5	WRONG	qualified-name-choice
compiler/declarationEmitUsingTypeAlias1:2:1	WRONG	import-specifier-differs
compiler/declarationEmitUsingTypeAlias1:2:10	WRONG	any:property-lookup-error
compiler/declarationEmitUsingTypeAlias1:2:2	WRONG	import-specifier-differs
compiler/declarationEmitUsingTypeAlias1:2:3	WRONG	import-specifier-differs
compiler/declarationEmitUsingTypeAlias1:2:4	WRONG	import-specifier-differs
compiler/declarationEmitUsingTypeAlias1:2:5	WRONG	partial-any
compiler/declarationEmitUsingTypeAlias1:2:6	WRONG	partial-any
compiler/declarationEmitUsingTypeAlias1:2:7	WRONG	import-specifier-differs
compiler/declarationEmitUsingTypeAlias1:2:8	WRONG	any:property-lookup-error
compiler/declarationEmitUsingTypeAlias1:2:9	WRONG	import-specifier-differs
compiler/declarationEmitWithDefaultAsComputedName(target=es2015):1:0	WRONG	alias-port-kept
compiler/declarationEmitWithDefaultAsComputedName(target=es2015):1:5	WRONG	alias-port-kept
compiler/declarationEmitWithDefaultAsComputedName2(target=es2015):1:5	WRONG	alias-port-kept
compiler/declarationEmitWithDefaultAsComputedName2(target=es2015):1:7	WRONG	alias-port-kept
compiler/declarationEmitWithInvalidPackageJsonTypings:1:10	WRONG	any:variable-initialiser-error
compiler/declarationEmitWithInvalidPackageJsonTypings:1:5	WRONG	partial-any
compiler/declarationEmitWithInvalidPackageJsonTypings:1:6	WRONG	partial-any
compiler/declarationEmitWithInvalidPackageJsonTypings:1:7	WRONG	any:variable-initialiser-error
compiler/declarationEmitWithInvalidPackageJsonTypings:1:8	WRONG	any:call-error
compiler/declarationImportTypeAliasInferredAndEmittable:1:0	GAP	gap:identifier
compiler/declarationImportTypeAliasInferredAndEmittable:1:1	GAP	gap:identifier
compiler/declarationImportTypeAliasInferredAndEmittable:1:10	GAP	gap:property-access
compiler/declarationImportTypeAliasInferredAndEmittable:1:11	WRONG	any:variable-initialiser-error
compiler/declarationImportTypeAliasInferredAndEmittable:1:12	WRONG	any:property-lookup-error
compiler/declarationImportTypeAliasInferredAndEmittable:1:4	GAP	gap:identifier
compiler/declarationImportTypeAliasInferredAndEmittable:1:5	GAP	gap:identifier
compiler/declarationImportTypeAliasInferredAndEmittable:1:6	GAP	gap:other-expression
compiler/declarationQuotedMembers:0:0	WRONG	mapped-type-unresolved
compiler/declarationQuotedMembers:0:1	WRONG	mapped-type-unresolved
compiler/declarationQuotedMembers:0:2	WRONG	mapped-type-unresolved
compiler/declarationsForFileShadowingGlobalNoError:2:4	WRONG	partial-any
compiler/declarationsForFileShadowingGlobalNoError:2:5	WRONG	partial-any
compiler/declarationsForFileShadowingGlobalNoError:2:7	GAP	gap:class-expression
compiler/declarationsForIndirectTypeAliasReference:1:11	GAP	gap:identifier
compiler/declarationsForIndirectTypeAliasReference:1:13	GAP	gap:identifier
compiler/declarationsForIndirectTypeAliasReference:1:14	GAP	gap:identifier
compiler/declarationsForIndirectTypeAliasReference:1:15	GAP	gap:identifier
compiler/declarationsForIndirectTypeAliasReference:1:16	GAP	gap:identifier
compiler/declarationsForIndirectTypeAliasReference:1:2	WRONG	any:alias-target
compiler/declarationsForIndirectTypeAliasReference:1:3	GAP	gap:identifier
compiler/declarationsForIndirectTypeAliasReference:1:7	GAP	gap:identifier
compiler/declarationsIndirectGeneratedAliasReference:2:5	GAP	gap:identifier
compiler/declarationsIndirectGeneratedAliasReference:2:6	GAP	gap:call
compiler/declarationsIndirectGeneratedAliasReference:2:7	WRONG	import-qualifier-missing
compiler/declarationsIndirectGeneratedAliasReference:2:9	WRONG	import-qualifier-missing
compiler/declarationsWithRecursiveInternalTypesProduceUniqueTypeParams:0:101	WRONG	any:any-initialiser-propagated
compiler/declarationsWithRecursiveInternalTypesProduceUniqueTypeParams:0:102	WRONG	any:call-error
compiler/declarationsWithRecursiveInternalTypesProduceUniqueTypeParams:0:103	WRONG	signature-differs
compiler/declarationsWithRecursiveInternalTypesProduceUniqueTypeParams:0:104	WRONG	signature-differs
compiler/declarationsWithRecursiveInternalTypesProduceUniqueTypeParams:0:105	WRONG	signature-differs
compiler/declarationsWithRecursiveInternalTypesProduceUniqueTypeParams:0:110	WRONG	any:any-receiver-propagated
compiler/declarationsWithRecursiveInternalTypesProduceUniqueTypeParams:0:111	WRONG	any:any-receiver-propagated
compiler/declarationsWithRecursiveInternalTypesProduceUniqueTypeParams:0:112	WRONG	any:any-initialiser-propagated
compiler/declarationsWithRecursiveInternalTypesProduceUniqueTypeParams:0:113	WRONG	any:any-receiver-propagated
compiler/declarationsWithRecursiveInternalTypesProduceUniqueTypeParams:0:114	WRONG	any:any-receiver-propagated
compiler/declarationsWithRecursiveInternalTypesProduceUniqueTypeParams:0:116	WRONG	any:any-receiver-propagated
compiler/declarationsWithRecursiveInternalTypesProduceUniqueTypeParams:0:117	WRONG	any:any-receiver-propagated
compiler/declarationsWithRecursiveInternalTypesProduceUniqueTypeParams:0:118	WRONG	any:any-initialiser-propagated
compiler/declarationsWithRecursiveInternalTypesProduceUniqueTypeParams:0:119	WRONG	any:any-receiver-propagated
compiler/declarationsWithRecursiveInternalTypesProduceUniqueTypeParams:0:120	WRONG	any:any-receiver-propagated
compiler/declarationsWithRecursiveInternalTypesProduceUniqueTypeParams:0:121	WRONG	any:any-initialiser-propagated
compiler/declarationsWithRecursiveInternalTypesProduceUniqueTypeParams:0:122	WRONG	any:call-error
compiler/declarationsWithRecursiveInternalTypesProduceUniqueTypeParams:0:123	WRONG	any:any-receiver-propagated
compiler/declarationsWithRecursiveInternalTypesProduceUniqueTypeParams:0:124	WRONG	any:any-initialiser-propagated
compiler/declarationsWithRecursiveInternalTypesProduceUniqueTypeParams:0:125	WRONG	any:any-receiver-propagated
compiler/declarationsWithRecursiveInternalTypesProduceUniqueTypeParams:0:130	WRONG	any:any-receiver-propagated
compiler/declarationsWithRecursiveInternalTypesProduceUniqueTypeParams:0:131	WRONG	any:any-receiver-propagated
compiler/declarationsWithRecursiveInternalTypesProduceUniqueTypeParams:0:132	WRONG	any:any-initialiser-propagated
compiler/declarationsWithRecursiveInternalTypesProduceUniqueTypeParams:0:133	WRONG	any:any-receiver-propagated
compiler/declarationsWithRecursiveInternalTypesProduceUniqueTypeParams:0:134	WRONG	any:any-receiver-propagated
compiler/declarationsWithRecursiveInternalTypesProduceUniqueTypeParams:0:136	WRONG	any:any-receiver-propagated
compiler/declarationsWithRecursiveInternalTypesProduceUniqueTypeParams:0:137	WRONG	any:any-receiver-propagated
compiler/declarationsWithRecursiveInternalTypesProduceUniqueTypeParams:0:138	WRONG	any:any-initialiser-propagated
compiler/declarationsWithRecursiveInternalTypesProduceUniqueTypeParams:0:139	WRONG	any:any-receiver-propagated
compiler/declarationsWithRecursiveInternalTypesProduceUniqueTypeParams:0:140	WRONG	any:any-receiver-propagated
compiler/declarationsWithRecursiveInternalTypesProduceUniqueTypeParams:0:142	WRONG	any:any-receiver-propagated
compiler/declarationsWithRecursiveInternalTypesProduceUniqueTypeParams:0:143	WRONG	any:any-receiver-propagated
compiler/declarationsWithRecursiveInternalTypesProduceUniqueTypeParams:0:144	WRONG	any:any-initialiser-propagated
compiler/declarationsWithRecursiveInternalTypesProduceUniqueTypeParams:0:145	WRONG	any:any-receiver-propagated
compiler/declarationsWithRecursiveInternalTypesProduceUniqueTypeParams:0:146	WRONG	any:any-receiver-propagated
compiler/declarationsWithRecursiveInternalTypesProduceUniqueTypeParams:0:2	WRONG	signature-differs
compiler/declarationsWithRecursiveInternalTypesProduceUniqueTypeParams:0:24	WRONG	signature-differs
compiler/declarationsWithRecursiveInternalTypesProduceUniqueTypeParams:0:28	WRONG	signature-differs
compiler/declarationsWithRecursiveInternalTypesProduceUniqueTypeParams:0:3	WRONG	signature-differs
compiler/declarationsWithRecursiveInternalTypesProduceUniqueTypeParams:0:30	WRONG	signature-differs
compiler/declarationsWithRecursiveInternalTypesProduceUniqueTypeParams:0:31	WRONG	signature-differs
compiler/declarationsWithRecursiveInternalTypesProduceUniqueTypeParams:0:5	WRONG	signature-differs
compiler/declarationsWithRecursiveInternalTypesProduceUniqueTypeParams:0:6	WRONG	signature-differs
compiler/declarationsWithRecursiveInternalTypesProduceUniqueTypeParams:0:69	WRONG	any:call-error
compiler/declarationsWithRecursiveInternalTypesProduceUniqueTypeParams:0:70	WRONG	signature-differs
compiler/declarationsWithRecursiveInternalTypesProduceUniqueTypeParams:0:75	WRONG	signature-differs
compiler/declarationsWithRecursiveInternalTypesProduceUniqueTypeParams:0:76	WRONG	signature-differs
compiler/declarationsWithRecursiveInternalTypesProduceUniqueTypeParams:0:78	WRONG	signature-differs
compiler/declarationsWithRecursiveInternalTypesProduceUniqueTypeParams:0:81	WRONG	signature-differs
compiler/declarationsWithRecursiveInternalTypesProduceUniqueTypeParams:0:82	WRONG	signature-differs
compiler/declarationsWithRecursiveInternalTypesProduceUniqueTypeParams:0:84	WRONG	signature-differs
compiler/declarationsWithRecursiveInternalTypesProduceUniqueTypeParams:0:85	WRONG	signature-differs
compiler/declarationsWithRecursiveInternalTypesProduceUniqueTypeParams:0:89	WRONG	signature-differs
compiler/declarationsWithRecursiveInternalTypesProduceUniqueTypeParams:0:90	WRONG	signature-differs
compiler/declarationsWithRecursiveInternalTypesProduceUniqueTypeParams:0:91	WRONG	signature-differs
compiler/declarationsWithRecursiveInternalTypesProduceUniqueTypeParams:0:98	WRONG	signature-differs
compiler/decoratorMetadataTypeOnlyExport:1:6	GAP	gap:identifier
compiler/decoratorMetadataTypeOnlyImport:0:1	WRONG	any:type-reference-error
compiler/decoratorMetadataWithImportDeclarationNameCollision2(target=es2015):1:10	GAP	gap:property-access
compiler/decoratorMetadataWithImportDeclarationNameCollision2(target=es2015):1:12	WRONG	any:configured:identifier
compiler/decoratorMetadataWithImportDeclarationNameCollision2(target=es2015):1:13	GAP	gap:identifier
compiler/decoratorMetadataWithImportDeclarationNameCollision2(target=es2015):1:14	GAP	gap:call
compiler/decoratorMetadataWithImportDeclarationNameCollision2(target=es2015):1:15	GAP	gap:property-access
compiler/decoratorMetadataWithImportDeclarationNameCollision2(target=es2015):1:16	WRONG	any:configured:property-access
compiler/decoratorMetadataWithImportDeclarationNameCollision2(target=es2015):1:18	WRONG	any:configured:identifier
compiler/decoratorMetadataWithImportDeclarationNameCollision2(target=es2015):1:19	WRONG	any:configured:identifier
compiler/decoratorMetadataWithImportDeclarationNameCollision2(target=es2015):1:7	GAP	gap:identifier
compiler/decoratorMetadataWithImportDeclarationNameCollision2(target=es2015):1:8	GAP	gap:identifier
compiler/decoratorMetadataWithImportDeclarationNameCollision2(target=es2015):1:9	GAP	gap:other-expression
compiler/decoratorMetadataWithImportDeclarationNameCollision6(target=es2015):1:11	WRONG	any:configured:identifier
compiler/decoratorMetadataWithImportDeclarationNameCollision6(target=es2015):1:12	GAP	gap:identifier
compiler/decoratorMetadataWithImportDeclarationNameCollision6(target=es2015):1:13	GAP	gap:call
compiler/decoratorMetadataWithImportDeclarationNameCollision6(target=es2015):1:14	GAP	gap:property-access
compiler/decoratorMetadataWithImportDeclarationNameCollision6(target=es2015):1:15	WRONG	any:configured:property-access
compiler/decoratorMetadataWithImportDeclarationNameCollision6(target=es2015):1:17	WRONG	any:configured:identifier
compiler/decoratorMetadataWithImportDeclarationNameCollision6(target=es2015):1:18	WRONG	any:configured:identifier
compiler/decoratorMetadataWithImportDeclarationNameCollision6(target=es2015):1:6	GAP	gap:identifier
compiler/decoratorMetadataWithImportDeclarationNameCollision6(target=es2015):1:7	GAP	gap:identifier
compiler/decoratorMetadataWithImportDeclarationNameCollision6(target=es2015):1:8	GAP	gap:other-expression
compiler/decoratorMetadataWithImportDeclarationNameCollision6(target=es2015):1:9	GAP	gap:property-access
compiler/decoratorReferences:0:11	WRONG	any:uncontextual-parameter
compiler/decoratorReferences:0:14	WRONG	any:uncontextual-parameter
compiler/decoratorReferences:0:5	WRONG	different-name
compiler/deeplyNestedConstraints:0:0	WRONG	alias-name-native-reassigned
compiler/deeplyNestedConstraints:0:6	GAP	gap:property-access
compiler/deeplyNestedConstraints:0:7	WRONG	union-extra-members
compiler/deeplyNestedConstraints:0:8	WRONG	any:property-lookup-error
compiler/deeplyNestedMappedTypes:0:124	WRONG	unknown-where-native-typed
compiler/deeplyNestedMappedTypes:0:125	WRONG	unknown-where-native-typed
compiler/deeplyNestedMappedTypes:0:127	WRONG	unknown-where-native-typed
compiler/deeplyNestedMappedTypes:0:128	WRONG	unknown-where-native-typed
compiler/deeplyNestedMappedTypes:0:130	WRONG	unknown-where-native-typed
compiler/deeplyNestedMappedTypes:0:131	WRONG	unknown-where-native-typed
compiler/deeplyNestedMappedTypes:0:133	WRONG	unknown-where-native-typed
compiler/deeplyNestedMappedTypes:0:134	WRONG	unknown-where-native-typed
compiler/deeplyNestedMappedTypes:0:164	WRONG	different-name
compiler/deeplyNestedMappedTypes:0:168	WRONG	alias-name-native-reassigned
compiler/deeplyNestedMappedTypes:0:171	WRONG	mapped-type-resolved-where-native-deferred
compiler/deeplyNestedMappedTypes:0:63	WRONG	mapped-type-unresolved
compiler/deeplyNestedMappedTypes:0:64	WRONG	mapped-type-unresolved
compiler/deeplyNestedMappedTypes:0:65	WRONG	mapped-type-unresolved
compiler/deeplyNestedMappedTypes:0:66	WRONG	mapped-type-unresolved
compiler/deeplyNestedMappedTypes:0:67	WRONG	mapped-type-unresolved
compiler/deeplyNestedMappedTypes:0:68	WRONG	unknown-where-native-typed
compiler/deeplyNestedMappedTypes:0:93	WRONG	unknown-where-native-typed
compiler/defaultArgsInFunctionExpressions:0:63	WRONG	any:variable-initialiser-error
compiler/defaultArgsInFunctionExpressions:0:64	WRONG	any:function-expression-error
compiler/defaultDeclarationEmitDefaultImport:1:1	WRONG	signature-differs
compiler/defaultDeclarationEmitDefaultImport:1:2	WRONG	different-name
compiler/defaultDeclarationEmitDefaultImport:1:3	WRONG	different-name
compiler/defaultDeclarationEmitDefaultImport:1:4	WRONG	signature-differs
compiler/defaultDeclarationEmitNamedCorrectly:0:11	WRONG	any:function-declaration-error
compiler/defaultDeclarationEmitNamedCorrectly:0:8	WRONG	any:variable-initialiser-error
compiler/defaultDeclarationEmitNamedCorrectly:0:9	WRONG	any:call-error
compiler/defaultParameterAddsUndefinedWithStrictNullChecks:0:12	WRONG	undefined-optionality
compiler/defaultParameterAddsUndefinedWithStrictNullChecks:0:42	WRONG	undefined-optionality
compiler/defaultParameterAddsUndefinedWithStrictNullChecks:0:46	WRONG	undefined-optionality
compiler/defaultParameterAddsUndefinedWithStrictNullChecks:0:49	WRONG	undefined-optionality
compiler/defaultParameterAddsUndefinedWithStrictNullChecks:0:56	WRONG	undefined-optionality
compiler/defaultParameterAddsUndefinedWithStrictNullChecks:0:93	WRONG	undefined-optionality
compiler/defaultParameterAddsUndefinedWithStrictNullChecks:0:97	WRONG	undefined-optionality
compiler/deferredConditionalTypes:0:39	WRONG	literal-mixed
compiler/deferredConditionalTypes:0:7	WRONG	alias-port-kept
compiler/deferredConditionalTypes:0:8	WRONG	alias-port-kept
compiler/deferredConditionalTypes:0:9	WRONG	alias-port-kept
compiler/deferredLookupTypeResolution2:0:4	WRONG	alias-port-kept
compiler/deferredLookupTypeResolution2:0:5	WRONG	alias-port-kept
compiler/deferredLookupTypeResolution2:0:6	WRONG	alias-port-kept
compiler/deferredLookupTypeResolution:0:4	WRONG	alias-port-kept
compiler/deferredLookupTypeResolution:0:6	WRONG	alias-port-kept
compiler/destructuredLateBoundNameHasCorrectTypes:0:3	WRONG	any:binding-element
compiler/destructuredLateBoundNameHasCorrectTypes:0:6	WRONG	any:binding-element
compiler/destructuringAssignmentWithDefault2:0:60	WRONG	type-argument-differs
compiler/destructuringAssignmentWithDefault2:0:71	WRONG	type-argument-differs
compiler/destructuringAssignmentWithDefault2:0:83	WRONG	type-argument-differs
compiler/destructuringAssignmentWithDefault:0:108	GAP	gap:identifier
compiler/destructuringAssignmentWithDefault:0:109	GAP	gap:other-expression
compiler/destructuringAssignmentWithDefault:0:56	GAP	gap:identifier
compiler/destructuringAssignmentWithDefault:0:57	GAP	gap:other-expression
compiler/destructuringAssignmentWithDefault:0:67	GAP	gap:identifier
compiler/destructuringAssignmentWithDefault:0:68	GAP	gap:identifier
compiler/destructuringAssignmentWithDefault:0:74	GAP	gap:object-literal
compiler/destructuringAssignmentWithDefault:0:75	GAP	gap:identifier
compiler/destructuringAssignmentWithDefault:0:76	GAP	gap:identifier
compiler/destructuringAssignmentWithDefault:0:80	GAP	gap:identifier
compiler/destructuringAssignmentWithDefault:0:81	GAP	gap:other-expression
compiler/destructuringAssignmentWithDefault:0:86	WRONG	any:property-lookup-error
compiler/destructuringAssignmentWithDefault:0:87	GAP	gap:identifier
compiler/destructuringAssignmentWithDefault:0:88	GAP	gap:other-expression
compiler/destructuringTypeGuardFlow:0:27	WRONG	undefined-optionality
compiler/destructuringTypeGuardFlow:0:32	WRONG	undefined-optionality
compiler/destructuringTypeGuardFlow:0:39	WRONG	undefined-optionality
compiler/destructuringTypeGuardFlow:0:45	WRONG	undefined-optionality
compiler/destructuringTypeGuardFlow:0:72	WRONG	undefined-optionality
compiler/destructuringTypeGuardFlow:0:77	WRONG	undefined-optionality
compiler/destructuringTypeGuardFlow:0:88	WRONG	undefined-optionality
compiler/destructuringTypeGuardFlow:0:94	WRONG	undefined-optionality
compiler/destructuringWithConstraint:0:3	WRONG	alias-native-kept
compiler/destructuringWithConstraint:0:7	WRONG	alias-native-kept
compiler/discriminantPropertyCheck:0:316	WRONG	alias-name-native-reassigned
compiler/discriminantPropertyCheck:0:319	WRONG	alias-name-native-reassigned
compiler/discriminantPropertyCheck:0:331	WRONG	alias-name-native-reassigned
compiler/discriminantPropertyCheck:0:346	WRONG	alias-port-kept
compiler/discriminantPropertyInference:0:38	WRONG	partial-any
compiler/discriminantPropertyInference:0:41	WRONG	partial-any
compiler/discriminantPropertyInference:0:42	WRONG	partial-any
compiler/discriminantPropertyInference:0:43	WRONG	any:contextual-parameter
compiler/discriminantPropertyInference:0:44	WRONG	any:call-error
compiler/discriminantPropertyInference:0:45	WRONG	any:contextual-parameter
compiler/discriminantPropertyInference:0:46	WRONG	any:contextual-parameter
compiler/discriminantPropertyInference:0:47	WRONG	any:contextual-parameter
compiler/discriminantPropertyInference:0:50	WRONG	partial-any
compiler/discriminantPropertyInference:0:51	WRONG	partial-any
compiler/discriminantPropertyInference:0:52	WRONG	partial-any
compiler/discriminantPropertyInference:0:53	WRONG	any:contextual-parameter
compiler/discriminantPropertyInference:0:54	WRONG	any:call-error
compiler/discriminantPropertyInference:0:55	WRONG	any:contextual-parameter
compiler/discriminantPropertyInference:0:56	WRONG	any:contextual-parameter
compiler/discriminantPropertyInference:0:57	WRONG	any:contextual-parameter
compiler/discriminantUsingEvaluatableTemplateExpression:0:12	WRONG	partial-any
compiler/discriminantUsingEvaluatableTemplateExpression:0:16	WRONG	partial-any
compiler/discriminantUsingEvaluatableTemplateExpression:0:17	WRONG	partial-any
compiler/discriminantUsingEvaluatableTemplateExpression:0:18	WRONG	any:contextual-parameter
compiler/discriminantUsingEvaluatableTemplateExpression:0:19	WRONG	any:contextual-parameter
compiler/discriminateWithDivergentAccessors1:0:15	WRONG	object-members-differ
compiler/discriminateWithDivergentAccessors1:0:37	WRONG	union-members-differ
compiler/discriminateWithOptionalProperty2(exactoptionalpropertytypes=false):0:113	WRONG	object-members-differ
compiler/discriminateWithOptionalProperty2(exactoptionalpropertytypes=false):0:114	WRONG	signature-differs
compiler/discriminateWithOptionalProperty2(exactoptionalpropertytypes=false):0:118	WRONG	any:configured:identifier
compiler/discriminateWithOptionalProperty2(exactoptionalpropertytypes=false):0:31	WRONG	undefined-optionality
compiler/discriminateWithOptionalProperty2(exactoptionalpropertytypes=false):0:33	WRONG	undefined-optionality
compiler/discriminateWithOptionalProperty2(exactoptionalpropertytypes=false):0:37	WRONG	optional-param-undefined-not-printed
compiler/discriminateWithOptionalProperty2(exactoptionalpropertytypes=false):0:39	WRONG	optional-param-undefined-not-printed
compiler/discriminateWithOptionalProperty2(exactoptionalpropertytypes=false):0:56	WRONG	undefined-optionality
compiler/discriminateWithOptionalProperty2(exactoptionalpropertytypes=false):0:58	WRONG	undefined-optionality
compiler/discriminateWithOptionalProperty2(exactoptionalpropertytypes=false):0:64	WRONG	optional-param-undefined-not-printed
compiler/discriminateWithOptionalProperty2(exactoptionalpropertytypes=false):0:66	WRONG	optional-param-undefined-not-printed
compiler/discriminateWithOptionalProperty2(exactoptionalpropertytypes=true):0:113	WRONG	object-members-differ
compiler/discriminateWithOptionalProperty2(exactoptionalpropertytypes=true):0:114	WRONG	signature-differs
compiler/discriminateWithOptionalProperty2(exactoptionalpropertytypes=true):0:118	WRONG	any:configured:identifier
compiler/discriminateWithOptionalProperty2(exactoptionalpropertytypes=true):0:31	WRONG	undefined-optionality
compiler/discriminateWithOptionalProperty2(exactoptionalpropertytypes=true):0:33	WRONG	undefined-optionality
compiler/discriminateWithOptionalProperty2(exactoptionalpropertytypes=true):0:37	WRONG	optional-param-undefined-not-printed
compiler/discriminateWithOptionalProperty2(exactoptionalpropertytypes=true):0:39	WRONG	optional-param-undefined-not-printed
compiler/discriminateWithOptionalProperty2(exactoptionalpropertytypes=true):0:56	WRONG	undefined-optionality
compiler/discriminateWithOptionalProperty2(exactoptionalpropertytypes=true):0:58	WRONG	undefined-optionality
compiler/discriminateWithOptionalProperty2(exactoptionalpropertytypes=true):0:64	WRONG	optional-param-undefined-not-printed
compiler/discriminateWithOptionalProperty2(exactoptionalpropertytypes=true):0:66	WRONG	optional-param-undefined-not-printed
compiler/discriminateWithOptionalProperty3(exactoptionalpropertytypes=false):0:20	WRONG	undefined-optionality
compiler/discriminateWithOptionalProperty3(exactoptionalpropertytypes=false):0:25	WRONG	alias-port-kept
compiler/discriminateWithOptionalProperty3(exactoptionalpropertytypes=false):0:26	WRONG	undefined-optionality
compiler/discriminateWithOptionalProperty3(exactoptionalpropertytypes=false):0:32	WRONG	array-sugar
compiler/discriminateWithOptionalProperty3(exactoptionalpropertytypes=false):0:4	WRONG	undefined-optionality
compiler/discriminateWithOptionalProperty3(exactoptionalpropertytypes=true):0:20	WRONG	undefined-optionality
compiler/discriminateWithOptionalProperty3(exactoptionalpropertytypes=true):0:25	WRONG	alias-port-kept
compiler/discriminateWithOptionalProperty3(exactoptionalpropertytypes=true):0:26	WRONG	undefined-optionality
compiler/discriminateWithOptionalProperty3(exactoptionalpropertytypes=true):0:32	WRONG	array-sugar
compiler/discriminateWithOptionalProperty3(exactoptionalpropertytypes=true):0:4	WRONG	undefined-optionality
compiler/discriminateWithOptionalProperty4(exactoptionalpropertytypes=false):0:55	WRONG	undefined-optionality
compiler/discriminateWithOptionalProperty4(exactoptionalpropertytypes=false):0:56	WRONG	union-missing-members
compiler/discriminateWithOptionalProperty4(exactoptionalpropertytypes=false):0:57	WRONG	undefined-optionality
compiler/discriminateWithOptionalProperty4(exactoptionalpropertytypes=true):0:13	WRONG	union-members-differ
compiler/discriminateWithOptionalProperty4(exactoptionalpropertytypes=true):0:18	WRONG	object-members-differ
compiler/discriminateWithOptionalProperty4(exactoptionalpropertytypes=true):0:2	WRONG	union-members-differ
compiler/discriminateWithOptionalProperty4(exactoptionalpropertytypes=true):0:24	WRONG	object-members-differ
compiler/discriminateWithOptionalProperty4(exactoptionalpropertytypes=true):0:32	WRONG	union-members-differ
compiler/discriminateWithOptionalProperty4(exactoptionalpropertytypes=true):0:52	WRONG	union-members-differ
compiler/discriminateWithOptionalProperty4(exactoptionalpropertytypes=true):0:56	WRONG	union-members-differ
compiler/discriminateWithOptionalProperty4(exactoptionalpropertytypes=true):0:62	WRONG	object-members-differ
compiler/discriminatedUnionJsxElement:0:15	GAP	gap:identifier
compiler/discriminatedUnionJsxElement:0:16	GAP	gap:identifier
compiler/discriminatedUnionJsxElement:0:5	GAP	gap:identifier
compiler/discriminatedUnionJsxElement:0:6	GAP	gap:other-expression
compiler/dissallowSymbolAsWeakType:0:27	WRONG	literal-widened
compiler/dissallowSymbolAsWeakType:0:28	WRONG	literal-widened
compiler/dissallowSymbolAsWeakType:0:60	WRONG	any:variable-initialiser-error
compiler/dissallowSymbolAsWeakType:0:61	WRONG	any:call-error
compiler/dissallowSymbolAsWeakType:0:64	WRONG	any:call-error
compiler/dissallowSymbolAsWeakType:0:65	WRONG	any:property-lookup-error
compiler/dissallowSymbolAsWeakType:0:66	WRONG	any:variable-initialiser-error
compiler/dissallowSymbolAsWeakType:0:67	WRONG	any:property-lookup-error
compiler/dissallowSymbolAsWeakType:0:69	WRONG	any:call-error
compiler/dissallowSymbolAsWeakType:0:70	WRONG	any:property-lookup-error
compiler/dissallowSymbolAsWeakType:0:71	WRONG	any:variable-initialiser-error
compiler/dissallowSymbolAsWeakType:0:72	WRONG	any:property-lookup-error
compiler/distributiveConditionalTypeConstraints:0:41	WRONG	alias-port-kept
compiler/distributiveConditionalTypeConstraints:0:82	WRONG	parenthesization
compiler/distributiveConditionalTypeConstraints:0:93	WRONG	parenthesization
compiler/divergentAccessors1:0:14	WRONG	object-members-differ
compiler/divergentAccessors1:0:18	WRONG	object-members-differ
compiler/divergentAccessors1:0:22	WRONG	object-members-differ
compiler/divergentAccessors1:0:27	WRONG	object-members-differ
compiler/divergentAccessorsTypes3(target=es2015):0:33	WRONG	alias-port-kept
compiler/divergentAccessorsTypes3(target=es2015):0:35	WRONG	alias-port-kept
compiler/divergentAccessorsTypes3(target=es2015):0:38	WRONG	alias-port-kept
compiler/divergentAccessorsTypes3(target=es2015):0:40	WRONG	alias-port-kept
compiler/divergentAccessorsTypes3(target=es2015):0:43	WRONG	alias-port-kept
compiler/divergentAccessorsTypes3(target=es2015):0:45	WRONG	alias-port-kept
compiler/divergentAccessorsTypes3(target=es2015):0:48	WRONG	alias-port-kept
compiler/divergentAccessorsTypes3(target=es2015):0:50	WRONG	alias-port-kept
compiler/divergentAccessorsTypes3(target=es2015):0:53	WRONG	union-missing-members
compiler/divergentAccessorsTypes3(target=es2015):0:55	WRONG	union-missing-members
compiler/divergentAccessorsTypes3(target=es2015):0:58	WRONG	union-missing-members
compiler/divergentAccessorsTypes3(target=es2015):0:60	WRONG	union-missing-members
compiler/divergentAccessorsTypes3(target=es2015):0:63	WRONG	union-missing-members
compiler/divergentAccessorsTypes3(target=es2015):0:65	WRONG	union-missing-members
compiler/divergentAccessorsTypes3(target=es2015):0:68	WRONG	alias-port-kept
compiler/divergentAccessorsTypes3(target=es2015):0:70	WRONG	alias-port-kept
compiler/divergentAccessorsTypes3(target=es2015):0:73	WRONG	alias-port-kept
compiler/divergentAccessorsTypes3(target=es2015):0:75	WRONG	alias-port-kept
compiler/divergentAccessorsTypes3(target=es2015):0:78	WRONG	alias-port-kept
compiler/divergentAccessorsTypes3(target=es2015):0:80	WRONG	alias-port-kept
compiler/divergentAccessorsTypes8:0:103	WRONG	union-missing-members
compiler/divergentAccessorsTypes8:0:108	WRONG	alias-port-kept
compiler/divergentAccessorsTypes8:0:113	WRONG	alias-port-kept
compiler/divergentAccessorsTypes8:0:118	WRONG	alias-port-kept
compiler/divergentAccessorsTypes8:0:73	WRONG	alias-port-kept
compiler/divergentAccessorsTypes8:0:78	WRONG	alias-port-kept
compiler/divergentAccessorsTypes8:0:83	WRONG	alias-port-kept
compiler/divergentAccessorsTypes8:0:88	WRONG	alias-port-kept
compiler/divergentAccessorsTypes8:0:93	WRONG	union-missing-members
compiler/divergentAccessorsTypes8:0:98	WRONG	union-missing-members
compiler/divideAndConquerIntersections:0:40	WRONG	type-param-constraint
compiler/divideAndConquerIntersections:0:75	WRONG	type-param-constraint
compiler/divideAndConquerIntersections:0:77	WRONG	type-argument-differs
compiler/divideAndConquerIntersections:0:84	WRONG	type-argument-differs
compiler/divideAndConquerIntersections:0:88	WRONG	type-argument-differs
compiler/doYouNeedToChangeYourTargetLibraryES2015:0:10	GAP	gap:identifier
compiler/doYouNeedToChangeYourTargetLibraryES2015:0:11	GAP	gap:call
compiler/doYouNeedToChangeYourTargetLibraryES2015:0:32	GAP	gap:identifier
compiler/doYouNeedToChangeYourTargetLibraryES2015:0:329	WRONG	never-where-native-typed
compiler/doYouNeedToChangeYourTargetLibraryES2015:0:33	GAP	gap:call
compiler/doYouNeedToChangeYourTargetLibraryES2015:0:330	WRONG	never-where-native-typed
compiler/doYouNeedToChangeYourTargetLibraryES2015:0:334	WRONG	never-where-native-typed
compiler/doYouNeedToChangeYourTargetLibraryES2015:0:340	WRONG	never-where-native-typed
compiler/doYouNeedToChangeYourTargetLibraryES2015:0:39	GAP	gap:identifier
compiler/doYouNeedToChangeYourTargetLibraryES2015:0:40	GAP	gap:call
compiler/doYouNeedToChangeYourTargetLibraryES2016Plus:0:63	WRONG	any:call-error
compiler/doYouNeedToChangeYourTargetLibraryES2023(target=esnext):0:41	WRONG	optional-param-undefined-not-printed
compiler/doYouNeedToChangeYourTargetLibraryES2023(target=esnext):0:43	WRONG	optional-param-undefined-not-printed
compiler/downlevelLetConst16(target=es2015):0:287	WRONG	any:configured:identifier
compiler/downlevelLetConst16(target=es2015):0:291	WRONG	any:configured:identifier
compiler/downlevelLetConst16(target=es2015):0:309	WRONG	any:configured:identifier
compiler/downlevelLetConst16(target=es2015):0:313	WRONG	any:configured:identifier
compiler/duplicateIdentifierBindingElementInParameterDeclaration1(target=es2015):0:31	WRONG	any:configured:identifier
compiler/duplicateIdentifierBindingElementInParameterDeclaration1(target=es2015):0:33	WRONG	any:configured:identifier
compiler/duplicateIdentifierBindingElementInParameterDeclaration1(target=es2015):0:34	WRONG	any:configured:function-expression
compiler/duplicateIdentifierBindingElementInParameterDeclaration2(target=es2015):0:32	WRONG	any:configured:identifier
compiler/duplicateIdentifierBindingElementInParameterDeclaration2(target=es2015):0:34	WRONG	any:configured:identifier
compiler/duplicateIdentifierBindingElementInParameterDeclaration2(target=es2015):0:35	WRONG	any:configured:function-expression
compiler/duplicateObjectLiteralProperty(target=es2015):0:16	WRONG	readonly-modifier
compiler/duplicateObjectLiteralProperty(target=es2015):0:17	WRONG	readonly-modifier
compiler/duplicateOverloadInTypeAugmentation1:0:17	WRONG	optional-param-undefined-not-printed
compiler/duplicateOverloadInTypeAugmentation1:0:19	WRONG	optional-param-undefined-not-printed
compiler/duplicatePackage:0:0	WRONG	signature-differs
compiler/duplicatePackage:0:1	WRONG	alias-port-kept
compiler/duplicatePackage:0:2	WRONG	alias-port-kept
compiler/duplicatePackage:0:4	WRONG	signature-differs
compiler/duplicatePackage:0:5	WRONG	alias-port-kept
compiler/duplicatePackage:0:7	WRONG	signature-differs
compiler/duplicatePackage:0:8	WRONG	alias-port-kept
compiler/duplicateTypeParameters1:0:0	WRONG	duplicate-type-parameters
compiler/dynamicImportsDeclaration:3:0	GAP	gap:identifier
compiler/dynamicImportsDeclaration:3:1	GAP	gap:call
compiler/dynamicImportsDeclaration:3:10	WRONG	import-specifier-differs
compiler/dynamicImportsDeclaration:3:13	WRONG	import-specifier-differs
compiler/dynamicImportsDeclaration:3:14	WRONG	import-specifier-differs
compiler/dynamicImportsDeclaration:3:16	WRONG	import-specifier-differs
compiler/dynamicImportsDeclaration:3:17	WRONG	import-specifier-differs
compiler/dynamicImportsDeclaration:3:4	GAP	gap:function-expression
compiler/dynamicImportsDeclaration:3:9	WRONG	import-specifier-differs
compiler/dynamicNames:1:110	WRONG	qualified-name-choice
compiler/dynamicNames:1:112	WRONG	qualified-name-choice
compiler/dynamicNames:1:114	WRONG	qualified-name-choice
compiler/dynamicNames:1:116	WRONG	qualified-name-choice
compiler/dynamicNames:1:262	WRONG	object-members-differ
compiler/dynamicNames:1:263	WRONG	object-members-differ
compiler/dynamicNames:1:275	WRONG	object-members-differ
compiler/dynamicNames:1:279	WRONG	object-members-differ
compiler/dynamicNames:1:283	WRONG	object-members-differ
compiler/dynamicNames:1:286	WRONG	object-members-differ
compiler/dynamicNamesErrors:0:13	WRONG	different-name
compiler/emitClassMergedWithConstNamespaceNotElided:0:0	WRONG	qualified-name-choice
compiler/emitClassMergedWithConstNamespaceNotElided:0:1	WRONG	qualified-name-choice
compiler/emitClassMergedWithConstNamespaceNotElided:0:3	WRONG	qualified-name-choice
compiler/emitClassMergedWithConstNamespaceNotElided:0:5	WRONG	qualified-name-choice
compiler/emitClassMergedWithConstNamespaceNotElided:0:7	WRONG	qualified-name-choice
compiler/emitDecoratorMetadata_isolatedModules(module=commonjs):3:10	GAP	gap:identifier
compiler/emitDecoratorMetadata_isolatedModules(module=commonjs):3:19	GAP	gap:identifier
compiler/emitDecoratorMetadata_isolatedModules(module=commonjs):3:23	WRONG	qualified-name-choice
compiler/emitDecoratorMetadata_isolatedModules(module=esnext):3:10	WRONG	any:configured:identifier
compiler/emitDecoratorMetadata_isolatedModules(module=esnext):3:19	WRONG	any:configured:identifier
compiler/emitDecoratorMetadata_isolatedModules(module=esnext):3:23	WRONG	qualified-name-choice
compiler/emptyObjectNotSubtypeOfIndexSignatureContainingObject1:0:15	WRONG	any:variable-initialiser-error
compiler/emptyObjectNotSubtypeOfIndexSignatureContainingObject1:0:16	WRONG	partial-any
compiler/emptyObjectNotSubtypeOfIndexSignatureContainingObject1:0:20	WRONG	any:call-error
compiler/emptyObjectNotSubtypeOfIndexSignatureContainingObject1:0:23	WRONG	any:function-expression-error
compiler/emptyObjectNotSubtypeOfIndexSignatureContainingObject1:0:24	WRONG	any:contextual-parameter
compiler/emptyObjectNotSubtypeOfIndexSignatureContainingObject1:0:25	WRONG	any:contextual-parameter
compiler/emptyObjectNotSubtypeOfIndexSignatureContainingObject1:0:26	WRONG	any:contextual-parameter
compiler/emptyObjectNotSubtypeOfIndexSignatureContainingObject1:0:27	WRONG	any:contextual-parameter
compiler/emptyObjectNotSubtypeOfIndexSignatureContainingObject1:0:28	WRONG	any:variable-initialiser-error
compiler/emptyObjectNotSubtypeOfIndexSignatureContainingObject2:0:15	WRONG	any:variable-initialiser-error
compiler/emptyObjectNotSubtypeOfIndexSignatureContainingObject2:0:16	WRONG	any:call-error
compiler/emptyObjectNotSubtypeOfIndexSignatureContainingObject2:0:19	WRONG	any:function-expression-error
compiler/emptyObjectNotSubtypeOfIndexSignatureContainingObject2:0:20	WRONG	any:contextual-parameter
compiler/emptyObjectNotSubtypeOfIndexSignatureContainingObject2:0:21	WRONG	any:contextual-parameter
compiler/emptyObjectNotSubtypeOfIndexSignatureContainingObject2:0:22	WRONG	any:contextual-parameter
compiler/emptyObjectNotSubtypeOfIndexSignatureContainingObject2:0:23	WRONG	any:contextual-parameter
compiler/emptyObjectNotSubtypeOfIndexSignatureContainingObject2:0:24	WRONG	any:variable-initialiser-error
compiler/emptyObjectNotSubtypeOfIndexSignatureContainingObject2:0:25	WRONG	partial-any
compiler/emptyObjectNotSubtypeOfIndexSignatureContainingObject2:0:29	WRONG	any:call-error
compiler/emptyObjectNotSubtypeOfIndexSignatureContainingObject2:0:32	WRONG	any:function-expression-error
compiler/emptyObjectNotSubtypeOfIndexSignatureContainingObject2:0:33	WRONG	any:contextual-parameter
compiler/emptyObjectNotSubtypeOfIndexSignatureContainingObject2:0:34	WRONG	any:contextual-parameter
compiler/emptyObjectNotSubtypeOfIndexSignatureContainingObject2:0:35	WRONG	any:contextual-parameter
compiler/emptyObjectNotSubtypeOfIndexSignatureContainingObject2:0:36	WRONG	any:contextual-parameter
compiler/emptyObjectNotSubtypeOfIndexSignatureContainingObject2:0:37	WRONG	any:variable-initialiser-error
compiler/emptyTypeArgumentList:0:1	WRONG	different-name
compiler/emptyTypeArgumentListWithNew:0:1	WRONG	typed-where-native-unknown
compiler/ensureNoCrashExportAssignmentDefineProperrtyPotentialMerge:0:0	WRONG	js:object-members-differ
compiler/ensureNoCrashExportAssignmentDefineProperrtyPotentialMerge:0:1	WRONG	js:object-members-differ
compiler/ensureNoCrashExportAssignmentDefineProperrtyPotentialMerge:1:0	WRONG	js:object-members-differ
compiler/ensureNoCrashExportAssignmentDefineProperrtyPotentialMerge:1:1	WRONG	js:object-members-differ
compiler/ensureNoCrashExportAssignmentDefineProperrtyPotentialMerge:1:10	WRONG	js:object-members-differ
compiler/ensureNoCrashExportAssignmentDefineProperrtyPotentialMerge:1:11	WRONG	js:object-members-differ
compiler/ensureNoCrashExportAssignmentDefineProperrtyPotentialMerge:1:12	WRONG	js:object-members-differ
compiler/ensureNoCrashExportAssignmentDefineProperrtyPotentialMerge:1:3	GAP	js:gap:property-access
compiler/ensureNoCrashExportAssignmentDefineProperrtyPotentialMerge:1:4	WRONG	js:object-members-differ
compiler/ensureNoCrashExportAssignmentDefineProperrtyPotentialMerge:1:5	WRONG	js:any:other
compiler/ensureNoCrashExportAssignmentDefineProperrtyPotentialMerge:1:8	WRONG	js:object-members-differ
compiler/ensureNoCrashExportAssignmentDefineProperrtyPotentialMerge:1:9	WRONG	js:object-members-differ
compiler/ensureNoCrashExportAssignmentDefineProperrtyPotentialMerge:2:0	WRONG	js:object-members-differ
compiler/ensureNoCrashExportAssignmentDefineProperrtyPotentialMerge:2:1	WRONG	js:object-members-differ
compiler/ensureNoCrashExportAssignmentDefineProperrtyPotentialMerge:2:13	WRONG	js:object-members-differ
compiler/ensureNoCrashExportAssignmentDefineProperrtyPotentialMerge:2:2	WRONG	js:object-members-differ
compiler/ensureNoCrashExportAssignmentDefineProperrtyPotentialMerge:2:20	WRONG	js:object-members-differ
compiler/ensureNoCrashExportAssignmentDefineProperrtyPotentialMerge:2:21	WRONG	js:object-members-differ
compiler/ensureNoCrashExportAssignmentDefineProperrtyPotentialMerge:2:22	WRONG	js:object-members-differ
compiler/ensureNoCrashExportAssignmentDefineProperrtyPotentialMerge:2:23	WRONG	js:object-members-differ
compiler/ensureNoCrashExportAssignmentDefineProperrtyPotentialMerge:2:24	WRONG	js:object-members-differ
compiler/ensureNoCrashExportAssignmentDefineProperrtyPotentialMerge:2:3	GAP	js:gap:property-access
compiler/ensureNoCrashExportAssignmentDefineProperrtyPotentialMerge:2:4	WRONG	js:object-members-differ
compiler/ensureNoCrashExportAssignmentDefineProperrtyPotentialMerge:2:5	WRONG	js:any:other
compiler/ensureNoCrashExportAssignmentDefineProperrtyPotentialMerge:2:6	WRONG	js:object-members-differ
compiler/ensureNoCrashExportAssignmentDefineProperrtyPotentialMerge:2:9	WRONG	js:object-members-differ
compiler/enumAssignmentCompat4:0:18	WRONG	signature-differs
compiler/enumAssignmentCompat4:0:19	WRONG	signature-differs
compiler/enumLiteralAssignableToEnumInsideUnion:0:42	WRONG	union-members-differ
compiler/enumWithUnicodeEscape1:0:1	WRONG	string-escape-printing
compiler/errorElaboration:0:17	WRONG	any:variable-initialiser-error
compiler/errorElaboration:0:18	WRONG	any:function-expression-error
compiler/errorForConflictingExportEqualsValue:0:2	WRONG	type-argument-differs
compiler/errorForUsingPropertyOfTypeAsType03:0:19	WRONG	any:type-reference-error
compiler/errorForUsingPropertyOfTypeAsType03:0:25	WRONG	any:type-reference-error
compiler/errorsForCallAndAssignmentAreSimilar:0:12	WRONG	literal-widened
compiler/errorsForCallAndAssignmentAreSimilar:0:13	WRONG	literal-widened
compiler/errorsForCallAndAssignmentAreSimilar:0:16	WRONG	signature-differs
compiler/errorsForCallAndAssignmentAreSimilar:0:20	WRONG	literal-widened
compiler/errorsForCallAndAssignmentAreSimilar:0:21	WRONG	literal-widened
compiler/errorsForCallAndAssignmentAreSimilar:0:8	WRONG	signature-differs
compiler/es5-yieldFunctionObjectLiterals(target=es2015):0:12	GAP	gap:identifier
compiler/es5-yieldFunctionObjectLiterals(target=es2015):0:2	GAP	gap:identifier
compiler/es5-yieldFunctionObjectLiterals(target=es2015):0:24	GAP	gap:identifier
compiler/es5-yieldFunctionObjectLiterals(target=es2015):0:38	GAP	gap:identifier
compiler/es5-yieldFunctionObjectLiterals(target=es2015):0:52	GAP	gap:identifier
compiler/es5-yieldFunctionObjectLiterals(target=es2015):0:74	GAP	gap:identifier
compiler/es5ExportDefaultClassDeclaration3(target=es2015):0:10	WRONG	any:configured:identifier
compiler/es5ExportDefaultClassDeclaration3(target=es2015):0:11	WRONG	any:configured:identifier
compiler/es5ExportDefaultClassDeclaration3(target=es2015):0:12	WRONG	any:configured:identifier
compiler/es5ExportDefaultClassDeclaration3(target=es2015):0:2	WRONG	any:configured:identifier
compiler/es5ExportDefaultClassDeclaration3(target=es2015):0:6	WRONG	any:configured:identifier
compiler/es5ExportDefaultClassDeclaration3(target=es2015):0:9	WRONG	any:configured:identifier
compiler/es5ExportDefaultClassDeclaration4(target=es2015):0:5	GAP	gap:identifier
compiler/es5ExportDefaultClassDeclaration4(target=es2015):0:6	GAP	gap:identifier
compiler/es5ModuleInternalNamedImports(target=es2015):0:25	WRONG	any:configured:identifier
compiler/es5ModuleInternalNamedImports(target=es2015):0:26	WRONG	any:configured:identifier
compiler/es6ExportClauseWithoutModuleSpecifier:1:0	WRONG	import-qualifier-missing
compiler/es6ExportClauseWithoutModuleSpecifier:1:1	WRONG	import-qualifier-missing
compiler/es6ExportClauseWithoutModuleSpecifier:1:2	WRONG	import-qualifier-missing
compiler/es6ExportClauseWithoutModuleSpecifier:1:4	WRONG	import-qualifier-missing
compiler/es6ExportClauseWithoutModuleSpecifier:1:5	WRONG	import-qualifier-missing
compiler/es6ExportClauseWithoutModuleSpecifierInEs5(target=es2015):1:0	WRONG	import-qualifier-missing
compiler/es6ExportClauseWithoutModuleSpecifierInEs5(target=es2015):1:1	WRONG	import-qualifier-missing
compiler/es6ExportClauseWithoutModuleSpecifierInEs5(target=es2015):1:2	WRONG	import-qualifier-missing
compiler/es6ExportClauseWithoutModuleSpecifierInEs5(target=es2015):1:4	WRONG	import-qualifier-missing
compiler/es6ExportClauseWithoutModuleSpecifierInEs5(target=es2015):1:5	WRONG	import-qualifier-missing
compiler/es6ExportEqualsInterop:0:20	WRONG	typeof-name-choice
compiler/es6ExportEqualsInterop:0:23	WRONG	typeof-name-choice
compiler/es6ExportEqualsInterop:0:3	WRONG	typeof-name-choice
compiler/es6ExportEqualsInterop:0:4	WRONG	typeof-name-choice
compiler/es6ExportEqualsInterop:0:43	WRONG	typeof-name-choice
compiler/es6ExportEqualsInterop:0:44	WRONG	typeof-name-choice
compiler/es6ExportEqualsInterop:0:53	WRONG	typeof-name-choice
compiler/es6ExportEqualsInterop:0:54	WRONG	typeof-name-choice
compiler/es6ExportEqualsInterop:0:70	WRONG	typeof-name-choice
compiler/es6ExportEqualsInterop:0:73	WRONG	typeof-name-choice
compiler/es6ImportNamedImportInIndirectExportAssignment:1:1	WRONG	any:alias-target
compiler/es6ImportNamedImportInIndirectExportAssignment:1:3	WRONG	any:alias-target
compiler/es6ModuleInternalNamedImports2:0:26	WRONG	any:other
compiler/es6ModuleInternalNamedImports2:0:27	WRONG	any:alias-target
compiler/es6ModuleInternalNamedImports:0:25	WRONG	any:other
compiler/es6ModuleInternalNamedImports:0:26	WRONG	any:alias-target
compiler/esModuleInteropImportCall:1:1	WRONG	signature-differs
compiler/esModuleInteropImportCall:1:2	WRONG	type-argument-differs
compiler/esModuleInteropImportCall:1:4	WRONG	signature-differs
compiler/esModuleInteropImportCall:1:5	WRONG	signature-differs
compiler/esModuleInteropImportCall:1:6	WRONG	module-object-default-shape
compiler/esModuleInteropImportCall:1:7	GAP	gap:property-access
compiler/esModuleInteropImportCall:1:8	WRONG	module-object-default-shape
compiler/esModuleInteropImportCall:1:9	WRONG	any:contextual-parameter
compiler/escapedIdentifiers:0:101	WRONG	string-escape-printing
compiler/escapedIdentifiers:0:104	WRONG	string-escape-printing
compiler/escapedIdentifiers:0:105	WRONG	string-escape-printing
compiler/escapedIdentifiers:0:111	WRONG	string-escape-printing
compiler/escapedIdentifiers:0:14	WRONG	string-escape-printing
compiler/escapedIdentifiers:0:28	WRONG	string-escape-printing
compiler/escapedIdentifiers:0:33	WRONG	string-escape-printing
compiler/escapedIdentifiers:0:38	WRONG	string-escape-printing
compiler/escapedIdentifiers:0:56	WRONG	string-escape-printing
compiler/escapedIdentifiers:0:57	WRONG	string-escape-printing
compiler/escapedIdentifiers:0:58	WRONG	string-escape-printing
compiler/escapedIdentifiers:0:61	WRONG	string-escape-printing
compiler/escapedIdentifiers:0:64	WRONG	string-escape-printing
compiler/escapedIdentifiers:0:65	WRONG	string-escape-printing
compiler/escapedIdentifiers:0:66	WRONG	string-escape-printing
compiler/escapedIdentifiers:0:69	WRONG	string-escape-printing
compiler/escapedIdentifiers:0:94	WRONG	string-escape-printing
compiler/escapedIdentifiers:0:95	WRONG	string-escape-printing
compiler/eventEmitterPatternWithRecordOfFunction:0:5	WRONG	alias-name-native-reassigned
compiler/excessPropertyCheckIntersectionWithRecursiveType:0:25	WRONG	mapped-type-unresolved
compiler/excessPropertyCheckIntersectionWithRecursiveType:0:59	WRONG	mapped-type-unresolved
compiler/excessPropertyCheckIntersectionWithRecursiveType:0:74	WRONG	alias-port-kept
compiler/excessPropertyCheckIntersectionWithRecursiveType:0:83	WRONG	type-argument-differs
compiler/excessPropertyCheckWithMultipleDiscriminants:0:101	WRONG	literal-mixed
compiler/excessPropertyCheckWithMultipleDiscriminants:0:102	WRONG	literal-widened
compiler/excessPropertyChecksWithNestedIntersections:0:101	WRONG	literal-mixed
compiler/excessPropertyChecksWithNestedIntersections:0:104	WRONG	literal-widened
compiler/excessPropertyChecksWithNestedIntersections:0:105	WRONG	literal-widened
compiler/excessPropertyChecksWithNestedIntersections:0:106	WRONG	literal-widened
compiler/excessPropertyChecksWithNestedIntersections:0:108	WRONG	literal-widened
compiler/excessPropertyChecksWithNestedIntersections:0:99	WRONG	literal-mixed
compiler/excessiveStackDepthFlatArray:0:17	WRONG	different-name
compiler/excessiveStackDepthFlatArray:0:20	WRONG	different-name
compiler/expandoFunctionContextualTypesJs:0:1	WRONG	js:literal-widened
compiler/expandoFunctionContextualTypesJs:0:12	WRONG	js:literal-widened
compiler/expandoFunctionContextualTypesJs:0:16	WRONG	js:literal-widened
compiler/expandoFunctionContextualTypesJs:0:17	WRONG	js:literal-widened
compiler/expandoFunctionContextualTypesJs:0:24	WRONG	js:literal-widened
compiler/expandoFunctionContextualTypesJs:0:28	WRONG	js:literal-widened
compiler/expandoFunctionContextualTypesJs:0:29	WRONG	js:literal-widened
compiler/expandoFunctionContextualTypesJs:0:3	WRONG	js:literal-widened
compiler/expandoFunctionContextualTypesJs:0:34	WRONG	js:literal-widened
compiler/expandoFunctionContextualTypesJs:0:38	WRONG	js:literal-widened
compiler/expandoFunctionContextualTypesJs:0:39	WRONG	js:literal-widened
compiler/expandoFunctionContextualTypesJs:0:4	WRONG	js:any:other
compiler/expandoFunctionContextualTypesJs:0:6	WRONG	js:any:other
compiler/expandoFunctionContextualTypesJs:0:7	WRONG	js:literal-widened
compiler/expandoFunctionContextualTypesJs:0:8	WRONG	js:literal-widened
compiler/expandoFunctionContextualTypesNoValue:0:3	WRONG	any:property-lookup-error
compiler/expandoFunctionContextualTypesNoValue:0:4	WRONG	any:alias-target
compiler/expandoFunctionContextualTypesNoValue:0:5	WRONG	any:property-lookup-error
compiler/expandoFunctionExpressionsWithDynamicNames2:0:19	WRONG	other
compiler/expandoFunctionExpressionsWithDynamicNames2:0:7	WRONG	other
compiler/expandoFunctionExpressionsWithDynamicNames:0:10	WRONG	other
compiler/expandoFunctionExpressionsWithDynamicNames:0:12	GAP	gap:property-access
compiler/expandoFunctionExpressionsWithDynamicNames:0:13	WRONG	other
compiler/expandoFunctionExpressionsWithDynamicNames:0:2	WRONG	other
compiler/expandoFunctionExpressionsWithDynamicNames:0:3	WRONG	other
compiler/expandoFunctionExpressionsWithDynamicNames:0:5	GAP	gap:property-access
compiler/expandoFunctionExpressionsWithDynamicNames:0:6	WRONG	other
compiler/expandoFunctionExpressionsWithDynamicNames:0:9	WRONG	other
compiler/expandoFunctionSymbolProperty:0:12	WRONG	other
compiler/expandoFunctionSymbolProperty:0:6	WRONG	other
compiler/expandoFunctionSymbolProperty:0:8	GAP	gap:property-access
compiler/expandoFunctionSymbolProperty:0:9	WRONG	other
compiler/expandoFunctionSymbolPropertyJs:1:2	WRONG	js:other
compiler/expandoFunctionSymbolPropertyJs:1:4	GAP	js:gap:property-access
compiler/expandoFunctionSymbolPropertyJs:1:5	WRONG	js:other
compiler/expandoFunctionSymbolPropertyJs:1:8	WRONG	js:other
compiler/exportAsNamespace_augment:1:12	WRONG	any:binary-operand
compiler/exportAsNamespace_augment:1:13	WRONG	any:binary-operand
compiler/exportAsNamespace_augment:1:14	WRONG	any:binary-operand
compiler/exportAsNamespace_augment:1:18	WRONG	any:property-lookup-error
compiler/exportAsNamespace_augment:1:2	WRONG	typeof-name-choice
compiler/exportAsNamespace_augment:1:20	WRONG	any:property-lookup-error
compiler/exportAsNamespace_augment:1:27	WRONG	any:binary-operand
compiler/exportAsNamespace_augment:1:28	WRONG	any:binary-operand
compiler/exportAsNamespace_augment:1:29	WRONG	any:binary-operand
compiler/exportAsNamespace_augment:1:33	WRONG	any:property-lookup-error
compiler/exportAsNamespace_augment:1:35	WRONG	any:property-lookup-error
compiler/exportAssignedNamespaceIsVisibleInDeclarationEmit:1:0	WRONG	any:alias-target
compiler/exportAssignedNamespaceIsVisibleInDeclarationEmit:1:1	GAP	gap:identifier
compiler/exportAssignedNamespaceIsVisibleInDeclarationEmit:1:2	GAP	gap:call
compiler/exportAssignedNamespaceIsVisibleInDeclarationEmit:1:3	GAP	gap:identifier
compiler/exportAssignmentImportMergeNoCrash:1:3	WRONG	typed-where-native-any
compiler/exportDefaultClassAndValue:0:3	WRONG	different-name
compiler/exportDefaultInterfaceClassAndValue:0:3	WRONG	different-name
compiler/exportDefaultProperty2:1:0	WRONG	any:alias-target
compiler/exportDefaultProperty2:1:2	GAP	gap:object-literal
compiler/exportDefaultProperty2:1:3	GAP	gap:identifier
compiler/exportDefaultProperty2:1:4	GAP	gap:identifier
compiler/exportDefaultQualifiedNameNoError:1:0	WRONG	any:alias-target
compiler/exportDefaultQualifiedNameNoError:1:2	GAP	gap:identifier
compiler/exportDefaultTypeClassAndValue:0:3	WRONG	different-name
compiler/exportDefaultWithJSDoc1:1:0	WRONG	any:alias-target
compiler/exportDefaultWithJSDoc1:1:1	GAP	gap:property-access
compiler/exportDefaultWithJSDoc1:1:2	GAP	gap:identifier
compiler/exportDefaultWithJSDoc2:1:0	WRONG	any:alias-target
compiler/exportDefaultWithJSDoc2:1:1	GAP	gap:property-access
compiler/exportDefaultWithJSDoc2:1:2	GAP	gap:identifier
compiler/exportEqualErrorType:0:0	WRONG	qualified-name-choice
compiler/exportEqualErrorType:0:3	WRONG	qualified-name-choice
compiler/exportEqualErrorType:0:4	WRONG	qualified-name-choice
compiler/exportEqualErrorType:0:8	WRONG	qualified-name-choice
compiler/exportEqualMemberMissing:0:0	WRONG	qualified-name-choice
compiler/exportEqualMemberMissing:0:3	WRONG	qualified-name-choice
compiler/exportEqualMemberMissing:0:4	WRONG	qualified-name-choice
compiler/exportEqualMemberMissing:0:8	WRONG	qualified-name-choice
compiler/exportEqualsOfModule:0:9	WRONG	any:alias-target
compiler/exportEqualsProperty2:0:0	WRONG	any:alias-target
compiler/exportEqualsProperty2:0:1	GAP	gap:identifier
compiler/exportEqualsProperty2:0:2	GAP	gap:object-literal
compiler/exportEqualsProperty2:0:3	GAP	gap:identifier
compiler/exportEqualsProperty2:0:4	GAP	gap:identifier
compiler/exportImportNonInstantiatedModule:0:4	WRONG	qualified-name-choice
compiler/expressionWithJSDocTypeArguments:0:5	WRONG	any:other
compiler/expressionWithJSDocTypeArguments:0:6	WRONG	any:other
compiler/expressionsForbiddenInParameterInitializers:0:0	WRONG	any:function-declaration-error
compiler/expressionsForbiddenInParameterInitializers:0:1	WRONG	any:binding-element
compiler/externalModuleExportingGenericClass:0:1	WRONG	typed-where-native-any
compiler/externalModuleReferenceDoubleUnderscore1:0:2	WRONG	any:alias-target
compiler/extractInferenceImprovement:0:35	WRONG	any:binary-operand
compiler/extractInferenceImprovement:0:37	WRONG	any:call-error
compiler/extractInferenceImprovement:0:41	WRONG	any:binary-operand
compiler/extractInferenceImprovement:0:43	WRONG	any:call-error
compiler/extractInferenceImprovement:0:9	WRONG	any:property-lookup-error
compiler/fallbackToBindingPatternForTypeInference:0:10	WRONG	unknown-where-native-typed
compiler/fallbackToBindingPatternForTypeInference:0:16	WRONG	unknown-where-native-typed
compiler/fallbackToBindingPatternForTypeInference:0:23	WRONG	unknown-where-native-typed
compiler/fallbackToBindingPatternForTypeInference:0:29	WRONG	unknown-where-native-typed
compiler/fallbackToBindingPatternForTypeInference:0:31	WRONG	any:binding-element
compiler/fallbackToBindingPatternForTypeInference:0:5	WRONG	unknown-where-native-typed
compiler/fatarrowfunctionsOptionalArgs:0:249	WRONG	signature-differs
compiler/fatarrowfunctionsOptionalArgs:0:251	WRONG	any:function-expression-error
compiler/fatarrowfunctionsOptionalArgs:0:254	WRONG	signature-differs
compiler/fatarrowfunctionsOptionalArgs:0:256	WRONG	any:function-expression-error
compiler/fatarrowfunctionsOptionalArgs:0:463	WRONG	signature-differs
compiler/fatarrowfunctionsOptionalArgs:0:465	WRONG	any:function-expression-error
compiler/fatarrowfunctionsOptionalArgs:0:467	WRONG	any:function-expression-error
compiler/fatarrowfunctionsOptionalArgsErrors4:0:75	WRONG	signature-differs
compiler/fatarrowfunctionsOptionalArgsErrors4:0:77	WRONG	any:function-expression-error
compiler/fatarrowfunctionsOptionalArgsErrors4:0:79	WRONG	any:function-expression-error
compiler/fileWithNextLine1:0:1	WRONG	string-escape-printing
compiler/fixCrashAliasLookupForDefauledImport:1:2	WRONG	alias-name-native-reassigned
compiler/flatArrayNoExcessiveStackDepth:0:28	WRONG	any:binding-element
compiler/flatArrayNoExcessiveStackDepth:0:3	WRONG	optional-param-undefined-not-printed
compiler/flatArrayNoExcessiveStackDepth:0:5	WRONG	optional-param-undefined-not-printed
compiler/forOfTransformsExpression:0:13	WRONG	undefined-optionality
compiler/forOfTransformsExpression:0:15	WRONG	undefined-optionality
compiler/formatToPartsFractionalSecond:0:1	WRONG	qualified-name-choice
compiler/formatToPartsFractionalSecond:0:13	WRONG	qualified-name-choice
compiler/formatToPartsFractionalSecond:0:15	WRONG	qualified-name-choice
compiler/formatToPartsFractionalSecond:0:9	WRONG	qualified-name-choice
compiler/functionAndInterfaceWithSeparateErrors:0:0	WRONG	any:function-declaration-error
compiler/functionAndInterfaceWithSeparateErrors:0:2	WRONG	any:function-declaration-error
compiler/functionLikeInParameterInitializer(target=es2015):0:0	WRONG	signature-differs
compiler/functionLikeInParameterInitializer(target=es2015):0:1	WRONG	signature-differs
compiler/functionLikeInParameterInitializer(target=es2015):0:10	WRONG	typed-where-native-any
compiler/functionLikeInParameterInitializer(target=es2015):0:13	WRONG	signature-differs
compiler/functionLikeInParameterInitializer(target=es2015):0:14	WRONG	signature-differs
compiler/functionLikeInParameterInitializer(target=es2015):0:15	WRONG	signature-differs
compiler/functionLikeInParameterInitializer(target=es2015):0:16	WRONG	typed-where-native-any
compiler/functionLikeInParameterInitializer(target=es2015):0:2	WRONG	signature-differs
compiler/functionLikeInParameterInitializer(target=es2015):0:22	WRONG	typed-where-native-any
compiler/functionLikeInParameterInitializer(target=es2015):0:23	WRONG	typed-where-native-any
compiler/functionLikeInParameterInitializer(target=es2015):0:3	WRONG	typed-where-native-any
compiler/functionLikeInParameterInitializer(target=es2015):0:6	WRONG	signature-differs
compiler/functionLikeInParameterInitializer(target=es2015):0:7	WRONG	object-members-differ
compiler/functionLikeInParameterInitializer(target=es2015):0:8	WRONG	object-members-differ
compiler/functionLikeInParameterInitializer(target=es2015):0:9	WRONG	signature-differs
compiler/functionTypesLackingReturnTypes:0:0	WRONG	signature-differs
compiler/functionTypesLackingReturnTypes:0:1	WRONG	any:type-reference-error
compiler/functionVariableInReturnTypeAnnotation:0:0	WRONG	signature-differs
compiler/functionVariableInReturnTypeAnnotation:0:1	WRONG	typed-where-native-any
compiler/functionsMissingReturnStatementsAndExpressions(target=es2015):0:33	WRONG	signature-differs
compiler/functionsMissingReturnStatementsAndExpressions(target=es2015):0:35	WRONG	signature-differs
compiler/functionsMissingReturnStatementsAndExpressions(target=es2015):0:37	WRONG	signature-differs
compiler/functionsMissingReturnStatementsAndExpressions(target=es2015):0:39	WRONG	signature-differs
compiler/functionsMissingReturnStatementsAndExpressionsStrictNullChecks:0:16	WRONG	signature-differs
compiler/functionsMissingReturnStatementsAndExpressionsStrictNullChecks:0:21	WRONG	signature-differs
compiler/functionsMissingReturnStatementsAndExpressionsStrictNullChecks:0:34	WRONG	signature-differs
compiler/functionsMissingReturnStatementsAndExpressionsStrictNullChecks:0:38	WRONG	signature-differs
compiler/functionsMissingReturnStatementsAndExpressionsStrictNullChecks:0:4	WRONG	signature-differs
compiler/functionsMissingReturnStatementsAndExpressionsStrictNullChecks:0:6	WRONG	signature-differs
compiler/genericArgumentCallSigAssignmentCompat:0:15	WRONG	literal-widened
compiler/genericArgumentCallSigAssignmentCompat:0:26	WRONG	literal-widened
compiler/genericArrayWithoutTypeAnnotation:0:2	WRONG	any:type-reference-error
compiler/genericCallAtYieldExpressionInGenericCall1:0:35	WRONG	any:function-expression-error
compiler/genericCallInferenceInConditionalTypes1:0:13	WRONG	signature-differs
compiler/genericCallInferenceInConditionalTypes1:0:14	WRONG	signature-differs
compiler/genericCallInferenceInConditionalTypes1:0:17	WRONG	different-name
compiler/genericCallInferenceInConditionalTypes1:0:21	GAP	gap:identifier
compiler/genericCallInferenceInConditionalTypes1:0:22	WRONG	signature-differs
compiler/genericCallInferenceInConditionalTypes1:0:23	GAP	gap:identifier
compiler/genericCallInferenceInConditionalTypes1:0:24	WRONG	signature-differs
compiler/genericCallInferenceInConditionalTypes1:0:25	WRONG	signature-differs
compiler/genericCallInferenceInConditionalTypes1:0:31	GAP	gap:identifier
compiler/genericCallInferenceInConditionalTypes1:0:33	GAP	gap:identifier
compiler/genericCallOnMemberReturningClosedOverObject:0:12	GAP	gap:call
compiler/genericCallOnMemberReturningClosedOverObject:0:13	GAP	gap:call
compiler/genericCallOnMemberReturningClosedOverObject:0:14	WRONG	any:call-error
compiler/genericCallOnMemberReturningClosedOverObject:0:15	GAP	gap:call
compiler/genericCallOnMemberReturningClosedOverObject:0:16	WRONG	any:call-error
compiler/genericCallOnMemberReturningClosedOverObject:0:18	WRONG	any:property-lookup-error
compiler/genericCallOnMemberReturningClosedOverObject:0:20	WRONG	any:property-lookup-error
compiler/genericCallWithinOwnBodyCastTypeParameterIdentity:0:33	WRONG	signature-differs
compiler/genericCallWithinOwnBodyCastTypeParameterIdentity:0:34	WRONG	signature-type-params-dropped
compiler/genericCallWithoutArgs:0:4	WRONG	any:type-reference-error
compiler/genericClassesRedeclaration:0:158	WRONG	qualified-name-choice
compiler/genericCloduleInModule2:0:10	WRONG	typed-where-native-any
compiler/genericCloduleInModule2:0:11	WRONG	typed-where-native-any
compiler/genericCloduleInModule2:0:12	WRONG	typed-where-native-any
compiler/genericCloduleInModule2:0:13	WRONG	typed-where-native-any
compiler/genericCloduleInModule2:0:8	WRONG	typed-where-native-any
compiler/genericCombinators2:0:27	WRONG	any:variable-initialiser-error
compiler/genericCombinators2:0:28	WRONG	any:call-error
compiler/genericCombinators2:0:33	WRONG	any:function-expression-error
compiler/genericCombinators2:0:34	WRONG	any:contextual-parameter
compiler/genericCombinators2:0:35	WRONG	any:contextual-parameter
compiler/genericCombinators2:0:36	WRONG	any:call-error
compiler/genericCombinators2:0:37	WRONG	any:contextual-parameter
compiler/genericCombinators2:0:38	WRONG	any:contextual-parameter
compiler/genericCombinators2:0:39	WRONG	any:contextual-parameter
compiler/genericCombinators2:0:40	WRONG	any:variable-initialiser-error
compiler/genericCombinators2:0:41	WRONG	any:call-error
compiler/genericConstructorFunction1:0:9	WRONG	typed-where-native-any
compiler/genericDefaults:0:1050	WRONG	qualified-name-choice
compiler/genericDefaults:0:1133	WRONG	any:any-initialiser-propagated
compiler/genericDefaults:0:1134	WRONG	any:other
compiler/genericDefaults:0:1136	WRONG	any:other
compiler/genericDefaults:0:1137	WRONG	never-where-native-typed
compiler/genericDefaults:0:579	WRONG	any:call-error
compiler/genericDefaults:0:581	WRONG	any:call-error
compiler/genericDefaults:0:584	WRONG	any:call-error
compiler/genericDefaults:0:588	WRONG	any:call-error
compiler/genericDefaults:0:669	WRONG	any:call-error
compiler/genericDefaults:0:671	WRONG	any:call-error
compiler/genericDefaults:0:674	WRONG	any:call-error
compiler/genericDefaults:0:678	WRONG	any:call-error
compiler/genericDefaults:0:776	WRONG	any:call-error
compiler/genericDefaults:0:778	WRONG	any:call-error
compiler/genericDefaults:0:781	WRONG	any:call-error
compiler/genericDefaults:0:785	WRONG	any:call-error
compiler/genericDefaults:0:790	WRONG	any:call-error
compiler/genericDefaults:0:888	WRONG	any:call-error
compiler/genericDefaults:0:890	WRONG	any:call-error
compiler/genericDefaults:0:893	WRONG	any:call-error
compiler/genericDefaults:0:897	WRONG	any:call-error
compiler/genericFunctionHasFreshTypeArgs:0:5	GAP	gap:function-expression
compiler/genericFunctionHasFreshTypeArgs:0:9	GAP	gap:function-expression
compiler/genericFunctionInference1:0:100	WRONG	any:contextual-parameter
compiler/genericFunctionInference1:0:101	WRONG	object-members-differ
compiler/genericFunctionInference1:0:103	WRONG	any:contextual-parameter
compiler/genericFunctionInference1:0:144	WRONG	unknown-where-native-typed
compiler/genericFunctionInference1:0:184	WRONG	signature-differs
compiler/genericFunctionInference1:0:190	WRONG	unknown-where-native-typed
compiler/genericFunctionInference1:0:197	WRONG	signature-differs
compiler/genericFunctionInference1:0:203	WRONG	partial-any
compiler/genericFunctionInference1:0:210	WRONG	partial-any
compiler/genericFunctionInference1:0:212	WRONG	partial-any
compiler/genericFunctionInference1:0:213	WRONG	any:contextual-parameter
compiler/genericFunctionInference1:0:214	WRONG	partial-any
compiler/genericFunctionInference1:0:216	WRONG	any:contextual-parameter
compiler/genericFunctionInference1:0:307	WRONG	signature-type-params-dropped
compiler/genericFunctionInference1:0:308	WRONG	signature-type-params-dropped
compiler/genericFunctionInference1:0:313	WRONG	signature-type-params-dropped
compiler/genericFunctionInference1:0:314	WRONG	signature-type-params-dropped
compiler/genericFunctionInference1:0:40	WRONG	signature-differs
compiler/genericFunctionInference1:0:41	WRONG	signature-differs
compiler/genericFunctionInference1:0:593	WRONG	union-members-differ
compiler/genericFunctionInference1:0:594	WRONG	union-members-differ
compiler/genericFunctionInference1:0:606	WRONG	signature-differs
compiler/genericFunctionInference1:0:607	WRONG	signature-differs
compiler/genericFunctionInference1:0:75	WRONG	signature-differs
compiler/genericFunctionInference1:0:78	WRONG	signature-differs
compiler/genericFunctionInference1:0:79	WRONG	signature-differs
compiler/genericFunctionInference1:0:86	WRONG	signature-differs
compiler/genericFunctionInference1:0:89	WRONG	signature-differs
compiler/genericFunctionInference1:0:90	WRONG	signature-differs
compiler/genericFunctionInference1:0:97	WRONG	signature-differs
compiler/genericFunctionInference1:0:99	WRONG	signature-differs
compiler/genericFunctionInference2:0:33	GAP	gap:identifier
compiler/genericFunctionInference2:0:34	GAP	gap:call
compiler/genericFunctionInference2:0:36	WRONG	signature-differs
compiler/genericFunctionInference2:0:38	GAP	gap:function-expression
compiler/genericFunctionInference2:0:39	GAP	gap:object-literal
compiler/genericFunctionInference2:0:40	GAP	gap:identifier
compiler/genericFunctionInference2:0:41	GAP	gap:function-expression
compiler/genericFunctionInference2:0:42	WRONG	any:contextual-parameter
compiler/genericFunctionInference2:0:45	GAP	gap:identifier
compiler/genericFunctionInference2:0:46	GAP	gap:function-expression
compiler/genericFunctionInference2:0:47	WRONG	any:contextual-parameter
compiler/genericFunctionInference2:0:50	GAP	gap:call
compiler/genericFunctionInference2:0:51	GAP	gap:property-access
compiler/genericFunctionInference2:0:52	WRONG	any:variable-initialiser-error
compiler/genericFunctionInference2:0:53	WRONG	any:property-lookup-error
compiler/genericFunctionsAndConditionalInference:0:44	WRONG	partial-any
compiler/genericFunctionsAndConditionalInference:0:45	WRONG	partial-any
compiler/genericFunctionsAndConditionalInference:0:60	WRONG	partial-any
compiler/genericFunctionsAndConditionalInference:0:61	WRONG	partial-any
compiler/genericFunctionsAndConditionalInference:0:68	WRONG	partial-any
compiler/genericFunctionsAndConditionalInference:0:72	WRONG	partial-any
compiler/genericFunctionsAndConditionalInference:0:76	WRONG	partial-any
compiler/genericFunctionsAndConditionalInference:0:80	WRONG	partial-any
compiler/genericFunctionsAndConditionalInference:0:84	WRONG	partial-any
compiler/genericFunctionsNotContextSensitive:0:11	GAP	gap:function-expression
compiler/genericFunctionsNotContextSensitive:0:12	WRONG	any:contextual-parameter
compiler/genericFunctionsNotContextSensitive:0:6	WRONG	partial-any
compiler/genericFunctionsNotContextSensitive:0:7	WRONG	partial-any
compiler/genericFunctionsNotContextSensitive:0:9	WRONG	partial-any
compiler/genericIndexedAccessMethodIntersectionCanBeAccessed:0:24	GAP	gap:identifier
compiler/genericIndexedAccessMethodIntersectionCanBeAccessed:0:25	GAP	gap:identifier
compiler/genericIndexedAccessMethodIntersectionCanBeAccessed:0:26	GAP	gap:identifier
compiler/genericIndexedAccessVarianceComparisonResultCorrect:0:12	WRONG	alias-name-native-reassigned
compiler/genericIndexedAccessVarianceComparisonResultCorrect:0:13	WRONG	alias-name-native-reassigned
compiler/genericIndexedAccessVarianceComparisonResultCorrect:0:14	WRONG	literal-mixed
compiler/genericIndexedAccessVarianceComparisonResultCorrect:0:17	WRONG	literal-mixed
compiler/genericIndexedAccessVarianceComparisonResultCorrect:0:25	WRONG	alias-name-native-reassigned
compiler/genericIndexedAccessVarianceComparisonResultCorrect:0:26	WRONG	alias-name-native-reassigned
compiler/genericIndexedAccessVarianceComparisonResultCorrect:0:30	WRONG	alias-name-native-reassigned
compiler/genericIndexedAccessVarianceComparisonResultCorrect:0:31	WRONG	alias-name-native-reassigned
compiler/genericIndexedAccessVarianceComparisonResultCorrect:0:32	WRONG	alias-name-native-reassigned
compiler/genericInterfacesWithoutTypeArguments:0:2	WRONG	any:type-reference-error
compiler/genericIsNeverEmptyObject:0:0	WRONG	partial-any
compiler/genericIsNeverEmptyObject:0:19	WRONG	any:call-error
compiler/genericIsNeverEmptyObject:0:20	WRONG	partial-any
compiler/genericIsNeverEmptyObject:0:6	GAP	gap:object-literal
compiler/genericMemberFunction:0:30	WRONG	type-param-rename
compiler/genericObjectSpreadResultInSwitch:0:11	WRONG	different-name
compiler/genericRestTypes:0:13	WRONG	alias-name-native-reassigned
compiler/genericRestTypes:0:18	WRONG	any:function-expression-error
compiler/genericRestTypes:0:30	WRONG	any:function-expression-error
compiler/genericRestTypes:0:40	WRONG	any:function-expression-error
compiler/genericTypeArgumentInference1:0:16	WRONG	literal-widened
compiler/genericTypeArgumentInference1:0:28	WRONG	literal-widened
compiler/genericTypeAssertions3:0:3	GAP	gap:function-expression
compiler/genericTypeAssertions3:0:4	GAP	gap:function-expression
compiler/genericTypeReferencesRequireTypeArgs:0:5	WRONG	any:type-reference-error
compiler/genericTypeReferencesRequireTypeArgs:0:6	WRONG	any:type-reference-error
compiler/genericUnboundedTypeParamAssignability:0:14	WRONG	any:call-error
compiler/genericUnboundedTypeParamAssignability:0:15	WRONG	any:other
compiler/genericUnboundedTypeParamAssignability:0:17	WRONG	any:other
compiler/genericsWithDuplicateTypeParameters1:0:0	WRONG	duplicate-type-parameters
compiler/genericsWithDuplicateTypeParameters1:0:1	WRONG	duplicate-type-parameters
compiler/genericsWithDuplicateTypeParameters1:0:10	WRONG	duplicate-type-parameters
compiler/genericsWithDuplicateTypeParameters1:0:13	WRONG	duplicate-type-parameters
compiler/genericsWithDuplicateTypeParameters1:0:14	WRONG	duplicate-type-parameters
compiler/genericsWithDuplicateTypeParameters1:0:15	WRONG	duplicate-type-parameters
compiler/genericsWithDuplicateTypeParameters1:0:16	WRONG	duplicate-type-parameters
compiler/genericsWithDuplicateTypeParameters1:0:17	WRONG	duplicate-type-parameters
compiler/genericsWithDuplicateTypeParameters1:0:18	WRONG	duplicate-type-parameters
compiler/genericsWithDuplicateTypeParameters1:0:19	WRONG	duplicate-type-parameters
compiler/genericsWithDuplicateTypeParameters1:0:20	WRONG	duplicate-type-parameters
compiler/genericsWithDuplicateTypeParameters1:0:5	WRONG	duplicate-type-parameters
compiler/genericsWithDuplicateTypeParameters1:0:6	WRONG	duplicate-type-parameters
compiler/genericsWithDuplicateTypeParameters1:0:9	WRONG	duplicate-type-parameters
compiler/genericsWithoutTypeParameters1:0:11	WRONG	any:type-reference-error
compiler/genericsWithoutTypeParameters1:0:12	WRONG	any:type-reference-error
compiler/genericsWithoutTypeParameters1:0:5	WRONG	any:type-reference-error
compiler/genericsWithoutTypeParameters1:0:6	WRONG	any:type-reference-error
compiler/globalThisDeclarationEmit3:0:0	WRONG	any:alias-target
compiler/globalThisDeclarationEmit3:0:1	WRONG	any:alias-target
compiler/globalThisDeclarationEmit3:0:2	WRONG	any:alias-target
compiler/globalThisDeclarationEmit3:1:0	WRONG	any:alias-target
compiler/globalThisDeclarationEmit3:1:1	GAP	gap:identifier
compiler/globalThisDeclarationEmit3:1:2	WRONG	any:alias-target
compiler/globalThisDeclarationEmit3:1:3	WRONG	any:alias-target
compiler/homomorphicMappedTypeWithNonHomomorphicInstantiationSpreadable1:0:22	WRONG	literal-widened
compiler/homomorphicMappedTypeWithNonHomomorphicInstantiationSpreadable1:0:23	WRONG	literal-widened
compiler/homomorphicMappedTypeWithNonHomomorphicInstantiationSpreadable1:0:26	WRONG	literal-widened
compiler/homomorphicMappedTypeWithNonHomomorphicInstantiationSpreadable1:0:27	WRONG	literal-widened
compiler/homomorphicMappedTypeWithNonHomomorphicInstantiationSpreadable1:0:31	WRONG	literal-widened
compiler/homomorphicMappedTypeWithNonHomomorphicInstantiationSpreadable1:0:32	WRONG	literal-widened
compiler/homomorphicMappedTypeWithNonHomomorphicInstantiationSpreadable1:0:9	WRONG	literal-widened
compiler/hugeDeclarationOutputGetsTruncatedWithError:0:2	WRONG	mapped-type-unresolved
compiler/hugeDeclarationOutputGetsTruncatedWithError:0:3	WRONG	mapped-type-unresolved
compiler/hugeDeclarationOutputGetsTruncatedWithError:0:4	WRONG	mapped-type-unresolved
compiler/hugeDeclarationOutputGetsTruncatedWithError:0:5	WRONG	mapped-type-unresolved
compiler/identityRelationNeverTypes:0:24	GAP	gap:identifier
compiler/identityRelationNeverTypes:0:26	GAP	gap:identifier
compiler/implicitAnyGenericTypeInference:0:4	GAP	gap:other-expression
compiler/implicitAnyGenericTypeInference:0:6	GAP	gap:object-literal
compiler/implicitAnyGenericTypeInference:0:7	GAP	gap:identifier
compiler/implicitAnyGenericTypeInference:0:8	GAP	gap:function-expression
compiler/implicitIndexSignatures:0:153	WRONG	any:variable-initialiser-error
compiler/implicitIndexSignatures:0:154	WRONG	any:call-error
compiler/importAliasAnExternalModuleInsideAnInternalModule:0:2	WRONG	any:alias-target
compiler/importAliasAnExternalModuleInsideAnInternalModule:0:3	WRONG	typeof-name-choice
compiler/importAliasAnExternalModuleInsideAnInternalModule:0:4	GAP	gap:call
compiler/importAliasAnExternalModuleInsideAnInternalModule:0:5	GAP	gap:property-access
compiler/importAliasAnExternalModuleInsideAnInternalModule:0:6	WRONG	any:property-lookup-error
compiler/importAliasAnExternalModuleInsideAnInternalModule:0:7	WRONG	any:other
compiler/importAliasAnExternalModuleInsideAnInternalModule:0:8	WRONG	any:property-lookup-error
compiler/importAliasAnExternalModuleInsideAnInternalModule:0:9	WRONG	any:property-lookup-error
compiler/importDeclFromTypeNodeInJsSource:1:1	WRONG	other
compiler/importDeclFromTypeNodeInJsSource:2:0	WRONG	js:any:alias-target
compiler/importDeclFromTypeNodeInJsSource:2:1	WRONG	js:any:alias-target
compiler/importDeclFromTypeNodeInJsSource:2:11	GAP	js:gap:identifier
compiler/importDeclFromTypeNodeInJsSource:2:13	GAP	js:gap:identifier
compiler/importDeclFromTypeNodeInJsSource:2:2	WRONG	js:any:alias-target
compiler/importDeclFromTypeNodeInJsSource:2:3	WRONG	js:any:alias-target
compiler/importDeclFromTypeNodeInJsSource:2:5	GAP	js:gap:identifier
compiler/importDeclFromTypeNodeInJsSource:2:7	GAP	js:gap:property-access
compiler/importDeclFromTypeNodeInJsSource:2:8	WRONG	js:any:alias-target
compiler/importDeclFromTypeNodeInJsSource:2:9	WRONG	js:any:property-lookup-error
compiler/importDeclWithClassModifiers:0:9	WRONG	any:type-reference-error
compiler/importDeclWithDeclareModifier:0:3	WRONG	any:type-reference-error
compiler/importExportInternalComments:1:0	WRONG	array-sugar
compiler/importHelpers(target=es2015):0:12	GAP	gap:identifier
compiler/importHelpers(target=es2015):0:13	GAP	gap:other-expression
compiler/importHelpers(target=es2015):1:12	GAP	gap:identifier
compiler/importHelpers(target=es2015):1:13	GAP	gap:other-expression
compiler/importHelpersES6:0:12	WRONG	signature-differs
compiler/importShouldNotBeElidedInDeclarationEmit:1:0	WRONG	import-qualifier-missing
compiler/importShouldNotBeElidedInDeclarationEmit:1:1	WRONG	import-qualifier-missing
compiler/importShouldNotBeElidedInDeclarationEmit:1:2	WRONG	import-qualifier-missing
compiler/importShouldNotBeElidedInDeclarationEmit:1:3	WRONG	import-qualifier-missing
compiler/importTypeGenericArrowTypeParenthesized:1:24	WRONG	signature-type-params-dropped
compiler/importTypeResolutionJSDocEOF:1:0	WRONG	js:import-qualifier-missing
compiler/importTypeTypeofClassStaticLookup:1:0	GAP	gap:identifier
compiler/importUsedInGenericImportResolves:2:0	GAP	gap:identifier
compiler/importedAliasedConditionalTypeInstantiation:2:2	GAP	gap:identifier
compiler/importedAliasedConditionalTypeInstantiation:2:5	GAP	gap:identifier
compiler/importedEnumMemberMergedWithExportedAliasIsError:1:1	WRONG	any:alias-target
compiler/inKeywordAndIntersection:0:27	GAP	gap:call
compiler/inKeywordAndIntersection:0:28	GAP	gap:property-access
compiler/inKeywordAndIntersection:0:29	WRONG	alias-native-kept
compiler/inKeywordAndIntersection:0:30	WRONG	any:property-lookup-error
compiler/inKeywordAndUnknown:0:42	WRONG	typed-where-native-unknown
compiler/inKeywordAndUnknown:0:53	WRONG	typed-where-native-unknown
compiler/inKeywordAndUnknown:0:62	WRONG	typed-where-native-unknown
compiler/inKeywordAndUnknown:0:71	WRONG	typed-where-native-unknown
compiler/inKeywordAndUnknown:0:80	WRONG	typed-where-native-unknown
compiler/inKeywordAndUnknown:0:89	WRONG	typed-where-native-unknown
compiler/inKeywordNarrowingWithNoUncheckedIndexedAccess:0:23	WRONG	undefined-optionality
compiler/inKeywordNarrowingWithNoUncheckedIndexedAccess:0:25	WRONG	undefined-optionality
compiler/inKeywordNarrowingWithNoUncheckedIndexedAccess:0:32	WRONG	different-name
compiler/inKeywordNarrowingWithNoUncheckedIndexedAccess:0:34	WRONG	different-name
compiler/inKeywordNarrowingWithNoUncheckedIndexedAccess:0:37	WRONG	undefined-optionality
compiler/inKeywordNarrowingWithNoUncheckedIndexedAccess:0:39	WRONG	undefined-optionality
compiler/inKeywordNarrowingWithNoUncheckedIndexedAccess:0:40	GAP	gap:call
compiler/inKeywordNarrowingWithNoUncheckedIndexedAccess:0:41	WRONG	alias-port-kept
compiler/inKeywordNarrowingWithNoUncheckedIndexedAccess:0:43	WRONG	alias-port-kept
compiler/inKeywordNarrowingWithNoUncheckedIndexedAccess:0:48	WRONG	different-name
compiler/inKeywordNarrowingWithNoUncheckedIndexedAccess:0:50	WRONG	different-name
compiler/inKeywordTypeguard(strict=false):0:237	WRONG	signature-differs
compiler/inKeywordTypeguard(strict=false):0:239	WRONG	signature-differs
compiler/inKeywordTypeguard(strict=false):0:240	WRONG	signature-differs
compiler/inKeywordTypeguard(strict=false):0:242	WRONG	signature-differs
compiler/inKeywordTypeguard(strict=false):0:472	WRONG	other
compiler/inKeywordTypeguard(strict=false):0:475	WRONG	other
compiler/inKeywordTypeguard(strict=false):0:478	WRONG	other
compiler/inKeywordTypeguard(strict=false):0:481	WRONG	other
compiler/inKeywordTypeguard(strict=false):0:483	WRONG	any:configured:property-access
compiler/inKeywordTypeguard(strict=false):0:484	WRONG	other
compiler/inKeywordTypeguard(strict=false):0:500	WRONG	other
compiler/inKeywordTypeguard(strict=false):0:503	WRONG	other
compiler/inKeywordTypeguard(strict=false):0:506	WRONG	other
compiler/inKeywordTypeguard(strict=false):0:509	WRONG	other
compiler/inKeywordTypeguard(strict=false):0:511	WRONG	any:configured:property-access
compiler/inKeywordTypeguard(strict=false):0:512	WRONG	other
compiler/inKeywordTypeguard(strict=false):0:547	WRONG	undefined-optionality
compiler/inKeywordTypeguard(strict=false):0:551	WRONG	undefined-optionality
compiler/inKeywordTypeguard(strict=false):0:552	WRONG	undefined-optionality
compiler/inKeywordTypeguard(strict=false):0:555	WRONG	undefined-optionality
compiler/inKeywordTypeguard(strict=false):0:559	WRONG	undefined-optionality
compiler/inKeywordTypeguard(strict=false):0:560	WRONG	undefined-optionality
compiler/inKeywordTypeguard(strict=false):0:561	WRONG	undefined-optionality
compiler/inKeywordTypeguard(strict=false):0:595	WRONG	type-param-constraint
compiler/inKeywordTypeguard(strict=false):0:621	WRONG	unknown-where-native-typed
compiler/inKeywordTypeguard(strict=false):0:637	WRONG	unknown-where-native-typed
compiler/inKeywordTypeguard(strict=true):0:237	WRONG	union-members-differ
compiler/inKeywordTypeguard(strict=true):0:239	WRONG	union-members-differ
compiler/inKeywordTypeguard(strict=true):0:240	WRONG	union-members-differ
compiler/inKeywordTypeguard(strict=true):0:242	WRONG	union-members-differ
compiler/inKeywordTypeguard(strict=true):0:472	WRONG	other
compiler/inKeywordTypeguard(strict=true):0:475	WRONG	other
compiler/inKeywordTypeguard(strict=true):0:478	WRONG	other
compiler/inKeywordTypeguard(strict=true):0:481	WRONG	other
compiler/inKeywordTypeguard(strict=true):0:483	WRONG	any:configured:property-access
compiler/inKeywordTypeguard(strict=true):0:484	WRONG	other
compiler/inKeywordTypeguard(strict=true):0:500	WRONG	other
compiler/inKeywordTypeguard(strict=true):0:503	WRONG	other
compiler/inKeywordTypeguard(strict=true):0:506	WRONG	other
compiler/inKeywordTypeguard(strict=true):0:509	WRONG	other
compiler/inKeywordTypeguard(strict=true):0:511	WRONG	any:configured:property-access
compiler/inKeywordTypeguard(strict=true):0:512	WRONG	other
compiler/inKeywordTypeguard(strict=true):0:621	WRONG	unknown-where-native-typed
compiler/inKeywordTypeguard(strict=true):0:637	WRONG	unknown-where-native-typed
compiler/incorrectRecursiveMappedTypeConstraint:0:0	WRONG	mapped-type-unresolved
compiler/indexSignatureOfTypeUnknownStillRequiresIndexSignature:0:20	WRONG	any:call-error
compiler/indexedAccessAndNullableNarrowing:0:28	WRONG	partial-any
compiler/indexedAccessAndNullableNarrowing:0:29	WRONG	partial-any
compiler/indexedAccessAndNullableNarrowing:0:45	WRONG	alias-port-kept
compiler/indexedAccessKeyofNestedSimplifiedSubstituteUnwrapped:0:5	WRONG	different-name
compiler/indexedAccessRetainsIndexSignature:0:5	WRONG	alias-name-native-reassigned
compiler/indexedAccessRetainsIndexSignature:0:8	WRONG	alias-name-native-reassigned
compiler/indexingTypesWithNever:0:102	WRONG	alias-name-native-reassigned
compiler/indexingTypesWithNever:0:103	WRONG	alias-name-native-reassigned
compiler/indexingTypesWithNever:0:104	WRONG	alias-name-native-reassigned
compiler/indexingTypesWithNever:0:105	WRONG	alias-name-native-reassigned
compiler/indexingTypesWithNever:0:114	WRONG	alias-port-kept
compiler/indexingTypesWithNever:0:119	WRONG	alias-name-native-reassigned
compiler/indexingTypesWithNever:0:65	WRONG	alias-name-native-reassigned
compiler/indexingTypesWithNever:0:73	WRONG	alias-name-native-reassigned
compiler/indexingTypesWithNever:0:74	WRONG	alias-name-native-reassigned
compiler/indexingTypesWithNever:0:75	WRONG	alias-name-native-reassigned
compiler/indexingTypesWithNever:0:76	WRONG	alias-name-native-reassigned
compiler/indexingTypesWithNever:0:94	WRONG	alias-name-native-reassigned
compiler/inferConditionalConstraintMappedMember:0:1	GAP	gap:identifier
compiler/inferFromGenericFunctionReturnTypes1:0:27	WRONG	any:function-expression-error
compiler/inferFromGenericFunctionReturnTypes1:0:74	WRONG	any:function-expression-error
compiler/inferFromGenericFunctionReturnTypes1:0:97	WRONG	any:function-expression-error
compiler/inferFromGenericFunctionReturnTypes2:0:129	WRONG	partial-any
compiler/inferFromGenericFunctionReturnTypes2:0:130	WRONG	partial-any
compiler/inferFromGenericFunctionReturnTypes2:0:136	WRONG	partial-any
compiler/inferFromGenericFunctionReturnTypes2:0:139	WRONG	partial-any
compiler/inferFromGenericFunctionReturnTypes2:0:141	WRONG	partial-any
compiler/inferFromGenericFunctionReturnTypes2:0:142	WRONG	unknown-where-native-typed
compiler/inferFromGenericFunctionReturnTypes2:0:143	WRONG	any:property-lookup-error
compiler/inferFromGenericFunctionReturnTypes2:0:144	WRONG	unknown-where-native-typed
compiler/inferFromGenericFunctionReturnTypes2:0:145	WRONG	any:property-lookup-error
compiler/inferFromGenericFunctionReturnTypes2:0:190	WRONG	any:function-expression-error
compiler/inferFromGenericFunctionReturnTypes2:0:237	WRONG	any:function-expression-error
compiler/inferFromGenericFunctionReturnTypes2:0:260	WRONG	any:function-expression-error
compiler/inferFromGenericFunctionReturnTypes2:0:346	WRONG	unknown-where-native-typed
compiler/inferFromGenericFunctionReturnTypes2:0:348	WRONG	unknown-where-native-typed
compiler/inferFromGenericFunctionReturnTypes2:0:349	WRONG	unknown-where-native-typed
compiler/inferFromGenericFunctionReturnTypes2:0:351	WRONG	unknown-where-native-typed
compiler/inferFromGenericFunctionReturnTypes3:0:112	WRONG	signature-differs
compiler/inferFromGenericFunctionReturnTypes3:0:114	WRONG	type-argument-differs
compiler/inferFromGenericFunctionReturnTypes3:0:116	WRONG	other
compiler/inferFromGenericFunctionReturnTypes3:0:124	WRONG	signature-differs
compiler/inferFromGenericFunctionReturnTypes3:0:126	WRONG	tuple-vs-array
compiler/inferFromGenericFunctionReturnTypes3:0:201	WRONG	signature-differs
compiler/inferFromGenericFunctionReturnTypes3:0:202	WRONG	type-argument-differs
compiler/inferFromGenericFunctionReturnTypes3:0:206	WRONG	signature-differs
compiler/inferFromGenericFunctionReturnTypes3:0:207	WRONG	literal-widened
compiler/inferFromGenericFunctionReturnTypes3:0:212	WRONG	literal-widened
compiler/inferFromGenericFunctionReturnTypes3:0:214	WRONG	literal-widened
compiler/inferFromGenericFunctionReturnTypes3:0:219	WRONG	literal-widened
compiler/inferTupleFromBindingPattern:0:8	WRONG	literal-widened
compiler/inferTypePredicates:0:114	WRONG	signature-differs
compiler/inferTypePredicates:0:564	WRONG	signature-differs
compiler/inferTypePredicates:0:577	WRONG	signature-differs
compiler/inferTypePredicates:0:580	WRONG	alias-native-kept
compiler/inferTypePredicates:0:650	WRONG	signature-differs
compiler/inferTypePredicates:0:675	WRONG	signature-differs
compiler/inferenceAndSelfReferentialConstraint:0:12	WRONG	literal-widened
compiler/inferenceAndSelfReferentialConstraint:0:13	WRONG	literal-widened
compiler/inferenceAndSelfReferentialConstraint:0:20	WRONG	literal-widened
compiler/inferenceAndSelfReferentialConstraint:0:21	WRONG	literal-widened
compiler/inferenceAndSelfReferentialConstraint:0:5	WRONG	literal-widened
compiler/inferenceAndSelfReferentialConstraint:0:6	WRONG	literal-widened
compiler/inferenceContextualReturnTypeUnion2:0:10	WRONG	signature-differs
compiler/inferenceContextualReturnTypeUnion2:0:11	WRONG	signature-differs
compiler/inferenceContextualReturnTypeUnion2:0:13	WRONG	signature-differs
compiler/inferenceContextualReturnTypeUnion2:0:7	WRONG	signature-differs
compiler/inferenceContextualReturnTypeUnion2:0:8	WRONG	alias-port-kept
compiler/inferenceContextualReturnTypeUnion2:0:9	WRONG	signature-differs
compiler/inferenceContextualReturnTypeUnion3:0:31	WRONG	type-param-rename
compiler/inferenceContextualReturnTypeUnion3:0:33	WRONG	type-param-rename
compiler/inferenceDoesNotAddUndefinedOrNull:0:15	WRONG	alias-native-kept
compiler/inferenceDoesNotAddUndefinedOrNull:0:19	WRONG	signature-differs
compiler/inferenceDoesNotAddUndefinedOrNull:0:43	WRONG	alias-native-kept
compiler/inferenceDoesNotAddUndefinedOrNull:0:47	WRONG	signature-differs
compiler/inferenceOuterResultNotIncorrectlyInstantiatedWithInnerResult:0:18	WRONG	any:call-error
compiler/inferenceShouldFailOnEvolvingArrays:0:10	WRONG	any:call-error
compiler/inferenceShouldFailOnEvolvingArrays:0:14	WRONG	any:binary-operand
compiler/inferenceShouldFailOnEvolvingArrays:0:16	WRONG	any:call-error
compiler/inferenceShouldFailOnEvolvingArrays:0:31	WRONG	any:call-error
compiler/inferenceShouldFailOnEvolvingArrays:0:41	WRONG	any:call-error
compiler/inferenceShouldFailOnEvolvingArrays:0:44	WRONG	any:binary-operand
compiler/inferenceShouldFailOnEvolvingArrays:0:46	WRONG	any:call-error
compiler/inferenceUnionOfObjectsMappedContextualType:0:11	WRONG	signature-differs
compiler/inferenceUnionOfObjectsMappedContextualType:0:12	WRONG	literal-widened
compiler/inferenceUnionOfObjectsMappedContextualType:0:16	GAP	gap:identifier
compiler/inferenceUnionOfObjectsMappedContextualType:0:17	WRONG	signature-differs
compiler/inferenceUnionOfObjectsMappedContextualType:0:18	WRONG	any:contextual-parameter
compiler/inferenceUnionOfObjectsMappedContextualType:0:19	WRONG	partial-any
compiler/inferenceUnionOfObjectsMappedContextualType:0:20	WRONG	any:contextual-parameter
compiler/inferenceUnionOfObjectsMappedContextualType:0:21	WRONG	any:call-error
compiler/inferenceUnionOfObjectsMappedContextualType:0:22	WRONG	any:contextual-parameter
compiler/inferenceUnionOfObjectsMappedContextualType:0:23	WRONG	any:contextual-parameter
compiler/inferenceUnionOfObjectsMappedContextualType:0:24	WRONG	any:contextual-parameter
compiler/inferentialTypingWithFunctionTypeNested:0:11	WRONG	signature-differs
compiler/inferentialTypingWithFunctionTypeNested:0:7	WRONG	unknown-where-native-typed
compiler/inferentialTypingWithFunctionTypeNested:0:8	WRONG	unknown-where-native-typed
compiler/inferredRestTypeFixedOnce:0:5	WRONG	unknown-where-native-typed
compiler/inferredRestTypeFixedOnce:0:6	GAP	gap:identifier
compiler/inferredReturnTypeIncorrectReuse1:0:11	WRONG	type-param-rename
compiler/inferredReturnTypeIncorrectReuse1:0:26	WRONG	type-param-rename
compiler/inferredReturnTypeIncorrectReuse1:0:28	WRONG	type-param-rename
compiler/inferredReturnTypeIncorrectReuse1:0:9	WRONG	type-param-rename
compiler/inferrenceInfiniteLoopWithSubtyping:0:0	WRONG	different-name
compiler/inferrenceInfiniteLoopWithSubtyping:0:11	WRONG	different-name
compiler/inferrenceInfiniteLoopWithSubtyping:1:3	WRONG	import-specifier-differs
compiler/inferrenceInfiniteLoopWithSubtyping:1:5	WRONG	import-specifier-differs
compiler/initializedDestructuringAssignmentTypes:0:0	WRONG	any:binding-element
compiler/initializedDestructuringAssignmentTypes:0:11	WRONG	any:binding-element
compiler/inlineMappedTypeModifierDeclarationEmit:0:0	WRONG	mapped-type-resolved-where-native-deferred
compiler/inlineMappedTypeModifierDeclarationEmit:0:1	WRONG	mapped-type-resolved-where-native-deferred
compiler/inlineMappedTypeModifierDeclarationEmit:0:12	WRONG	mapped-type-resolved-where-native-deferred
compiler/inlineMappedTypeModifierDeclarationEmit:0:13	WRONG	mapped-type-resolved-where-native-deferred
compiler/inlineMappedTypeModifierDeclarationEmit:0:19	WRONG	alias-port-kept
compiler/inlineMappedTypeModifierDeclarationEmit:0:2	WRONG	mapped-type-resolved-where-native-deferred
compiler/inlineMappedTypeModifierDeclarationEmit:0:20	WRONG	alias-port-kept
compiler/inlineMappedTypeModifierDeclarationEmit:0:21	WRONG	mapped-type-resolved-where-native-deferred
compiler/inlineMappedTypeModifierDeclarationEmit:0:25	WRONG	alias-port-kept
compiler/inlineMappedTypeModifierDeclarationEmit:0:26	WRONG	alias-port-kept
compiler/inlineMappedTypeModifierDeclarationEmit:0:27	WRONG	mapped-type-resolved-where-native-deferred
compiler/inlineMappedTypeModifierDeclarationEmit:0:5	WRONG	mapped-type-resolved-where-native-deferred
compiler/inlineMappedTypeModifierDeclarationEmit:0:6	WRONG	mapped-type-resolved-where-native-deferred
compiler/inlineMappedTypeModifierDeclarationEmit:0:9	WRONG	mapped-type-resolved-where-native-deferred
compiler/inlinedAliasAssignableToConstraintSameAsAlias:0:9	WRONG	type-param-constraint
compiler/innerTypeArgumentInference:0:1	WRONG	type-argument-differs
compiler/innerTypeArgumentInference:0:4	WRONG	type-argument-differs
compiler/instanceofNarrowReadonlyArray:0:5	WRONG	partial-any
compiler/instanceofNarrowReadonlyArray:0:6	WRONG	alias-native-kept
compiler/instanceofNarrowReadonlyArray:0:7	WRONG	alias-native-kept
compiler/instanceofOnInstantiationExpression:0:12	WRONG	any:other
compiler/instanceofOnInstantiationExpression:0:13	WRONG	any:type-reference-error
compiler/instanceofOnInstantiationExpression:0:17	WRONG	any:other
compiler/instanceofOnInstantiationExpression:0:18	WRONG	any:other
compiler/instanceofOnInstantiationExpression:0:19	WRONG	any:type-reference-error
compiler/instanceofOnInstantiationExpression:0:22	WRONG	any:type-reference-error
compiler/instanceofOnInstantiationExpression:0:26	WRONG	any:other
compiler/instanceofOnInstantiationExpression:0:27	WRONG	any:type-reference-error
compiler/instanceofOnInstantiationExpression:0:31	WRONG	any:other
compiler/instanceofOnInstantiationExpression:0:32	WRONG	any:other
compiler/instanceofOnInstantiationExpression:0:33	WRONG	any:type-reference-error
compiler/instanceofOnInstantiationExpression:0:8	WRONG	any:type-reference-error
compiler/instanceofWithStructurallyIdenticalTypes:0:94	WRONG	alias-native-kept
compiler/instanceofWithStructurallyIdenticalTypes:0:97	WRONG	alias-native-kept
compiler/instantiateContextualTypes:0:102	WRONG	conditional-type-resolved-where-native-deferred
compiler/instantiateContextualTypes:0:104	WRONG	typed-where-native-unknown
compiler/instantiateContextualTypes:0:106	WRONG	conditional-type-resolved-where-native-deferred
compiler/instantiateContextualTypes:0:107	WRONG	typed-where-native-unknown
compiler/instantiateContextualTypes:0:109	WRONG	conditional-type-resolved-where-native-deferred
compiler/instantiateContextualTypes:0:115	WRONG	typed-where-native-unknown
compiler/instantiateContextualTypes:0:123	WRONG	typed-where-native-unknown
compiler/instantiateContextualTypes:0:209	WRONG	rest-tuple-params-not-expanded
compiler/instantiateContextualTypes:0:32	GAP	gap:identifier
compiler/instantiateContextualTypes:0:34	GAP	gap:identifier
compiler/instantiateContextualTypes:0:37	GAP	gap:call
compiler/instantiateContextualTypes:0:38	GAP	gap:identifier
compiler/instantiateContextualTypes:0:40	WRONG	partial-any
compiler/instantiateContextualTypes:0:41	WRONG	any:contextual-parameter
compiler/instantiationExpressionErrorNoCrash:0:15	WRONG	any:type-reference-error
compiler/instantiationExpressionErrorNoCrash:0:2	WRONG	any:type-reference-error
compiler/intTypeCheck:0:100	WRONG	any:call-error
compiler/interfaceAssignmentCompat:0:62	WRONG	optional-param-undefined-not-printed
compiler/interfaceAssignmentCompat:0:64	WRONG	optional-param-undefined-not-printed
compiler/interfaceAssignmentCompat:0:68	WRONG	optional-param-undefined-not-printed
compiler/interfaceAssignmentCompat:0:70	WRONG	optional-param-undefined-not-printed
compiler/interfaceClassMerging:0:30	WRONG	any:call-error
compiler/intersectionConstraintReduction:0:0	WRONG	alias-port-kept
compiler/intersectionConstraintReduction:0:1	WRONG	alias-port-kept
compiler/intersectionSatisfiesConstraint:0:17	WRONG	signature-differs
compiler/intersectionsAndOptionalProperties2(exactoptionalpropertytypes=true):0:11	WRONG	undefined-optionality
compiler/intersectionsAndOptionalProperties2(exactoptionalpropertytypes=true):0:36	WRONG	undefined-optionality
compiler/intersectionsAndOptionalProperties2(exactoptionalpropertytypes=true):0:37	WRONG	undefined-optionality
compiler/intersectionsAndOptionalProperties2(exactoptionalpropertytypes=true):0:39	WRONG	undefined-optionality
compiler/intersectionsAndOptionalProperties2(exactoptionalpropertytypes=true):0:8	WRONG	undefined-optionality
compiler/intersectionsAndOptionalProperties2(exactoptionalpropertytypes=true):0:9	WRONG	undefined-optionality
compiler/intersectionsAndOptionalProperties3(exactoptionalpropertytypes=true):0:11	WRONG	undefined-optionality
compiler/intersectionsAndOptionalProperties3(exactoptionalpropertytypes=true):0:36	WRONG	undefined-optionality
compiler/intersectionsAndOptionalProperties3(exactoptionalpropertytypes=true):0:37	WRONG	undefined-optionality
compiler/intersectionsAndOptionalProperties3(exactoptionalpropertytypes=true):0:39	WRONG	undefined-optionality
compiler/intersectionsAndOptionalProperties3(exactoptionalpropertytypes=true):0:8	WRONG	undefined-optionality
compiler/intersectionsAndOptionalProperties3(exactoptionalpropertytypes=true):0:9	WRONG	undefined-optionality
compiler/intersectionsAndOptionalProperties:0:33	WRONG	tuple-vs-array
compiler/intersectionsOfLargeUnions2:0:38	WRONG	type-param-rename
compiler/intersectionsOfLargeUnions:0:35	WRONG	type-param-rename
compiler/intraBindingPatternReferences:0:41	WRONG	partial-any
compiler/intraBindingPatternReferences:0:46	WRONG	partial-any
compiler/intraBindingPatternReferences:0:47	WRONG	signature-differs
compiler/intraBindingPatternReferences:0:48	WRONG	partial-any
compiler/intraBindingPatternReferences:0:49	WRONG	partial-any
compiler/intraBindingPatternReferences:0:50	WRONG	any:contextual-parameter
compiler/intraBindingPatternReferences:0:51	WRONG	any:binary-operand
compiler/intraBindingPatternReferences:0:52	WRONG	any:contextual-parameter
compiler/invariantGenericErrorElaboration:0:2	WRONG	type-argument-differs
compiler/invariantGenericErrorElaboration:0:3	WRONG	type-argument-differs
compiler/ipromise2:0:47	WRONG	any:variable-initialiser-error
compiler/ipromise2:0:48	WRONG	any:call-error
compiler/ipromise2:0:49	WRONG	optional-param-undefined-not-printed
compiler/ipromise2:0:51	WRONG	optional-param-undefined-not-printed
compiler/ipromise2:0:56	WRONG	any:property-lookup-error
compiler/ipromise2:0:57	WRONG	any:variable-initialiser-error
compiler/ipromise2:0:58	WRONG	any:property-lookup-error
compiler/ipromise3:0:38	WRONG	optional-param-undefined-not-printed
compiler/ipromise3:0:40	WRONG	optional-param-undefined-not-printed
compiler/ipromise4:0:46	WRONG	any:call-error
compiler/ipromise4:0:47	WRONG	optional-param-undefined-not-printed
compiler/ipromise4:0:49	WRONG	optional-param-undefined-not-printed
compiler/ipromise4:0:52	WRONG	any:call-error
compiler/ipromise4:0:53	WRONG	any:property-lookup-error
compiler/ipromise4:0:54	WRONG	any:call-error
compiler/ipromise4:0:55	WRONG	optional-param-undefined-not-printed
compiler/ipromise4:0:57	WRONG	optional-param-undefined-not-printed
compiler/ipromise4:0:61	WRONG	any:property-lookup-error
compiler/ipromise4:0:62	WRONG	partial-any
compiler/ipromise4:0:63	WRONG	any:contextual-parameter
compiler/ipromise4:0:64	WRONG	any:contextual-parameter
compiler/isolatedDeclarationErrorTypes1:0:9	WRONG	any:type-reference-error
compiler/isolatedDeclarationErrorsEnums:0:51	WRONG	enum-member-vs-enum
compiler/isolatedDeclarationErrorsEnums:0:72	WRONG	enum-member-vs-enum
compiler/isolatedDeclarationErrorsExpressions:0:357	WRONG	any:function-declaration-error
compiler/isolatedDeclarationsAddUndefined:1:0	WRONG	any:function-declaration-error
compiler/isolatedDeclarationsAddUndefined:1:1	WRONG	any:variable-initialiser-error
compiler/isolatedDeclarationsAddUndefined:1:2	WRONG	any:function-expression-error
compiler/isolatedDeclarationsAddUndefined:1:7	WRONG	any:function-declaration-error
compiler/isolatedDeclarationsAddUndefined:1:8	WRONG	any:variable-initialiser-error
compiler/isolatedDeclarationsAddUndefined:1:9	WRONG	any:function-expression-error
compiler/isolatedModulesReExportType:4:0	WRONG	import-qualifier-missing
compiler/iterableWithNeverAsUnionMember(target=esnext):0:10	WRONG	any:configured:identifier
compiler/iterableWithNeverAsUnionMember(target=esnext):0:12	WRONG	any:configured:call
compiler/iterableWithNeverAsUnionMember(target=esnext):0:13	WRONG	any:configured:property-access
compiler/iterableWithNeverAsUnionMember(target=esnext):0:14	WRONG	any:configured:identifier
compiler/iterableWithNeverAsUnionMember(target=esnext):0:15	WRONG	any:configured:identifier
compiler/iterableWithNeverAsUnionMember(target=esnext):0:24	WRONG	any:configured:identifier
compiler/iterableWithNeverAsUnionMember(target=esnext):0:25	WRONG	any:configured:identifier
compiler/iterableWithNeverAsUnionMember(target=esnext):0:3	WRONG	any:configured:identifier
compiler/iterableWithNeverAsUnionMember(target=esnext):0:31	WRONG	any:configured:identifier
compiler/iterableWithNeverAsUnionMember(target=esnext):0:32	WRONG	any:configured:identifier
compiler/iterableWithNeverAsUnionMember(target=esnext):0:33	WRONG	any:configured:identifier
compiler/iterableWithNeverAsUnionMember(target=esnext):0:34	WRONG	partial-any
compiler/iterableWithNeverAsUnionMember(target=esnext):0:39	WRONG	any:configured:identifier
compiler/iterableWithNeverAsUnionMember(target=esnext):0:46	WRONG	any:configured:identifier
compiler/iterableWithNeverAsUnionMember(target=esnext):0:8	WRONG	any:configured:identifier
compiler/javascriptThisAssignmentInStaticBlock:0:12	GAP	js:gap:identifier
compiler/javascriptThisAssignmentInStaticBlock:0:13	GAP	js:gap:property-access
compiler/javascriptThisAssignmentInStaticBlock:0:14	WRONG	js:any:call-error
compiler/javascriptThisAssignmentInStaticBlock:0:15	WRONG	js:any:property-lookup-error
compiler/javascriptThisAssignmentInStaticBlock:0:16	WRONG	js:signature-differs
compiler/javascriptThisAssignmentInStaticBlock:0:17	WRONG	js:signature-differs
compiler/javascriptThisAssignmentInStaticBlock:0:19	GAP	js:gap:call
compiler/javascriptThisAssignmentInStaticBlock:0:20	GAP	js:gap:identifier
compiler/javascriptThisAssignmentInStaticBlock:0:22	WRONG	js:signature-differs
compiler/javascriptThisAssignmentInStaticBlock:0:23	WRONG	js:signature-differs
compiler/javascriptThisAssignmentInStaticBlock:0:25	WRONG	js:signature-differs
compiler/javascriptThisAssignmentInStaticBlock:0:26	WRONG	js:signature-differs
compiler/javascriptThisAssignmentInStaticBlock:0:27	WRONG	js:any:call-error
compiler/javascriptThisAssignmentInStaticBlock:0:28	WRONG	js:signature-differs
compiler/javascriptThisAssignmentInStaticBlock:0:30	WRONG	js:signature-differs
compiler/jsDeclarationEmitDoesNotRenameImport:2:13	GAP	js:gap:new
compiler/jsDeclarationEmitDoesNotRenameImport:2:14	GAP	js:gap:property-access
compiler/jsDeclarationEmitDoesNotRenameImport:2:16	WRONG	js:any:uncontextual-parameter
compiler/jsDeclarationEmitDoesNotRenameImport:2:6	GAP	js:gap:property-access
compiler/jsDeclarationEmitDoesNotRenameImport:2:8	WRONG	js:any:uncontextual-parameter
compiler/jsDeclarationEmitDoesNotRenameImport:2:9	GAP	js:gap:call
compiler/jsDeclarationsInheritedTypes:0:1	WRONG	js:any:unannotated-declaration
compiler/jsDeclarationsInheritedTypes:0:4	WRONG	js:any:unannotated-declaration
compiler/jsDeclarationsInheritedTypes:0:7	WRONG	js:any:unannotated-declaration
compiler/jsDeclarationsWithDefaultAsNamespaceLikeMerge:1:0	WRONG	js:import-specifier-differs
compiler/jsDeclarationsWithDefaultAsNamespaceLikeMerge:1:1	WRONG	js:import-specifier-differs
compiler/jsDeclarationsWithDefaultAsNamespaceLikeMerge:1:2	WRONG	js:import-specifier-differs
compiler/jsDeclarationsWithDefaultAsNamespaceLikeMerge:1:3	WRONG	js:import-specifier-differs
compiler/jsDeclarationsWithDefaultAsNamespaceLikeMerge:1:4	WRONG	js:object-members-differ
compiler/jsDeclarationsWithDefaultAsNamespaceLikeMerge:1:5	WRONG	js:object-members-differ
compiler/jsDeclarationsWithDefaultAsNamespaceLikeMerge:1:6	WRONG	js:object-members-differ
compiler/jsDeclarationsWithDefaultAsNamespaceLikeMerge:1:7	WRONG	js:object-members-differ
compiler/jsDeclarationsWithDefaultAsNamespaceLikeMerge:1:8	WRONG	js:import-specifier-differs
compiler/jsDeclarationsWithDefaultAsNamespaceLikeMerge:1:9	WRONG	js:literal-widened
compiler/jsFileImportPreservedWhenUsed:2:12	GAP	js:gap:call
compiler/jsFileImportPreservedWhenUsed:2:13	WRONG	js:signature-differs
compiler/jsFileImportPreservedWhenUsed:2:15	WRONG	js:signature-differs
compiler/jsFileImportPreservedWhenUsed:2:17	GAP	js:gap:function-expression
compiler/jsFileImportPreservedWhenUsed:2:8	GAP	js:gap:call
compiler/jsFileMethodOverloads3:0:0	WRONG	js:union-members-differ
compiler/jsFileMethodOverloads3:0:1	WRONG	js:any:uncontextual-parameter
compiler/jsFileMethodOverloads3:0:2	WRONG	js:any:uncontextual-parameter
compiler/jsFileMethodOverloads3:0:3	WRONG	js:typed-where-native-any
compiler/jsFileMethodOverloads3:0:4	WRONG	js:typed-where-native-any
compiler/jsFileMethodOverloads3:0:5	WRONG	js:union-members-differ
compiler/jsFileMethodOverloads3:0:7	WRONG	js:typed-where-native-any
compiler/jsFileMethodOverloads3:0:8	WRONG	js:typed-where-native-any
compiler/jsFileMethodOverloads3:0:9	WRONG	js:union-members-differ
compiler/jsFileMethodOverloads:0:12	WRONG	js:signature-differs
compiler/jsFileMethodOverloads:0:13	WRONG	js:any:uncontextual-parameter
compiler/jsFileMethodOverloads:0:14	WRONG	js:partial-any
compiler/jsFileMethodOverloads:0:15	WRONG	js:any:uncontextual-parameter
compiler/jsFileMethodOverloads:0:16	WRONG	js:any:call-error
compiler/jsFileMethodOverloads:0:17	WRONG	js:any:uncontextual-parameter
compiler/jsFileMethodOverloads:0:7	WRONG	js:this-type
compiler/jsdocBracelessTypeTag1:0:14	WRONG	js:literal-widened
compiler/jsdocBracelessTypeTag1:0:15	WRONG	js:literal-widened
compiler/jsdocFunctionTypeFalsePositive:0:0	WRONG	js:signature-differs
compiler/jsdocFunctionTypeFalsePositive:0:1	WRONG	js:any:uncontextual-parameter
compiler/jsdocResolveNameFailureInTypedef:0:1	WRONG	js:different-name
compiler/jsdocTypeGenericInstantiationAttempt:0:0	WRONG	js:array-sugar
compiler/jsxCallbackWithDestructuring:0:17	GAP	gap:identifier
compiler/jsxCallbackWithDestructuring:0:18	GAP	gap:function-expression
compiler/jsxCallbackWithDestructuring:0:19	GAP	gap:identifier
compiler/jsxChildrenGenericContextualTypes:0:65	WRONG	literal-mixed
compiler/jsxChildrenGenericContextualTypes:0:68	WRONG	literal-widened
compiler/jsxChildrenGenericContextualTypes:0:69	WRONG	literal-widened
compiler/jsxChildrenGenericContextualTypes:0:74	WRONG	literal-widened
compiler/jsxChildrenGenericContextualTypes:0:81	WRONG	literal-widened
compiler/jsxChildrenGenericContextualTypes:0:89	WRONG	signature-differs
compiler/jsxChildrenGenericContextualTypes:0:90	WRONG	signature-differs
compiler/jsxChildrenGenericContextualTypes:0:91	WRONG	alias-port-kept
compiler/jsxChildrenGenericContextualTypes:0:97	WRONG	signature-differs
compiler/jsxChildrenGenericContextualTypes:0:98	WRONG	alias-port-kept
compiler/jsxChildrenSingleChildConfusableWithMultipleChildrenNoError:0:15	WRONG	qualified-name-choice
compiler/jsxChildrenSingleChildConfusableWithMultipleChildrenNoError:0:16	WRONG	qualified-name-choice
compiler/jsxChildrenSingleChildConfusableWithMultipleChildrenNoError:0:20	WRONG	qualified-name-choice
compiler/jsxComplexSignatureHasApplicabilityError:0:10	WRONG	signature-differs
compiler/jsxComplexSignatureHasApplicabilityError:0:11	WRONG	any:contextual-parameter
compiler/jsxComplexSignatureHasApplicabilityError:0:15	WRONG	any:contextual-parameter
compiler/jsxComplexSignatureHasApplicabilityError:0:16	WRONG	literal-widened
compiler/jsxComplexSignatureHasApplicabilityError:0:18	WRONG	literal-widened
compiler/jsxComplexSignatureHasApplicabilityError:0:20	WRONG	any:jsx
compiler/jsxComplexSignatureHasApplicabilityError:0:21	WRONG	any:contextual-parameter
compiler/jsxComplexSignatureHasApplicabilityError:0:218	GAP	gap:identifier
compiler/jsxComplexSignatureHasApplicabilityError:0:22	WRONG	any:contextual-parameter
compiler/jsxComplexSignatureHasApplicabilityError:0:224	GAP	gap:identifier
compiler/jsxComplexSignatureHasApplicabilityError:0:226	GAP	gap:identifier
compiler/jsxComplexSignatureHasApplicabilityError:0:23	WRONG	any:contextual-parameter
compiler/jsxComplexSignatureHasApplicabilityError:0:24	GAP	gap:identifier
compiler/jsxComplexSignatureHasApplicabilityError:0:25	WRONG	signature-differs
compiler/jsxComplexSignatureHasApplicabilityError:0:26	WRONG	any:contextual-parameter
compiler/jsxComplexSignatureHasApplicabilityError:0:27	WRONG	any:contextual-parameter
compiler/jsxComplexSignatureHasApplicabilityError:0:28	WRONG	any:contextual-parameter
compiler/jsxComplexSignatureHasApplicabilityError:0:29	WRONG	any:contextual-parameter
compiler/jsxComplexSignatureHasApplicabilityError:0:30	WRONG	partial-any
compiler/jsxComplexSignatureHasApplicabilityError:0:31	WRONG	any:contextual-parameter
compiler/jsxComplexSignatureHasApplicabilityError:0:32	WRONG	any:contextual-parameter
compiler/jsxComplexSignatureHasApplicabilityError:0:33	WRONG	any:contextual-parameter
compiler/jsxComplexSignatureHasApplicabilityError:0:34	WRONG	partial-any
compiler/jsxComplexSignatureHasApplicabilityError:0:36	WRONG	any:contextual-parameter
compiler/jsxComplexSignatureHasApplicabilityError:0:38	WRONG	any:contextual-parameter
compiler/jsxComplexSignatureHasApplicabilityError:0:77	GAP	gap:identifier
compiler/jsxComplexSignatureHasApplicabilityError:0:81	GAP	gap:identifier
compiler/jsxComplexSignatureHasApplicabilityError:0:83	GAP	gap:identifier
compiler/jsxElementType:0:109	WRONG	qualified-name-choice
compiler/jsxElementType:0:111	WRONG	qualified-name-choice
compiler/jsxEmitWithAttributes:1:5	WRONG	signature-differs
compiler/jsxEmitWithAttributes:1:6	GAP	gap:array-literal
compiler/jsxExcessPropsAndAssignability:0:1	WRONG	type-param-constraint
compiler/jsxExcessPropsAndAssignability:0:13	WRONG	type-argument-differs
compiler/jsxExcessPropsAndAssignability:0:15	WRONG	literal-widened
compiler/jsxExcessPropsAndAssignability:0:18	WRONG	type-argument-differs
compiler/jsxExcessPropsAndAssignability:0:2	WRONG	type-param-constraint
compiler/jsxExcessPropsAndAssignability:0:3	WRONG	type-argument-differs
compiler/jsxExcessPropsAndAssignability:0:7	WRONG	type-argument-differs
compiler/jsxFactoryAndReactNamespace:1:5	WRONG	signature-differs
compiler/jsxFactoryAndReactNamespace:1:6	WRONG	any:literal-expression-error
compiler/jsxFactoryIdentifier:1:10	GAP	gap:array-literal
compiler/jsxFactoryIdentifier:1:9	WRONG	signature-differs
compiler/jsxFactoryNotIdentifierOrQualifiedName2:1:5	WRONG	signature-differs
compiler/jsxFactoryNotIdentifierOrQualifiedName2:1:6	WRONG	any:literal-expression-error
compiler/jsxFactoryNotIdentifierOrQualifiedName:1:5	WRONG	signature-differs
compiler/jsxFactoryNotIdentifierOrQualifiedName:1:6	WRONG	any:literal-expression-error
compiler/jsxFactoryQualifiedName:1:5	WRONG	signature-differs
compiler/jsxFactoryQualifiedName:1:6	GAP	gap:array-literal
compiler/jsxFragmentAndFactoryUsedOnFragmentUse:0:2	GAP	gap:identifier
compiler/jsxFragmentAndFactoryUsedOnFragmentUse:0:3	GAP	gap:jsx-or-assertion
compiler/jsxFragmentFactoryNoUnusedLocals:0:0	WRONG	any:alias-target
compiler/jsxFragmentFactoryNoUnusedLocals:0:1	WRONG	any:alias-target
compiler/jsxFragmentWrongType:0:10	WRONG	undefined-optionality
compiler/jsxFragmentWrongType:0:12	WRONG	undefined-optionality
compiler/jsxFragmentWrongType:0:14	WRONG	undefined-optionality
compiler/jsxFragmentWrongType:0:8	WRONG	undefined-optionality
compiler/jsxInExtendsClause:0:7	WRONG	any:call-error
compiler/jsxLibraryManagedAttributesUnusedGeneric:0:2	WRONG	any:other
compiler/jsxNamespaceGlobalReexport:1:21	WRONG	other
compiler/jsxNamespaceGlobalReexport:1:33	WRONG	other
compiler/jsxNamespaceGlobalReexport:1:9	WRONG	other
compiler/jsxNamespaceGlobalReexport:2:0	WRONG	partial-any
compiler/jsxNamespaceGlobalReexport:2:1	WRONG	partial-any
compiler/jsxNamespaceGlobalReexport:2:2	GAP	gap:jsx-or-assertion
compiler/jsxNamespaceGlobalReexportMissingAliasTarget:1:21	WRONG	other
compiler/jsxNamespaceGlobalReexportMissingAliasTarget:1:33	WRONG	other
compiler/jsxNamespaceGlobalReexportMissingAliasTarget:1:9	WRONG	other
compiler/jsxNamespaceImplicitImportJSXNamespace:1:21	WRONG	other
compiler/jsxNamespaceImplicitImportJSXNamespace:1:33	WRONG	other
compiler/jsxNamespaceImplicitImportJSXNamespace:1:9	WRONG	other
compiler/jsxNamespaceImplicitImportJSXNamespace:2:0	WRONG	partial-any
compiler/jsxNamespaceImplicitImportJSXNamespace:2:1	WRONG	partial-any
compiler/jsxNamespaceImplicitImportJSXNamespace:2:2	GAP	gap:jsx-or-assertion
compiler/jsxNamespaceImplicitImportJSXNamespaceFromConfigPickedOverGlobalOne(jsx=preserve):3:0	WRONG	import-specifier-differs
compiler/jsxNamespaceImplicitImportJSXNamespaceFromConfigPickedOverGlobalOne(jsx=preserve):3:1	WRONG	import-specifier-differs
compiler/jsxNamespaceImplicitImportJSXNamespaceFromConfigPickedOverGlobalOne(jsx=preserve):3:2	WRONG	import-specifier-differs
compiler/jsxNamespaceImplicitImportJSXNamespaceFromConfigPickedOverGlobalOne(jsx=react-jsx):3:0	WRONG	import-specifier-differs
compiler/jsxNamespaceImplicitImportJSXNamespaceFromConfigPickedOverGlobalOne(jsx=react-jsx):3:1	WRONG	import-specifier-differs
compiler/jsxNamespaceImplicitImportJSXNamespaceFromConfigPickedOverGlobalOne(jsx=react-jsx):3:2	WRONG	import-specifier-differs
compiler/jsxNamespaceImplicitImportJSXNamespaceFromPragmaPickedOverGlobalOne:3:0	WRONG	import-specifier-differs
compiler/jsxNamespaceImplicitImportJSXNamespaceFromPragmaPickedOverGlobalOne:3:1	WRONG	import-specifier-differs
compiler/jsxNamespaceImplicitImportJSXNamespaceFromPragmaPickedOverGlobalOne:3:2	WRONG	import-specifier-differs
compiler/jsxNamespacedNameNotComparedToNonMatchingIndexSignature:0:0	WRONG	other
compiler/jsxPartialSpread:0:7	WRONG	import-qualifier-extra
compiler/jsxSpreadTag(target=es2015):0:19	WRONG	any:configured:object-literal
compiler/jsxSpreadTag(target=esnext):0:19	WRONG	any:configured:object-literal
compiler/keyRemappingKeyofResult:0:11	WRONG	alias-native-kept
compiler/keyRemappingKeyofResult:0:12	WRONG	alias-native-kept
compiler/keyRemappingKeyofResult:0:14	WRONG	alias-native-kept
compiler/keyRemappingKeyofResult:0:17	WRONG	alias-native-kept
compiler/keyRemappingKeyofResult:0:25	WRONG	any:type-reference-error
compiler/keyRemappingKeyofResult:0:26	WRONG	any:type-reference-error
compiler/keyRemappingKeyofResult:0:28	WRONG	any:type-reference-error
compiler/keyRemappingKeyofResult:0:31	WRONG	any:type-reference-error
compiler/keyRemappingKeyofResult:0:34	WRONG	any:type-reference-error
compiler/keyRemappingKeyofResult:0:36	WRONG	mapped-type-resolved-where-native-deferred
compiler/keyRemappingKeyofResult:0:37	WRONG	mapped-type-resolved-where-native-deferred
compiler/keyRemappingKeyofResult:0:38	WRONG	mapped-type-resolved-where-native-deferred
compiler/keyRemappingKeyofResult:0:40	WRONG	mapped-type-resolved-where-native-deferred
compiler/keyRemappingKeyofResult:0:43	WRONG	mapped-type-resolved-where-native-deferred
compiler/keyRemappingKeyofResult:0:51	WRONG	any:type-reference-error
compiler/keyRemappingKeyofResult:0:52	WRONG	any:type-reference-error
compiler/keyRemappingKeyofResult:0:54	WRONG	any:type-reference-error
compiler/keyRemappingKeyofResult:0:57	WRONG	any:type-reference-error
compiler/keyRemappingKeyofResult:0:60	WRONG	any:type-reference-error
compiler/keyRemappingKeyofResult:0:62	WRONG	conditional-type-resolved-where-native-deferred
compiler/keyRemappingKeyofResult:0:63	WRONG	conditional-type-resolved-where-native-deferred
compiler/keyRemappingKeyofResult:0:64	WRONG	mapped-type-resolved-where-native-deferred
compiler/keyRemappingKeyofResult:0:65	WRONG	any:type-reference-error
compiler/keyRemappingKeyofResult:0:66	WRONG	any:type-reference-error
compiler/keyRemappingKeyofResult:0:68	WRONG	any:type-reference-error
compiler/keyRemappingKeyofResult:0:71	WRONG	any:type-reference-error
compiler/keyRemappingKeyofResult:0:74	WRONG	any:type-reference-error
compiler/keyofIsLiteralContexualType:0:4	WRONG	alias-port-kept
compiler/keyofIsLiteralContexualType:0:8	WRONG	alias-port-kept
compiler/keyofObjectWithGlobalSymbolIncluded:0:7	WRONG	never-where-native-typed
compiler/lateBoundAssignmentCandidateJS1:0:11	WRONG	js:alias-port-kept
compiler/lateBoundAssignmentCandidateJS1:0:12	WRONG	js:alias-port-kept
compiler/lateBoundAssignmentCandidateJS1:0:13	WRONG	js:alias-port-kept
compiler/lateBoundAssignmentCandidateJS1:0:14	WRONG	js:alias-port-kept
compiler/lateBoundAssignmentCandidateJS1:0:17	WRONG	js:alias-port-kept
compiler/lateBoundAssignmentCandidateJS1:0:5	WRONG	js:alias-port-kept
compiler/lateBoundAssignmentCandidateJS1:0:7	WRONG	js:alias-port-kept
compiler/lateBoundAssignmentCandidateJS1:0:8	WRONG	js:alias-port-kept
compiler/lateBoundDestructuringImplicitAnyError:0:49	WRONG	any:binding-element
compiler/lateBoundDestructuringImplicitAnyError:0:52	WRONG	any:binding-element
compiler/lateBoundDestructuringImplicitAnyError:0:59	WRONG	any:binding-element
compiler/lateBoundDestructuringImplicitAnyError:0:62	WRONG	any:binding-element
compiler/limitDeepInstantiations:0:2	WRONG	typed-where-native-any
compiler/limitDeepInstantiations:0:3	WRONG	typed-where-native-unknown
compiler/literalFreshnessPropagationOnNarrowing:0:14	WRONG	union-members-differ
compiler/literalFreshnessPropagationOnNarrowing:0:19	WRONG	union-members-differ
compiler/literalFreshnessPropagationOnNarrowing:0:21	WRONG	union-members-differ
compiler/literalFreshnessPropagationOnNarrowing:0:23	WRONG	union-members-differ
compiler/literalFreshnessPropagationOnNarrowing:0:25	WRONG	union-members-differ
compiler/literalFreshnessPropagationOnNarrowing:0:28	WRONG	union-members-differ
compiler/literalFreshnessPropagationOnNarrowing:0:34	WRONG	union-members-differ
compiler/literalFreshnessPropagationOnNarrowing:0:38	WRONG	union-members-differ
compiler/literalFreshnessPropagationOnNarrowing:0:46	WRONG	union-members-differ
compiler/literalWideningWithCompoundLikeAssignments:0:18	WRONG	literal-not-widened
compiler/literalWideningWithCompoundLikeAssignments:0:26	WRONG	literal-not-widened
compiler/literalWideningWithCompoundLikeAssignments:0:34	WRONG	literal-not-widened
compiler/literalWideningWithCompoundLikeAssignments:0:42	WRONG	literal-not-widened
compiler/literalWideningWithCompoundLikeAssignments:0:50	WRONG	literal-not-widened
compiler/literalWideningWithCompoundLikeAssignments:0:58	WRONG	literal-not-widened
compiler/literalWideningWithCompoundLikeAssignments:0:66	WRONG	literal-not-widened
compiler/literalWideningWithCompoundLikeAssignments:0:74	WRONG	literal-not-widened
compiler/literalWideningWithCompoundLikeAssignments:0:82	WRONG	literal-not-widened
compiler/literalWideningWithCompoundLikeAssignments:0:9	WRONG	literal-not-widened
compiler/literalWideningWithCompoundLikeAssignments:0:91	WRONG	alias-native-kept
compiler/localTypeParameterInferencePriority:0:1	WRONG	unknown-where-native-typed
compiler/mapGroupBy:0:17	WRONG	unknown-where-native-typed
compiler/mapGroupBy:0:18	WRONG	unknown-where-native-typed
compiler/mapGroupBy:0:23	WRONG	unknown-where-native-typed
compiler/mapGroupBy:0:24	WRONG	unknown-where-native-typed
compiler/mapGroupBy:0:25	WRONG	unknown-where-native-typed
compiler/mappedArrayTupleIntersections:0:11	WRONG	mapped-type-unresolved
compiler/mappedToToIndexSignatureInference:0:15	WRONG	never-where-native-typed
compiler/mappedTypeAndIndexSignatureRelation:0:10	WRONG	mapped-type-resolved-where-native-deferred
compiler/mappedTypeAndIndexSignatureRelation:0:2	WRONG	different-name
compiler/mappedTypeContextualTypesApplied:0:29	GAP	gap:object-literal
compiler/mappedTypeContextualTypesApplied:0:30	GAP	gap:identifier
compiler/mappedTypeContextualTypesApplied:0:31	GAP	gap:function-expression
compiler/mappedTypeContextualTypesApplied:0:32	WRONG	any:contextual-parameter
compiler/mappedTypeGenericIndexedAccess:0:11	WRONG	mapped-type-unresolved
compiler/mappedTypeGenericIndexedAccess:0:13	WRONG	mapped-type-unresolved
compiler/mappedTypeGenericIndexedAccess:0:15	WRONG	mapped-type-unresolved
compiler/mappedTypeGenericIndexedAccess:0:21	WRONG	mapped-type-unresolved
compiler/mappedTypeGenericIndexedAccess:0:22	WRONG	mapped-type-unresolved
compiler/mappedTypeGenericIndexedAccess:0:24	WRONG	mapped-type-unresolved
compiler/mappedTypeGenericIndexedAccess:0:27	WRONG	mapped-type-unresolved
compiler/mappedTypeGenericIndexedAccess:0:28	WRONG	mapped-type-unresolved
compiler/mappedTypeGenericIndexedAccess:0:30	WRONG	mapped-type-unresolved
compiler/mappedTypeGenericIndexedAccess:0:36	WRONG	mapped-type-unresolved
compiler/mappedTypeGenericIndexedAccess:0:38	WRONG	mapped-type-unresolved
compiler/mappedTypeGenericIndexedAccess:0:84	WRONG	alias-port-kept
compiler/mappedTypeGenericInstantiationPreservesHomomorphism:1:0	WRONG	mapped-type-resolved-where-native-deferred
compiler/mappedTypeGenericInstantiationPreservesHomomorphism:1:1	WRONG	mapped-type-resolved-where-native-deferred
compiler/mappedTypeGenericInstantiationPreservesHomomorphism:1:2	WRONG	mapped-type-resolved-where-native-deferred
compiler/mappedTypeGenericInstantiationPreservesHomomorphism:1:4	WRONG	mapped-type-resolved-where-native-deferred
compiler/mappedTypeGenericInstantiationPreservesHomomorphism:1:5	WRONG	mapped-type-resolved-where-native-deferred
compiler/mappedTypeGenericWithKnownKeys:0:7	WRONG	any:property-lookup-error
compiler/mappedTypeGenericWithKnownKeys:0:9	WRONG	any:property-lookup-error
compiler/mappedTypeIndexedAccess:0:13	WRONG	union-order
compiler/mappedTypeIndexedAccessConstraint:0:101	WRONG	other
compiler/mappedTypeIndexedAccessConstraint:0:102	WRONG	union-members-differ
compiler/mappedTypeIndexedAccessConstraint:0:103	WRONG	signature-differs
compiler/mappedTypeIndexedAccessConstraint:0:106	WRONG	union-members-differ
compiler/mappedTypeIndexedAccessConstraint:0:107	WRONG	union-members-differ
compiler/mappedTypeIndexedAccessConstraint:0:108	WRONG	signature-differs
compiler/mappedTypeIndexedAccessConstraint:0:111	WRONG	union-members-differ
compiler/mappedTypeIndexedAccessConstraint:0:112	WRONG	union-members-differ
compiler/mappedTypeIndexedAccessConstraint:0:113	WRONG	signature-differs
compiler/mappedTypeIndexedAccessConstraint:0:122	WRONG	undefined-optionality
compiler/mappedTypeIndexedAccessConstraint:0:128	WRONG	undefined-optionality
compiler/mappedTypeIndexedAccessConstraint:0:129	WRONG	undefined-optionality
compiler/mappedTypeIndexedAccessConstraint:0:29	WRONG	undefined-optionality
compiler/mappedTypeIndexedAccessConstraint:0:31	WRONG	undefined-optionality
compiler/mappedTypeIndexedAccessConstraint:0:32	WRONG	optional-param-undefined-not-printed
compiler/mappedTypeIndexedAccessConstraint:0:33	WRONG	undefined-optionality
compiler/mappedTypeIndexedAccessConstraint:0:34	WRONG	optional-param-undefined-not-printed
compiler/mappedTypeIndexedAccessConstraint:0:38	WRONG	mapped-type-unresolved
compiler/mappedTypeIndexedAccessConstraint:0:40	WRONG	type-param-constraint
compiler/mappedTypeIndexedAccessConstraint:0:41	WRONG	type-param-constraint
compiler/mappedTypeIndexedAccessConstraint:0:42	WRONG	mapped-type-unresolved
compiler/mappedTypeIndexedAccessConstraint:0:47	WRONG	mapped-type-unresolved
compiler/mappedTypeIndexedAccessConstraint:0:65	WRONG	alias-name-native-reassigned
compiler/mappedTypeIndexedAccessConstraint:0:66	WRONG	signature-differs
compiler/mappedTypeIndexedAccessConstraint:0:68	WRONG	any:literal-expression-error
compiler/mappedTypeIndexedAccessConstraint:0:69	WRONG	any:literal-expression-error
compiler/mappedTypeIndexedAccessConstraint:0:70	WRONG	any:function-expression-error
compiler/mappedTypeIndexedAccessConstraint:0:71	WRONG	any:binding-element
compiler/mappedTypeIndexedAccessConstraint:0:72	WRONG	any:binding-element
compiler/mappedTypeIndexedAccessConstraint:0:74	WRONG	any:binary-operand
compiler/mappedTypeIndexedAccessConstraint:0:75	WRONG	any:property-lookup-error
compiler/mappedTypeIndexedAccessConstraint:0:76	WRONG	any:binding-element
compiler/mappedTypeIndexedAccessConstraint:0:77	WRONG	any:property-lookup-error
compiler/mappedTypeIndexedAccessConstraint:0:78	WRONG	any:binding-element
compiler/mappedTypeIndexedAccessConstraint:0:80	WRONG	any:literal-expression-error
compiler/mappedTypeIndexedAccessConstraint:0:81	WRONG	any:function-expression-error
compiler/mappedTypeIndexedAccessConstraint:0:82	WRONG	any:binding-element
compiler/mappedTypeIndexedAccessConstraint:0:83	WRONG	any:binding-element
compiler/mappedTypeIndexedAccessConstraint:0:84	WRONG	any:binary-operand
compiler/mappedTypeIndexedAccessConstraint:0:87	WRONG	any:binding-element
compiler/mappedTypeIndexedAccessConstraint:0:88	WRONG	any:binding-element
compiler/mappedTypeIndexedAccessConstraint:0:89	WRONG	any:literal-expression-error
compiler/mappedTypeIndexedAccessConstraint:0:90	WRONG	any:function-expression-error
compiler/mappedTypeIndexedAccessConstraint:0:91	WRONG	any:binding-element
compiler/mappedTypeIndexedAccessConstraint:0:92	WRONG	any:binding-element
compiler/mappedTypeIndexedAccessConstraint:0:94	WRONG	any:binding-element
compiler/mappedTypeIndexedAccessConstraint:0:95	WRONG	any:binding-element
compiler/mappedTypeIndexedAccessConstraint:0:96	WRONG	signature-differs
compiler/mappedTypeIndexedAccessConstraint:0:97	WRONG	signature-differs
compiler/mappedTypeIndexedAccessConstraint:0:98	WRONG	signature-differs
compiler/mappedTypeMultiInference:0:2	WRONG	undefined-optionality
compiler/mappedTypeNotMistakenlyHomomorphic:0:26	WRONG	union-missing-members
compiler/mappedTypeRecursiveInference2:0:12	GAP	gap:function-expression
compiler/mappedTypeRecursiveInference2:0:13	WRONG	any:contextual-parameter
compiler/mappedTypeRecursiveInference2:0:14	WRONG	any:contextual-parameter
compiler/mappedTypeRecursiveInference2:0:15	WRONG	any:contextual-parameter
compiler/mappedTypeRecursiveInference2:0:16	WRONG	any:contextual-parameter
compiler/mappedTypeRecursiveInference2:0:17	GAP	gap:identifier
compiler/mappedTypeRecursiveInference2:0:18	GAP	gap:call
compiler/mappedTypeRecursiveInference2:0:20	GAP	gap:object-literal
compiler/mappedTypeRecursiveInference2:0:21	GAP	gap:identifier
compiler/mappedTypeRecursiveInference2:0:22	GAP	gap:array-literal
compiler/mappedTypeRecursiveInference2:0:25	GAP	gap:function-expression
compiler/mappedTypeRecursiveInference2:0:26	WRONG	any:contextual-parameter
compiler/mappedTypeRecursiveInference2:0:27	WRONG	any:contextual-parameter
compiler/mappedTypeRecursiveInference2:0:28	WRONG	any:contextual-parameter
compiler/mappedTypeRecursiveInference2:0:29	WRONG	any:contextual-parameter
compiler/mappedTypeRecursiveInference2:0:30	GAP	gap:identifier
compiler/mappedTypeRecursiveInference2:0:31	GAP	gap:call
compiler/mappedTypeRecursiveInference2:0:33	GAP	gap:array-literal
compiler/mappedTypeRecursiveInference2:0:34	GAP	gap:array-literal
compiler/mappedTypeRecursiveInference2:0:37	GAP	gap:function-expression
compiler/mappedTypeRecursiveInference2:0:38	WRONG	any:contextual-parameter
compiler/mappedTypeRecursiveInference2:0:39	WRONG	any:contextual-parameter
compiler/mappedTypeRecursiveInference2:0:40	WRONG	any:contextual-parameter
compiler/mappedTypeRecursiveInference2:0:41	WRONG	any:contextual-parameter
compiler/mappedTypeRecursiveInference2:0:6	GAP	gap:identifier
compiler/mappedTypeRecursiveInference2:0:7	GAP	gap:call
compiler/mappedTypeRecursiveInference2:0:9	GAP	gap:array-literal
compiler/mappedTypeRecursiveInference:0:60	WRONG	object-members-differ
compiler/mappedTypeRecursiveInference:0:61	WRONG	object-members-differ
compiler/mappedTypeRecursiveInference:0:64	WRONG	object-members-differ
compiler/mappedTypeRecursiveInference:0:65	WRONG	object-members-differ
compiler/mappedTypeRecursiveInference:0:66	WRONG	object-members-differ
compiler/mappedTypeRecursiveInference:0:67	WRONG	any:property-lookup-error
compiler/mappedTypeRecursiveInference:0:68	WRONG	alias-port-kept
compiler/mappedTypeRecursiveInference:0:69	WRONG	object-members-differ
compiler/mappedTypeRecursiveInference:0:70	WRONG	object-members-differ
compiler/mappedTypeRecursiveInference:0:71	WRONG	object-members-differ
compiler/mappedTypeRecursiveInference:0:72	WRONG	object-members-differ
compiler/mappedTypeRecursiveInference:0:73	WRONG	object-members-differ
compiler/mappedTypeRecursiveInference:0:74	WRONG	alias-port-kept
compiler/mappedTypeRecursiveInference:0:75	WRONG	any:property-lookup-error
compiler/mappedTypeTupleConstraintAssignability:0:19	WRONG	object-members-differ
compiler/mappedTypeTupleConstraintAssignability:0:22	WRONG	object-members-differ
compiler/mappedTypeWithAsClauseAndLateBoundProperty2:0:0	WRONG	signature-differs
compiler/mappedTypeWithAsClauseAndLateBoundProperty2:0:1	WRONG	signature-differs
compiler/mappedTypeWithAsClauseAndLateBoundProperty2:0:2	WRONG	signature-differs
compiler/mappedTypeWithAsClauseAndLateBoundProperty2:0:3	WRONG	signature-differs
compiler/mappedTypeWithAsClauseAndLateBoundProperty:0:1	WRONG	signature-differs
compiler/mappedTypeWithAsClauseAndLateBoundProperty:0:2	WRONG	signature-differs
compiler/mappedTypeWithAsClauseAndLateBoundProperty:0:4	WRONG	signature-differs
compiler/maxConstraints:0:5	WRONG	partial-any
compiler/mergeSymbolReexportInterface:0:2	WRONG	any:type-reference-error
compiler/mergeSymbolReexportInterface:2:0	WRONG	import-specifier-differs
compiler/mergeSymbolReexportedTypeAliasInstantiation:0:3	WRONG	any:type-reference-error
compiler/mergeSymbolReexportedTypeAliasInstantiation:0:5	WRONG	any:type-reference-error
compiler/mergeSymbolReexportedTypeAliasInstantiation:2:0	WRONG	import-specifier-differs
compiler/mergedClassWithNamespacePrototype:1:1	WRONG	qualified-name-choice
compiler/mergedModuleDeclarationCodeGen5:0:7	WRONG	qualified-name-choice
compiler/mismatchedExplicitTypeParameterAndArgumentType:0:10	WRONG	any:function-expression-error
compiler/missingCommaInTemplateStringsArray:0:0	WRONG	any:variable-initialiser-error
compiler/missingCommaInTemplateStringsArray:0:1	WRONG	any:literal-expression-error
compiler/missingTypeArguments1:0:12	WRONG	any:type-reference-error
compiler/missingTypeArguments1:0:21	WRONG	object-members-differ
compiler/missingTypeArguments1:0:25	WRONG	any:type-reference-error
compiler/missingTypeArguments1:0:28	WRONG	any:type-reference-error
compiler/missingTypeArguments1:0:5	WRONG	object-members-differ
compiler/missingTypeArguments1:0:9	WRONG	any:type-reference-error
compiler/missingTypeArguments2:0:4	WRONG	any:type-reference-error
compiler/misspelledNewMetaProperty:0:1	WRONG	any:other
compiler/misspelledNewMetaProperty:0:2	WRONG	any:other
compiler/modularizeLibrary_ErrorFromUsingES6ArrayWithOnlyES6ArrayLib(target=es2015):0:8	WRONG	any:configured:identifier
compiler/moduleAndInterfaceSharingName2:0:3	WRONG	typed-where-native-any
compiler/moduleAugmentationDoesInterfaceMergeOfReexport:2:10	WRONG	any:property-lookup-error
compiler/moduleAugmentationDoesInterfaceMergeOfReexport:2:11	GAP	gap:property-access
compiler/moduleAugmentationDoesInterfaceMergeOfReexport:2:12	WRONG	any:property-lookup-error
compiler/moduleAugmentationDoesInterfaceMergeOfReexport:2:14	WRONG	any:property-lookup-error
compiler/moduleAugmentationDoesInterfaceMergeOfReexport:2:15	WRONG	any:property-lookup-error
compiler/moduleAugmentationDoesInterfaceMergeOfReexport:2:16	GAP	gap:property-access
compiler/moduleAugmentationDoesInterfaceMergeOfReexport:2:17	WRONG	any:property-lookup-error
compiler/moduleAugmentationDoesInterfaceMergeOfReexport:2:19	WRONG	any:property-lookup-error
compiler/moduleAugmentationDoesInterfaceMergeOfReexport:2:20	WRONG	any:property-lookup-error
compiler/moduleAugmentationDoesInterfaceMergeOfReexport:2:5	GAP	gap:property-access
compiler/moduleAugmentationDoesInterfaceMergeOfReexport:2:7	WRONG	any:property-lookup-error
compiler/moduleAugmentationDoesInterfaceMergeOfReexport:2:8	GAP	gap:property-access
compiler/moduleAugmentationDoesNamespaceEnumMergeOfReexport:2:16	GAP	gap:property-access
compiler/moduleAugmentationDoesNamespaceEnumMergeOfReexport:2:18	WRONG	any:property-lookup-error
compiler/moduleAugmentationDoesNamespaceMergeOfReexport:2:11	WRONG	any:property-lookup-error
compiler/moduleAugmentationDoesNamespaceMergeOfReexport:2:12	GAP	gap:property-access
compiler/moduleAugmentationDoesNamespaceMergeOfReexport:2:13	WRONG	any:property-lookup-error
compiler/moduleAugmentationDoesNamespaceMergeOfReexport:2:15	WRONG	any:property-lookup-error
compiler/moduleAugmentationDoesNamespaceMergeOfReexport:2:16	WRONG	any:property-lookup-error
compiler/moduleAugmentationDoesNamespaceMergeOfReexport:2:17	GAP	gap:property-access
compiler/moduleAugmentationDoesNamespaceMergeOfReexport:2:18	WRONG	any:property-lookup-error
compiler/moduleAugmentationDoesNamespaceMergeOfReexport:2:20	WRONG	any:property-lookup-error
compiler/moduleAugmentationDoesNamespaceMergeOfReexport:2:21	WRONG	any:property-lookup-error
compiler/moduleAugmentationDoesNamespaceMergeOfReexport:2:6	GAP	gap:property-access
compiler/moduleAugmentationDoesNamespaceMergeOfReexport:2:8	WRONG	any:property-lookup-error
compiler/moduleAugmentationDoesNamespaceMergeOfReexport:2:9	GAP	gap:property-access
compiler/moduleAugmentationDuringSyntheticDefaultCheck:2:2	WRONG	qualified-name-choice
compiler/moduleAugmentationDuringSyntheticDefaultCheck:3:0	WRONG	qualified-name-choice
compiler/moduleAugmentationDuringSyntheticDefaultCheck:3:1	WRONG	qualified-name-choice
compiler/moduleAugmentationDuringSyntheticDefaultCheck:3:2	WRONG	other
compiler/moduleAugmentationDuringSyntheticDefaultCheck:3:4	GAP	gap:other-expression
compiler/moduleAugmentationDuringSyntheticDefaultCheck:3:5	WRONG	other
compiler/moduleAugmentationImportsAndExports4:3:11	WRONG	different-name
compiler/moduleAugmentationImportsAndExports4:3:12	WRONG	signature-differs
compiler/moduleAugmentationImportsAndExports4:3:14	WRONG	signature-differs
compiler/moduleAugmentationImportsAndExports4:3:18	WRONG	different-name
compiler/moduleAugmentationImportsAndExports4:3:19	WRONG	signature-differs
compiler/moduleAugmentationImportsAndExports4:3:21	WRONG	signature-differs
compiler/moduleAugmentationImportsAndExports5:3:11	WRONG	different-name
compiler/moduleAugmentationImportsAndExports5:3:12	WRONG	signature-differs
compiler/moduleAugmentationImportsAndExports5:3:14	WRONG	signature-differs
compiler/moduleAugmentationImportsAndExports5:3:18	WRONG	different-name
compiler/moduleAugmentationImportsAndExports5:3:19	WRONG	signature-differs
compiler/moduleAugmentationImportsAndExports5:3:21	WRONG	signature-differs
compiler/moduleAugmentationImportsAndExports6:3:11	WRONG	alias-port-kept
compiler/moduleAugmentationImportsAndExports6:3:12	WRONG	import-qualifier-missing
compiler/moduleAugmentationImportsAndExports6:3:14	WRONG	import-qualifier-missing
compiler/moduleAugmentationImportsAndExports6:3:18	WRONG	alias-port-kept
compiler/moduleAugmentationImportsAndExports6:3:19	WRONG	import-qualifier-missing
compiler/moduleAugmentationImportsAndExports6:3:21	WRONG	import-qualifier-missing
compiler/moduleAugmentationInAmbientModule1:0:2	WRONG	any:property-lookup-error
compiler/moduleAugmentationInAmbientModule1:0:3	WRONG	import-qualifier-missing
compiler/moduleAugmentationInAmbientModule1:0:4	WRONG	import-qualifier-missing
compiler/moduleAugmentationInAmbientModule1:0:6	WRONG	import-qualifier-missing
compiler/moduleAugmentationInAmbientModule1:0:7	WRONG	any:property-lookup-error
compiler/moduleAugmentationInAmbientModule1:1:6	WRONG	import-qualifier-extra
compiler/moduleAugmentationInAmbientModule5:0:3	GAP	gap:identifier
compiler/moduleAugmentationInAmbientModule5:0:4	GAP	gap:call
compiler/moduleAugmentationInAmbientModule5:0:5	WRONG	import-qualifier-missing
compiler/moduleAugmentationInAmbientModule5:0:6	WRONG	import-qualifier-missing
compiler/moduleAugmentationInAmbientModule5:0:8	WRONG	import-qualifier-missing
compiler/moduleAugmentationInAmbientModule5:0:9	WRONG	any:property-lookup-error
compiler/moduleAugmentationInAmbientModule5:1:4	WRONG	import-qualifier-extra
compiler/moduleAugmentationOfAlias:2:3	WRONG	any:property-lookup-error
compiler/moduleAugmentationOfAlias:2:5	WRONG	any:property-lookup-error
compiler/moduleExportNonStructured:0:0	WRONG	any:alias-target
compiler/moduleExportNonStructured:0:1	WRONG	module-object-default-shape
compiler/moduleExportNonStructured:0:2	WRONG	module-object-default-shape
compiler/moduleExportNonStructured:0:3	WRONG	any:alias-target
compiler/moduleExportNonStructured:0:4	WRONG	module-object-default-shape
compiler/moduleExportNonStructured:0:5	WRONG	module-object-default-shape
compiler/modulePreserve4:7:39	WRONG	module-object-default-shape
compiler/modulePreserve4:7:40	WRONG	module-object-default-shape
compiler/modulePreserve4:7:41	WRONG	type-argument-differs
compiler/modulePreserve4:7:43	WRONG	any:call-error
compiler/modulePreserve4:7:44	WRONG	any:any-receiver-propagated
compiler/modulePreserve4:7:45	WRONG	module-object-default-shape
compiler/modulePreserve4:7:46	WRONG	any:any-receiver-propagated
compiler/moduleResolutionWithRequireAndImport:0:1	GAP	gap:identifier
compiler/moduleResolutionWithSymlinks:0:3	WRONG	any:type-reference-error
compiler/moduleResolutionWithSymlinks:0:4	WRONG	any:binary-operand
compiler/moduleResolutionWithSymlinks:0:6	WRONG	any:type-reference-error
compiler/moduleResolutionWithSymlinks:0:8	WRONG	any:type-reference-error
compiler/moduleResolutionWithSymlinks_withOutDir:0:3	WRONG	any:type-reference-error
compiler/moduleResolutionWithSymlinks_withOutDir:0:4	WRONG	any:binary-operand
compiler/moduleResolutionWithSymlinks_withOutDir:0:6	WRONG	any:type-reference-error
compiler/moduleResolutionWithSymlinks_withOutDir:0:8	WRONG	any:type-reference-error
compiler/moduleSameValueDuplicateExportedBindings2:1:0	WRONG	import-qualifier-missing
compiler/moduleSharesNameWithImportDeclarationInsideIt5:0:15	WRONG	qualified-name-choice
compiler/moduleSharesNameWithImportDeclarationInsideIt5:0:5	WRONG	qualified-name-choice
compiler/module_augmentUninstantiatedModule2:1:1	WRONG	qualified-name-choice
compiler/module_augmentUninstantiatedModule2:2:0	WRONG	import-qualifier-missing
compiler/module_augmentUninstantiatedModule2:2:5	WRONG	import-qualifier-missing
compiler/multiExtendsSplitInterfaces1:0:1	WRONG	signature-differs
compiler/multiExtendsSplitInterfaces1:0:3	WRONG	signature-differs
compiler/multiImportExport:0:1	WRONG	alias-port-kept
compiler/multiImportExport:0:2	WRONG	alias-port-kept
compiler/multiImportExport:0:3	WRONG	alias-port-kept
compiler/multiImportExport:0:4	WRONG	object-members-differ
compiler/multiImportExport:0:6	WRONG	object-members-differ
compiler/multiImportExport:0:7	WRONG	alias-port-kept
compiler/multiImportExport:1:0	WRONG	object-members-differ
compiler/multiSignatureTypeInference:0:37	WRONG	unknown-where-native-typed
compiler/namedImportNonExistentName:2:11	WRONG	any:alias-target
compiler/namedImportNonExistentName:2:2	WRONG	any:alias-target
compiler/namedImportNonExistentName:2:4	WRONG	any:alias-target
compiler/namedImportNonExistentName:2:7	WRONG	any:alias-target
compiler/narrowByInstanceof:0:10	WRONG	parenthesization
compiler/narrowByInstanceof:0:19	WRONG	alias-native-kept
compiler/narrowByInstanceof:0:20	WRONG	union-extra-members
compiler/narrowByInstanceof:0:23	WRONG	parenthesization
compiler/narrowByInstanceof:0:24	WRONG	union-extra-members
compiler/narrowCommaOperatorNestedWithinLHS:0:24	WRONG	alias-native-kept
compiler/narrowCommaOperatorNestedWithinLHS:0:30	WRONG	alias-native-kept
compiler/narrowCommaOperatorNestedWithinLHS:0:45	WRONG	alias-native-kept
compiler/narrowCommaOperatorNestedWithinLHS:0:51	WRONG	alias-native-kept
compiler/narrowUnknownByTypePredicate:0:14	WRONG	unknown-where-native-typed
compiler/narrowingDestructuring:0:15	GAP	gap:identifier
compiler/narrowingDestructuring:0:16	WRONG	alias-port-kept
compiler/narrowingDestructuring:0:20	GAP	gap:identifier
compiler/narrowingDestructuring:0:21	WRONG	alias-port-kept
compiler/narrowingDestructuring:0:41	GAP	gap:identifier
compiler/narrowingDestructuring:0:42	WRONG	alias-port-kept
compiler/narrowingDestructuring:0:44	GAP	gap:identifier
compiler/narrowingDestructuring:0:45	GAP	gap:identifier
compiler/narrowingDestructuring:0:46	WRONG	alias-port-kept
compiler/narrowingDestructuring:0:51	GAP	gap:identifier
compiler/narrowingDestructuring:0:52	GAP	gap:identifier
compiler/narrowingDestructuring:0:53	WRONG	alias-port-kept
compiler/narrowingDestructuring:0:68	WRONG	union-extra-members
compiler/narrowingDestructuring:0:70	WRONG	alias-port-kept
compiler/narrowingDestructuring:0:83	WRONG	alias-port-kept
compiler/narrowingDestructuring:0:90	WRONG	alias-native-kept
compiler/narrowingDestructuring:0:92	WRONG	alias-port-kept
compiler/narrowingMutualSubtypes:0:139	WRONG	alias-port-kept
compiler/narrowingMutualSubtypes:0:147	WRONG	alias-port-kept
compiler/narrowingMutualSubtypes:0:174	WRONG	alias-port-kept
compiler/narrowingMutualSubtypes:0:182	WRONG	alias-port-kept
compiler/narrowingNoInfer1:0:17	WRONG	partial-any
compiler/narrowingNoInfer1:0:18	WRONG	partial-any
compiler/narrowingNoInfer1:0:21	WRONG	partial-any
compiler/narrowingNoInfer1:0:23	WRONG	union-members-differ
compiler/narrowingNoInfer1:0:25	GAP	gap:property-access
compiler/narrowingNoInfer1:0:26	WRONG	any:property-lookup-error
compiler/narrowingNoInfer1:0:27	WRONG	alias-port-kept
compiler/narrowingNoInfer1:0:28	WRONG	any:property-lookup-error
compiler/narrowingNoInfer1:0:29	WRONG	any:property-lookup-error
compiler/narrowingNoInfer1:0:31	GAP	gap:object-literal
compiler/narrowingNoInfer1:0:32	WRONG	alias-port-kept
compiler/narrowingNoInfer1:0:33	GAP	gap:identifier
compiler/narrowingNoInfer1:0:34	GAP	gap:property-access
compiler/narrowingNoInfer1:0:35	WRONG	alias-port-kept
compiler/narrowingNoInfer1:0:36	WRONG	any:property-lookup-error
compiler/narrowingNoInfer1:0:55	GAP	gap:property-access
compiler/narrowingNoInfer1:0:57	WRONG	any:property-lookup-error
compiler/narrowingNoInfer1:0:59	WRONG	type-argument-differs
compiler/narrowingNoInfer1:0:60	WRONG	type-argument-differs
compiler/narrowingPastLastAssignmentInModule:0:36	WRONG	alias-native-kept
compiler/narrowingPastLastAssignmentInModule:0:45	WRONG	alias-native-kept
compiler/narrowingTypeofDiscriminant:0:51	WRONG	alias-port-kept
compiler/narrowingTypeofDiscriminant:0:63	WRONG	alias-port-kept
compiler/narrowingTypeofUndefined2:0:13	WRONG	any:unannotated-declaration
compiler/narrowingTypeofUndefined2:0:15	GAP	gap:identifier
compiler/narrowingTypeofUndefined2:0:16	GAP	gap:array-literal
compiler/narrowingTypeofUndefined2:0:17	GAP	gap:property-access
compiler/narrowingUnionWithBang:0:49	WRONG	undefined-optionality
compiler/narrowingUnionWithBang:0:51	WRONG	undefined-optionality
compiler/nestedBlockScopedBindings7:0:2	WRONG	signature-differs
compiler/nestedBlockScopedBindings7:0:3	WRONG	typed-where-native-any
compiler/nestedBlockScopedBindings8:0:3	WRONG	signature-differs
compiler/nestedBlockScopedBindings8:0:4	WRONG	typed-where-native-any
compiler/nestedCallbackErrorNotFlattened:0:0	WRONG	alias-port-kept
compiler/nestedCallbackErrorNotFlattened:0:2	WRONG	alias-port-kept
compiler/nestedCallbackErrorNotFlattened:0:3	WRONG	alias-port-kept
compiler/nestedCallbackErrorNotFlattened:0:4	WRONG	alias-port-kept
compiler/nestedCallbackErrorNotFlattened:0:5	WRONG	alias-port-kept
compiler/nestedCallbackErrorNotFlattened:0:6	WRONG	alias-port-kept
compiler/nestedGenericConditionalTypeWithGenericImportType:1:0	WRONG	typed-where-native-any
compiler/nestedGenericSpreadInference:0:11	WRONG	typed-where-native-unknown
compiler/nestedRecursiveLambda:0:12	WRONG	signature-differs
compiler/nestedRecursiveLambda:0:13	WRONG	signature-differs
compiler/nestedRecursiveLambda:0:15	GAP	gap:other-expression
compiler/nestedRecursiveLambda:0:16	GAP	gap:function-expression
compiler/nestedRecursiveLambda:0:20	GAP	gap:other-expression
compiler/nestedRecursiveLambda:0:21	GAP	gap:function-expression
compiler/nestedRecursiveLambda:0:23	GAP	gap:other-expression
compiler/nestedRecursiveLambda:0:24	GAP	gap:function-expression
compiler/nestedRecursiveLambda:0:27	GAP	gap:array-literal
compiler/nestedRecursiveLambda:0:28	GAP	gap:other-expression
compiler/nestedRecursiveLambda:0:29	GAP	gap:function-expression
compiler/nestedRecursiveLambda:0:3	GAP	gap:other-expression
compiler/nestedRecursiveLambda:0:31	GAP	gap:other-expression
compiler/nestedRecursiveLambda:0:32	GAP	gap:function-expression
compiler/nestedRecursiveLambda:0:4	GAP	gap:function-expression
compiler/nestedRecursiveLambda:0:6	GAP	gap:other-expression
compiler/nestedRecursiveLambda:0:7	GAP	gap:function-expression
compiler/neverAsDiscriminantType(strict=false):0:34	GAP	gap:identifier
compiler/neverAsDiscriminantType(strict=false):0:75	GAP	gap:identifier
compiler/neverAsDiscriminantType(strict=false):0:77	GAP	gap:property-access
compiler/neverAsDiscriminantType(strict=false):0:78	WRONG	any:configured:identifier
compiler/neverAsDiscriminantType(strict=false):0:79	WRONG	any:configured:identifier
compiler/neverAsDiscriminantType(strict=false):0:83	GAP	gap:property-access
compiler/neverAsDiscriminantType(strict=false):0:84	WRONG	any:configured:identifier
compiler/neverAsDiscriminantType(strict=false):0:85	WRONG	any:configured:identifier
compiler/neverAsDiscriminantType(strict=true):0:34	GAP	gap:identifier
compiler/neverAsDiscriminantType(strict=true):0:75	GAP	gap:identifier
compiler/neverAsDiscriminantType(strict=true):0:77	GAP	gap:property-access
compiler/neverAsDiscriminantType(strict=true):0:78	WRONG	any:configured:identifier
compiler/neverAsDiscriminantType(strict=true):0:79	WRONG	any:configured:identifier
compiler/neverAsDiscriminantType(strict=true):0:83	GAP	gap:property-access
compiler/neverAsDiscriminantType(strict=true):0:84	WRONG	any:configured:identifier
compiler/neverAsDiscriminantType(strict=true):0:85	WRONG	any:configured:identifier
compiler/newExpressionWithCast:0:5	WRONG	any:any-initialiser-propagated
compiler/newExpressionWithCast:0:6	WRONG	any:call-error
compiler/newLexicalEnvironmentForConvertedLoop(target=es2015):0:26	GAP	gap:property-access
compiler/noCrashOnImportShadowing:2:0	WRONG	typeof-name-choice
compiler/noCrashOnImportShadowing:2:1	WRONG	any:type-reference-error
compiler/noCrashOnImportShadowing:2:10	WRONG	typeof-name-choice
compiler/noCrashOnImportShadowing:2:13	WRONG	any:type-reference-error
compiler/noCrashOnImportShadowing:2:6	WRONG	typeof-name-choice
compiler/noCrashOnImportShadowing:2:8	WRONG	typeof-name-choice
compiler/noCrashOnNoLib:0:1	WRONG	any:type-reference-error
compiler/noCrashOnNoLib:0:10	WRONG	any:type-reference-error
compiler/noCrashOnNoLib:0:11	WRONG	any:literal-expression-error
compiler/noCrashOnNoLib:0:2	WRONG	any:literal-expression-error
compiler/noCrashOnNoLib:0:4	WRONG	any:binary-operand
compiler/noCrashOnNoLib:0:5	WRONG	any:type-reference-error
compiler/noCrashOnNoLib:0:6	WRONG	any:literal-expression-error
compiler/noCrashOnNoLib:0:8	WRONG	any:other
compiler/noCrashOnNoLib:0:9	WRONG	any:binary-operand
compiler/noCrashUMDMergedWithGlobalValue:1:1	GAP	gap:identifier
compiler/noImplicitAnyDestructuringInPrivateMethod:0:3	WRONG	binding-pattern-print
compiler/noImplicitAnyDestructuringInPrivateMethod:0:7	WRONG	binding-pattern-print
compiler/noImplicitAnyIndexing:0:17	WRONG	enum-member-vs-enum
compiler/noInferUnionExcessPropertyCheck1:0:3	WRONG	union-order
compiler/noMappedGetSet:0:0	WRONG	any:type-reference-error
compiler/noSymbolForMergeCrash:1:0	WRONG	alias-port-kept
compiler/noUsedBeforeDefinedErrorInTypeContext:0:14	WRONG	partial-any
compiler/noUsedBeforeDefinedErrorInTypeContext:0:2	WRONG	partial-any
compiler/noUsedBeforeDefinedErrorInTypeContext:0:20	WRONG	partial-any
compiler/noUsedBeforeDefinedErrorInTypeContext:0:7	WRONG	partial-any
compiler/noUsedBeforeDefinedErrorInTypeContext:0:8	WRONG	partial-any
compiler/nodeColonModuleResolution:1:6	WRONG	import-qualifier-extra
compiler/nodeColonModuleResolution:1:8	WRONG	import-qualifier-extra
compiler/nonInferrableTypePropagation2:0:22	GAP	gap:identifier
compiler/nonInferrableTypePropagation2:0:23	GAP	gap:call
compiler/nonInferrableTypePropagation2:0:26	GAP	gap:call
compiler/nonInferrableTypePropagation2:0:28	WRONG	unknown-where-native-typed
compiler/nonInferrableTypePropagation2:0:30	WRONG	unknown-where-native-typed
compiler/nonInferrableTypePropagation2:0:31	WRONG	unknown-where-native-typed
compiler/nonInferrableTypePropagation2:0:33	WRONG	unknown-where-native-typed
compiler/nonNullFullInference:0:14	WRONG	undefined-optionality
compiler/nonNullFullInference:0:37	WRONG	undefined-optionality
compiler/nonNullableAndObjectIntersections(strict=false):0:9	WRONG	alias-name-native-reassigned
compiler/nonNullableAndObjectIntersections(strict=true):0:9	WRONG	alias-name-native-reassigned
compiler/nonNullableReduction:0:15	WRONG	parenthesization
compiler/nonNullableReduction:0:16	WRONG	conditional-type-unresolved
compiler/nonNullableReduction:0:17	WRONG	conditional-type-unresolved
compiler/nonNullableReduction:0:18	WRONG	parenthesization
compiler/nonNullableReduction:0:8	GAP	gap:call
compiler/nonNullableReduction:0:9	WRONG	alias-port-kept
compiler/nonNullableReductionNonStrict:0:15	WRONG	parenthesization
compiler/nonNullableReductionNonStrict:0:16	WRONG	conditional-type-unresolved
compiler/nonNullableReductionNonStrict:0:17	WRONG	conditional-type-unresolved
compiler/nonNullableReductionNonStrict:0:18	WRONG	parenthesization
compiler/nonNullableReductionNonStrict:0:8	GAP	gap:call
compiler/nonNullableReductionNonStrict:0:9	WRONG	alias-port-kept
compiler/nonNullableTypes1:0:11	GAP	gap:call
compiler/nonNullableTypes1:0:2	GAP	gap:identifier
compiler/nonNullableTypes1:0:3	GAP	gap:other-expression
compiler/nonNullableTypes1:0:9	WRONG	partial-any
compiler/normalizedIntersectionTooComplex:0:89	WRONG	any:literal-expression-error
compiler/normalizedIntersectionTooComplex:0:92	WRONG	any:literal-expression-error
compiler/normalizedIntersectionTooComplex:0:93	WRONG	any:function-expression-error
compiler/numberAssignableToEnumInsideUnion:0:4	WRONG	any:type-reference-error
compiler/numberVsBigIntOperations:0:345	WRONG	any:binary-operand
compiler/numberVsBigIntOperations:0:347	WRONG	any:other
compiler/numberVsBigIntOperations:0:349	WRONG	any:binary-operand
compiler/numberVsBigIntOperations:0:351	WRONG	any:other
compiler/numberVsBigIntOperations:0:361	WRONG	any:binary-operand
compiler/numberVsBigIntOperations:0:363	WRONG	any:other
compiler/numberVsBigIntOperations:0:365	WRONG	any:binary-operand
compiler/numberVsBigIntOperations:0:367	WRONG	any:other
compiler/numberVsBigIntOperations:0:377	WRONG	any:binary-operand
compiler/numberVsBigIntOperations:0:379	WRONG	any:other
compiler/numberVsBigIntOperations:0:385	WRONG	any:binary-operand
compiler/numberVsBigIntOperations:0:387	WRONG	any:other
compiler/numberVsBigIntOperations:0:490	WRONG	typed-where-native-any
compiler/numberVsBigIntOperations:0:513	WRONG	alias-port-kept
compiler/numberVsBigIntOperations:0:515	WRONG	alias-port-kept
compiler/numberVsBigIntOperations:0:517	WRONG	alias-port-kept
compiler/numericEnumMappedType:0:23	GAP	gap:property-access
compiler/numericEnumMappedType:0:28	GAP	gap:property-access
compiler/numericEnumMappedType:0:33	GAP	gap:property-access
compiler/numericEnumMappedType:0:38	GAP	gap:property-access
compiler/objectAssignLikeNonUnionResult:0:25	WRONG	alias-port-kept
compiler/objectAssignLikeNonUnionResult:0:26	WRONG	other
compiler/objectAssignLikeNonUnionResult:0:30	WRONG	other
compiler/objectAssignLikeNonUnionResult:0:8	WRONG	other
compiler/objectAssignLikeNonUnionResult:0:9	WRONG	union-members-differ
compiler/objectBindingPatternContextuallyTypesArgument:0:10	GAP	gap:object-literal
compiler/objectBindingPatternContextuallyTypesArgument:0:11	GAP	gap:identifier
compiler/objectBindingPatternContextuallyTypesArgument:0:12	GAP	gap:function-expression
compiler/objectBindingPatternContextuallyTypesArgument:0:13	WRONG	any:contextual-parameter
compiler/objectBindingPatternContextuallyTypesArgument:0:14	WRONG	any:contextual-parameter
compiler/objectBindingPatternContextuallyTypesArgument:0:15	WRONG	any:contextual-parameter
compiler/objectBindingPatternContextuallyTypesArgument:0:16	WRONG	any:contextual-parameter
compiler/objectBindingPatternContextuallyTypesArgument:0:2	GAP	gap:identifier
compiler/objectBindingPatternContextuallyTypesArgument:0:8	GAP	gap:call
compiler/objectFreeze:0:0	WRONG	literal-widened
compiler/objectFreeze:0:1	WRONG	literal-widened
compiler/objectFreeze:0:11	WRONG	literal-widened
compiler/objectFreeze:0:12	WRONG	literal-widened
compiler/objectFreeze:0:2	WRONG	union-order
compiler/objectFreeze:0:20	WRONG	union-order
compiler/objectFreeze:0:22	WRONG	union-order
compiler/objectFreeze:0:29	WRONG	union-order
compiler/objectFreeze:0:31	WRONG	union-order
compiler/objectFreeze:0:4	WRONG	union-order
compiler/objectFreeze:0:46	WRONG	literal-widened
compiler/objectFreeze:0:47	WRONG	literal-widened
compiler/objectFreeze:0:48	WRONG	union-order
compiler/objectFreeze:0:5	WRONG	literal-widened
compiler/objectFreeze:0:50	WRONG	union-order
compiler/objectFreeze:0:51	WRONG	literal-mixed
compiler/objectFreeze:0:52	WRONG	literal-widened
compiler/objectFreeze:0:54	WRONG	literal-widened
compiler/objectFreeze:0:6	WRONG	literal-widened
compiler/objectFreeze:0:60	WRONG	literal-widened
compiler/objectFreeze:0:64	WRONG	literal-widened
compiler/objectFreeze:0:65	WRONG	literal-widened
compiler/objectFreeze:0:66	WRONG	literal-widened
compiler/objectFreezeLiteralsDontWiden:0:0	WRONG	literal-widened
compiler/objectFreezeLiteralsDontWiden:0:1	WRONG	literal-widened
compiler/objectFreezeLiteralsDontWiden:0:10	WRONG	literal-widened
compiler/objectFreezeLiteralsDontWiden:0:11	WRONG	literal-widened
compiler/objectFreezeLiteralsDontWiden:0:12	WRONG	literal-widened
compiler/objectFreezeLiteralsDontWiden:0:13	WRONG	literal-widened
compiler/objectFreezeLiteralsDontWiden:0:14	WRONG	literal-widened
compiler/objectFreezeLiteralsDontWiden:0:15	WRONG	literal-widened
compiler/objectFreezeLiteralsDontWiden:0:16	WRONG	literal-widened
compiler/objectFreezeLiteralsDontWiden:0:17	WRONG	literal-widened
compiler/objectFreezeLiteralsDontWiden:0:18	WRONG	literal-widened
compiler/objectFreezeLiteralsDontWiden:0:2	WRONG	union-order
compiler/objectFreezeLiteralsDontWiden:0:4	WRONG	union-order
compiler/objectFreezeLiteralsDontWiden:0:5	WRONG	literal-widened
compiler/objectFreezeLiteralsDontWiden:0:6	WRONG	literal-widened
compiler/objectFreezeLiteralsDontWiden:0:8	WRONG	literal-widened
compiler/objectFromEntries:0:0	WRONG	any:any-initialiser-propagated
compiler/objectFromEntries:0:1	WRONG	any:call-error
compiler/objectFromEntries:0:12	WRONG	tuple-vs-array
compiler/objectFromEntries:0:37	WRONG	union-order
compiler/objectFromEntries:0:39	WRONG	union-order
compiler/objectFromEntries:0:5	WRONG	other
compiler/objectFromEntries:0:57	WRONG	other
compiler/objectFromEntries:0:58	WRONG	union-order
compiler/objectFromEntries:0:6	WRONG	tuple-vs-array
compiler/objectFromEntries:0:60	WRONG	union-order
compiler/objectFromEntries:0:61	WRONG	other
compiler/objectFromEntries:0:62	WRONG	tuple-vs-array
compiler/objectFromEntries:0:65	WRONG	tuple-vs-array
compiler/objectFromEntries:0:68	WRONG	tuple-vs-array
compiler/objectFromEntries:0:9	WRONG	tuple-vs-array
compiler/objectGroupBy:0:17	WRONG	unknown-where-native-typed
compiler/objectGroupBy:0:18	WRONG	unknown-where-native-typed
compiler/objectGroupBy:0:23	WRONG	unknown-where-native-typed
compiler/objectGroupBy:0:24	WRONG	unknown-where-native-typed
compiler/objectGroupBy:0:25	WRONG	unknown-where-native-typed
compiler/objectLitArrayDeclNoNew:0:10	WRONG	any:literal-expression-error
compiler/objectLitIndexerContextualType:0:24	WRONG	any:binary-operand
compiler/objectLitIndexerContextualType:0:26	WRONG	any:literal-expression-error
compiler/objectLitIndexerContextualType:0:27	WRONG	any:literal-expression-error
compiler/objectLitIndexerContextualType:0:28	WRONG	any:function-expression-error
compiler/objectLiteralMemberWithoutBlock1:0:0	WRONG	object-members-differ
compiler/objectLiteralMemberWithoutBlock1:0:1	WRONG	object-members-differ
compiler/objectLiteralMemberWithoutBlock1:0:2	WRONG	signature-differs
compiler/octalLiteralAndEscapeSequence:0:100	WRONG	literal-mixed
compiler/octalLiteralAndEscapeSequence:0:119	WRONG	string-escape-printing
compiler/octalLiteralAndEscapeSequence:0:121	WRONG	literal-mixed
compiler/octalLiteralAndEscapeSequence:0:123	WRONG	string-escape-printing
compiler/octalLiteralAndEscapeSequence:0:125	WRONG	literal-mixed
compiler/octalLiteralAndEscapeSequence:0:127	WRONG	literal-mixed
compiler/octalLiteralAndEscapeSequence:0:129	WRONG	string-escape-printing
compiler/octalLiteralAndEscapeSequence:0:131	WRONG	literal-mixed
compiler/octalLiteralAndEscapeSequence:0:94	WRONG	string-escape-printing
compiler/octalLiteralAndEscapeSequence:0:95	WRONG	literal-mixed
compiler/octalLiteralAndEscapeSequence:0:96	WRONG	string-escape-printing
compiler/octalLiteralAndEscapeSequence:0:97	WRONG	literal-mixed
compiler/octalLiteralAndEscapeSequence:0:98	WRONG	literal-mixed
compiler/octalLiteralAndEscapeSequence:0:99	WRONG	string-escape-printing
compiler/omitTypeHelperModifiers01:0:10	WRONG	alias-name-native-reassigned
compiler/omitTypeHelperModifiers01:0:14	WRONG	alias-name-native-reassigned
compiler/omitTypeHelperModifiers01:0:19	WRONG	alias-name-native-reassigned
compiler/omitTypeHelperModifiers01:0:24	WRONG	alias-name-native-reassigned
compiler/omitTypeHelperModifiers01:0:27	WRONG	typed-where-native-any
compiler/omitTypeHelperModifiers01:0:28	WRONG	alias-name-native-reassigned
compiler/omitTypeHelperModifiers01:0:29	WRONG	typed-where-native-any
compiler/omitTypeHelperModifiers01:0:33	WRONG	alias-name-native-reassigned
compiler/omitTypeHelperModifiers01:0:37	WRONG	alias-name-native-reassigned
compiler/omitTypeHelperModifiers01:0:5	WRONG	alias-name-native-reassigned
compiler/omitTypeHelperModifiers01:0:7	WRONG	alias-name-native-reassigned
compiler/omitTypeTestErrors01:0:11	WRONG	alias-name-native-reassigned
compiler/omitTypeTestErrors01:0:13	WRONG	alias-name-native-reassigned
compiler/omitTypeTestErrors01:0:3	WRONG	alias-name-native-reassigned
compiler/omitTypeTestErrors01:0:4	WRONG	alias-name-native-reassigned
compiler/omitTypeTestErrors01:0:6	WRONG	alias-name-native-reassigned
compiler/omitTypeTestErrors01:0:8	WRONG	alias-name-native-reassigned
compiler/omitTypeTests01:0:11	WRONG	alias-name-native-reassigned
compiler/omitTypeTests01:0:13	WRONG	alias-name-native-reassigned
compiler/omitTypeTests01:0:3	WRONG	alias-name-native-reassigned
compiler/omitTypeTests01:0:4	WRONG	alias-name-native-reassigned
compiler/omitTypeTests01:0:6	WRONG	alias-name-native-reassigned
compiler/omitTypeTests01:0:8	WRONG	alias-name-native-reassigned
compiler/operationsAvailableOnPromisedType(target=es2015):0:28	WRONG	any:configured:array-literal
compiler/optionalChainWithInstantiationExpression1(target=es2019):0:12	WRONG	any:configured:identifier
compiler/optionalChainWithInstantiationExpression1(target=es2019):0:7	WRONG	any:configured:other-expression
compiler/optionalChainWithInstantiationExpression1(target=es2019):0:8	WRONG	any:configured:other-expression
compiler/optionalChainWithInstantiationExpression1(target=es2020):0:12	WRONG	any:configured:identifier
compiler/optionalChainWithInstantiationExpression1(target=es2020):0:7	WRONG	any:configured:other-expression
compiler/optionalChainWithInstantiationExpression1(target=es2020):0:8	WRONG	any:configured:other-expression
compiler/optionalChainWithInstantiationExpression2(target=es2019):0:5	GAP	gap:call
compiler/optionalChainWithInstantiationExpression2(target=es2019):0:6	GAP	gap:other-expression
compiler/optionalChainWithInstantiationExpression2(target=es2020):0:5	GAP	gap:call
compiler/optionalChainWithInstantiationExpression2(target=es2020):0:6	GAP	gap:other-expression
compiler/optionalParamReferencingOtherParams2(target=es2015):0:2	WRONG	signature-differs
compiler/optionalParamReferencingOtherParams2(target=es2015):0:5	WRONG	typed-where-native-any
compiler/optionalParamReferencingOtherParams2(target=es2015):0:6	WRONG	typed-where-native-any
compiler/optionalParamReferencingOtherParams2(target=es2015):0:9	WRONG	typed-where-native-any
compiler/overloadConsecutiveness:0:10	WRONG	other
compiler/overloadConsecutiveness:0:2	WRONG	other
compiler/overloadConsecutiveness:0:3	WRONG	other
compiler/overloadConsecutiveness:0:9	WRONG	other
compiler/overloadsWithComputedNames:0:46	WRONG	other
compiler/overloadsWithComputedNames:0:48	WRONG	other
compiler/paramsOnlyHaveLiteralTypesWhenAppropriatelyContextualized:0:16	WRONG	undefined-optionality
compiler/paramsOnlyHaveLiteralTypesWhenAppropriatelyContextualized:0:17	WRONG	undefined-optionality
compiler/paramsOnlyHaveLiteralTypesWhenAppropriatelyContextualized:0:2	WRONG	undefined-optionality
compiler/paramsOnlyHaveLiteralTypesWhenAppropriatelyContextualized:0:5	WRONG	undefined-optionality
compiler/paramsOnlyHaveLiteralTypesWhenAppropriatelyContextualized:0:6	WRONG	undefined-optionality
compiler/paramsOnlyHaveLiteralTypesWhenAppropriatelyContextualized:0:7	WRONG	undefined-optionality
compiler/paramsOnlyHaveLiteralTypesWhenAppropriatelyContextualized:0:9	WRONG	undefined-optionality
compiler/parseAssertEntriesError:0:8	WRONG	type-argument-differs
compiler/parseErrorIncorrectReturnToken:0:14	WRONG	object-members-differ
compiler/parseErrorIncorrectReturnToken:0:15	WRONG	object-members-differ
compiler/parseErrorIncorrectReturnToken:0:16	WRONG	signature-differs
compiler/parseErrorIncorrectReturnToken:0:2	WRONG	different-name
compiler/parseErrorIncorrectReturnToken:0:5	WRONG	signature-differs
compiler/parseErrorIncorrectReturnToken:0:6	WRONG	signature-differs
compiler/parseErrorIncorrectReturnToken:0:8	WRONG	any:function-expression-error
compiler/parseImportAttributesError:0:8	WRONG	type-argument-differs
compiler/parseJsxElementInUnaryExpressionNoCrash1:0:0	WRONG	js:different-name
compiler/parseJsxElementInUnaryExpressionNoCrash2:0:0	WRONG	js:different-name
compiler/parseJsxElementInUnaryExpressionNoCrash3:0:1	WRONG	js:typed-where-native-any
compiler/parseUnmatchedTypeAssertion:0:1	WRONG	any:other
compiler/parserPrivateIdentifierInArrayAssignment:0:1	WRONG	any:literal-expression-error
compiler/partialTypeNarrowedToByTypeGuard:0:11	WRONG	signature-differs
compiler/partialTypeNarrowedToByTypeGuard:0:5	WRONG	signature-differs
compiler/privacyCheckExternalModuleExportAssignmentOfGenericClass:0:2	GAP	gap:identifier
compiler/privacyGloImport:0:115	GAP	gap:identifier
compiler/privacyGloImport:0:116	GAP	gap:identifier
compiler/privacyGloImport:0:121	GAP	gap:identifier
compiler/privacyGloImport:0:122	GAP	gap:identifier
compiler/privacyGloImportParseErrors:0:201	WRONG	any:type-reference-error
compiler/privacyGloImportParseErrors:0:202	WRONG	any:other
compiler/privacyGloImportParseErrors:0:207	WRONG	any:type-reference-error
compiler/privacyGloImportParseErrors:0:208	WRONG	any:other
compiler/promiseChaining1:0:16	WRONG	type-param-rename
compiler/promiseChaining1:0:24	WRONG	type-param-rename
compiler/promiseChaining2:0:16	WRONG	type-param-rename
compiler/promiseChaining2:0:24	WRONG	type-param-rename
compiler/promiseChaining:0:15	WRONG	type-param-rename
compiler/promiseChaining:0:23	WRONG	type-param-rename
compiler/promisePermutations2:0:754	WRONG	signature-type-params-dropped
compiler/promisePermutations2:0:806	WRONG	signature-type-params-dropped
compiler/promisePermutations3:0:754	WRONG	signature-type-params-dropped
compiler/promisePermutations3:0:806	WRONG	signature-type-params-dropped
compiler/promisePermutations3:0:809	WRONG	type-argument-differs
compiler/promisePermutations3:0:810	WRONG	type-argument-differs
compiler/promisePermutations:0:775	WRONG	signature-type-params-dropped
compiler/promisePermutations:0:827	WRONG	signature-type-params-dropped
compiler/promisePermutations:0:830	WRONG	type-argument-differs
compiler/promisePermutations:0:831	WRONG	type-argument-differs
compiler/promiseTest:0:10	WRONG	undefined-optionality
compiler/promiseTest:0:12	WRONG	undefined-optionality
compiler/promiseTry:0:46	GAP	gap:function-expression
compiler/promiseTry:0:47	WRONG	any:contextual-parameter
compiler/propTypeValidatorInference:1:104	WRONG	type-argument-differs
compiler/propTypeValidatorInference:1:105	WRONG	type-argument-differs
compiler/propTypeValidatorInference:1:11	GAP	gap:identifier
compiler/propTypeValidatorInference:1:111	WRONG	type-argument-differs
compiler/propTypeValidatorInference:1:112	WRONG	type-argument-differs
compiler/propTypeValidatorInference:1:113	WRONG	type-argument-differs
compiler/propTypeValidatorInference:1:114	WRONG	type-argument-differs
compiler/propTypeValidatorInference:1:118	WRONG	alias-port-kept
compiler/propTypeValidatorInference:1:119	WRONG	type-argument-differs
compiler/propTypeValidatorInference:1:120	GAP	gap:identifier
compiler/propTypeValidatorInference:1:122	GAP	gap:identifier
compiler/propTypeValidatorInference:1:123	GAP	gap:identifier
compiler/propTypeValidatorInference:1:125	WRONG	object-members-differ
compiler/propTypeValidatorInference:1:126	WRONG	conditional-type-unresolved
compiler/propTypeValidatorInference:1:131	WRONG	conditional-type-unresolved
compiler/propTypeValidatorInference:1:132	WRONG	conditional-type-unresolved
compiler/propTypeValidatorInference:1:29	WRONG	alias-port-kept
compiler/propTypeValidatorInference:1:30	WRONG	alias-port-kept
compiler/propTypeValidatorInference:1:52	GAP	gap:identifier
compiler/propTypeValidatorInference:1:53	WRONG	object-members-differ
compiler/propTypeValidatorInference:1:70	WRONG	type-argument-differs
compiler/propTypeValidatorInference:1:71	WRONG	type-argument-differs
compiler/propTypeValidatorInference:1:77	WRONG	type-argument-differs
compiler/propTypeValidatorInference:1:78	WRONG	type-argument-differs
compiler/propTypeValidatorInference:1:79	WRONG	type-argument-differs
compiler/propTypeValidatorInference:1:80	WRONG	type-argument-differs
compiler/propTypeValidatorInference:1:84	WRONG	alias-port-kept
compiler/propTypeValidatorInference:1:85	WRONG	type-argument-differs
compiler/propTypeValidatorInference:1:86	WRONG	object-members-differ
compiler/propTypeValidatorInference:1:87	WRONG	object-members-differ
compiler/propagationOfPromiseInitialization:0:11	WRONG	optional-param-undefined-not-printed
compiler/propagationOfPromiseInitialization:0:15	WRONG	optional-param-undefined-not-printed
compiler/propagationOfPromiseInitialization:0:7	WRONG	optional-param-undefined-not-printed
compiler/propagationOfPromiseInitialization:0:9	WRONG	optional-param-undefined-not-printed
compiler/propertyAssignment:0:15	WRONG	any:type-reference-error
compiler/propertyAssignment:0:3	WRONG	any:type-reference-error
compiler/quickinfoTypeAtReturnPositionsInaccurate:0:106	WRONG	type-param-rename
compiler/quickinfoTypeAtReturnPositionsInaccurate:0:43	WRONG	different-name
compiler/quickinfoTypeAtReturnPositionsInaccurate:0:45	WRONG	alias-native-kept
compiler/quickinfoTypeAtReturnPositionsInaccurate:0:70	WRONG	different-name
compiler/quickinfoTypeAtReturnPositionsInaccurate:0:91	WRONG	alias-native-kept
compiler/quickinfoTypeAtReturnPositionsInaccurate:0:92	WRONG	alias-port-kept
compiler/quickinfoTypeAtReturnPositionsInaccurate:0:93	WRONG	union-members-differ
compiler/quickinfoTypeAtReturnPositionsInaccurate:0:94	WRONG	different-name
compiler/quickinfoTypeAtReturnPositionsInaccurate:0:95	WRONG	union-members-differ
compiler/ramdaToolsNoInfinite2:0:115	WRONG	mapped-type-resolved-where-native-deferred
compiler/ramdaToolsNoInfinite2:0:118	WRONG	mapped-type-resolved-where-native-deferred
compiler/ramdaToolsNoInfinite2:0:124	WRONG	mapped-type-resolved-where-native-deferred
compiler/ramdaToolsNoInfinite2:0:133	WRONG	object-members-differ
compiler/ramdaToolsNoInfinite2:0:134	GAP	gap:other-expression
compiler/ramdaToolsNoInfinite2:0:135	GAP	gap:other-expression
compiler/ramdaToolsNoInfinite2:0:136	GAP	gap:other-expression
compiler/ramdaToolsNoInfinite2:0:137	GAP	gap:other-expression
compiler/ramdaToolsNoInfinite2:0:138	WRONG	object-members-differ
compiler/ramdaToolsNoInfinite2:0:139	GAP	gap:other-expression
compiler/ramdaToolsNoInfinite2:0:140	GAP	gap:other-expression
compiler/ramdaToolsNoInfinite2:0:141	GAP	gap:other-expression
compiler/ramdaToolsNoInfinite2:0:142	GAP	gap:other-expression
compiler/ramdaToolsNoInfinite2:0:150	WRONG	alias-port-kept
compiler/ramdaToolsNoInfinite2:0:157	WRONG	mapped-type-resolved-where-native-deferred
compiler/ramdaToolsNoInfinite2:0:173	WRONG	alias-port-kept
compiler/ramdaToolsNoInfinite2:0:191	WRONG	type-argument-differs
compiler/ramdaToolsNoInfinite2:0:217	WRONG	type-argument-differs
compiler/ramdaToolsNoInfinite2:0:430	GAP	gap:identifier
compiler/ramdaToolsNoInfinite2:0:434	WRONG	alias-port-kept
compiler/ramdaToolsNoInfinite2:0:456	WRONG	alias-port-kept
compiler/ramdaToolsNoInfinite2:0:8	WRONG	mapped-type-resolved-where-native-deferred
compiler/ramdaToolsNoInfinite2:0:84	WRONG	different-name
compiler/ramdaToolsNoInfinite:0:13	WRONG	alias-port-kept
compiler/ramdaToolsNoInfinite:0:18	WRONG	type-argument-differs
compiler/ramdaToolsNoInfinite:0:22	WRONG	alias-port-kept
compiler/ramdaToolsNoInfinite:0:25	WRONG	type-argument-differs
compiler/ramdaToolsNoInfinite:0:28	WRONG	type-argument-differs
compiler/ramdaToolsNoInfinite:0:40	GAP	gap:identifier
compiler/ramdaToolsNoInfinite:0:43	GAP	gap:identifier
compiler/ramdaToolsNoInfinite:0:54	WRONG	different-name
compiler/ramdaToolsNoInfinite:0:57	WRONG	type-argument-differs
compiler/ramdaToolsNoInfinite:0:60	GAP	gap:identifier
compiler/reactDefaultPropsInferenceSuccess:0:0	WRONG	import-qualifier-extra
compiler/reactDefaultPropsInferenceSuccess:0:102	WRONG	any:jsx
compiler/reactDefaultPropsInferenceSuccess:0:103	WRONG	any:function-expression-error
compiler/reactDefaultPropsInferenceSuccess:0:104	WRONG	any:contextual-parameter
compiler/reactDefaultPropsInferenceSuccess:0:107	WRONG	any:contextual-parameter
compiler/reactDefaultPropsInferenceSuccess:0:112	WRONG	any:jsx
compiler/reactDefaultPropsInferenceSuccess:0:113	WRONG	any:function-expression-error
compiler/reactDefaultPropsInferenceSuccess:0:114	WRONG	any:contextual-parameter
compiler/reactDefaultPropsInferenceSuccess:0:119	WRONG	any:contextual-parameter
compiler/reactDefaultPropsInferenceSuccess:0:21	WRONG	any:jsx
compiler/reactDefaultPropsInferenceSuccess:0:22	WRONG	any:function-expression-error
compiler/reactDefaultPropsInferenceSuccess:0:23	WRONG	any:contextual-parameter
compiler/reactDefaultPropsInferenceSuccess:0:26	WRONG	any:contextual-parameter
compiler/reactDefaultPropsInferenceSuccess:0:31	WRONG	any:jsx
compiler/reactDefaultPropsInferenceSuccess:0:32	WRONG	any:function-expression-error
compiler/reactDefaultPropsInferenceSuccess:0:33	WRONG	any:contextual-parameter
compiler/reactDefaultPropsInferenceSuccess:0:38	WRONG	any:contextual-parameter
compiler/reactDefaultPropsInferenceSuccess:0:41	WRONG	import-qualifier-extra
compiler/reactDefaultPropsInferenceSuccess:0:56	WRONG	any:jsx
compiler/reactDefaultPropsInferenceSuccess:0:57	WRONG	any:function-expression-error
compiler/reactDefaultPropsInferenceSuccess:0:58	WRONG	any:contextual-parameter
compiler/reactDefaultPropsInferenceSuccess:0:6	WRONG	import-qualifier-extra
compiler/reactDefaultPropsInferenceSuccess:0:61	WRONG	any:contextual-parameter
compiler/reactDefaultPropsInferenceSuccess:0:68	WRONG	any:jsx
compiler/reactDefaultPropsInferenceSuccess:0:69	WRONG	any:function-expression-error
compiler/reactDefaultPropsInferenceSuccess:0:70	WRONG	any:contextual-parameter
compiler/reactDefaultPropsInferenceSuccess:0:75	WRONG	any:contextual-parameter
compiler/reactDefaultPropsInferenceSuccess:0:90	WRONG	qualified-name-choice
compiler/reactDefaultPropsInferenceSuccess:0:92	WRONG	qualified-name-choice
compiler/reactHOCSpreadprops:0:1	GAP	gap:identifier
compiler/reactHOCSpreadprops:0:12	GAP	gap:identifier
compiler/reactHOCSpreadprops:0:13	WRONG	qualified-name-choice
compiler/reactHOCSpreadprops:0:15	WRONG	qualified-name-choice
compiler/reactHOCSpreadprops:0:2	GAP	gap:identifier
compiler/reactImportDropped:1:0	WRONG	js:import-qualifier-missing
compiler/reactImportDropped:1:1	WRONG	js:import-qualifier-missing
compiler/reactImportDropped:1:2	WRONG	js:alias-port-kept
compiler/reactImportDropped:1:3	WRONG	js:import-qualifier-missing
compiler/reactImportDropped:2:0	WRONG	js:import-qualifier-missing
compiler/reactImportDropped:2:4	WRONG	js:import-qualifier-missing
compiler/reactImportUnusedInNewJSXEmit(jsx=react-jsx):0:0	WRONG	import-qualifier-extra
compiler/reactImportUnusedInNewJSXEmit(jsx=react-jsxdev):0:0	WRONG	import-qualifier-extra
compiler/reactReadonlyHOCAssignabilityReal:0:13	WRONG	type-argument-differs
compiler/reactReadonlyHOCAssignabilityReal:0:14	WRONG	qualified-name-choice
compiler/reactReadonlyHOCAssignabilityReal:0:16	WRONG	qualified-name-choice
compiler/reactReadonlyHOCAssignabilityReal:0:17	WRONG	literal-widened
compiler/reactReadonlyHOCAssignabilityReal:0:2	WRONG	type-argument-differs
compiler/reactReduxLikeDeferredInferenceAllowsAssignment:0:58	WRONG	partial-any
compiler/reactReduxLikeDeferredInferenceAllowsAssignment:0:59	WRONG	partial-any
compiler/reactReduxLikeDeferredInferenceAllowsAssignment:0:62	WRONG	any:function-expression-error
compiler/reactReduxLikeDeferredInferenceAllowsAssignment:0:74	WRONG	partial-any
compiler/reactReduxLikeDeferredInferenceAllowsAssignment:0:75	WRONG	partial-any
compiler/reactReduxLikeDeferredInferenceAllowsAssignment:0:77	WRONG	partial-any
compiler/reactReduxLikeDeferredInferenceAllowsAssignment:0:80	WRONG	any:any-initialiser-propagated
compiler/reactReduxLikeDeferredInferenceAllowsAssignment:0:81	WRONG	any:call-error
compiler/reactReduxLikeDeferredInferenceAllowsAssignment:0:82	WRONG	mapped-type-unresolved
compiler/reactReduxLikeDeferredInferenceAllowsAssignment:0:84	WRONG	partial-any
compiler/reactSFCAndFunctionResolvable:0:11	WRONG	alias-name-port-reassigned
compiler/reactSFCAndFunctionResolvable:0:14	WRONG	alias-port-kept
compiler/reactSFCAndFunctionResolvable:0:15	WRONG	union-members-differ
compiler/reactSFCAndFunctionResolvable:0:18	WRONG	alias-name-port-reassigned
compiler/reactSFCAndFunctionResolvable:0:19	WRONG	alias-port-kept
compiler/reactSFCAndFunctionResolvable:0:20	WRONG	union-members-differ
compiler/reactSFCAndFunctionResolvable:0:23	WRONG	alias-name-port-reassigned
compiler/reactSFCAndFunctionResolvable:0:27	WRONG	alias-port-kept
compiler/reactSFCAndFunctionResolvable:0:29	WRONG	alias-port-kept
compiler/reactSFCAndFunctionResolvable:0:6	WRONG	alias-name-port-reassigned
compiler/reactTransitiveImportHasValidDeclaration:1:2	WRONG	import-qualifier-missing
compiler/reactTransitiveImportHasValidDeclaration:4:0	WRONG	import-qualifier-missing
compiler/reactTransitiveImportHasValidDeclaration:4:1	WRONG	import-qualifier-missing
compiler/reactTransitiveImportHasValidDeclaration:4:2	WRONG	import-qualifier-missing
compiler/reactTransitiveImportHasValidDeclaration:4:3	WRONG	import-qualifier-missing
compiler/reactTransitiveImportHasValidDeclaration:4:4	WRONG	import-qualifier-missing
compiler/reactTransitiveImportHasValidDeclaration:4:9	WRONG	import-qualifier-missing
compiler/recursiveBaseConstructorCreation3:0:11	WRONG	typed-where-native-any
compiler/recursiveBaseConstructorCreation3:0:6	WRONG	typed-where-native-any
compiler/recursiveBaseConstructorCreation3:0:7	WRONG	typed-where-native-any
compiler/recursiveConditionalCrash1:0:0	WRONG	conditional-type-resolved-where-native-deferred
compiler/recursiveConditionalCrash1:0:1	WRONG	conditional-type-resolved-where-native-deferred
compiler/recursiveConditionalCrash2:0:3	WRONG	conditional-type-resolved-where-native-deferred
compiler/recursiveConditionalTypes:0:101	WRONG	object-members-differ
compiler/recursiveConditionalTypes:0:103	WRONG	object-members-differ
compiler/recursiveConditionalTypes:0:104	WRONG	any:call-error
compiler/recursiveConditionalTypes:0:106	WRONG	object-members-differ
compiler/recursiveConditionalTypes:0:107	WRONG	object-members-differ
compiler/recursiveConditionalTypes:0:108	WRONG	object-members-differ
compiler/recursiveConditionalTypes:0:109	WRONG	object-members-differ
compiler/recursiveConditionalTypes:0:110	WRONG	object-members-differ
compiler/recursiveConditionalTypes:0:111	WRONG	any:other
compiler/recursiveConditionalTypes:0:112	WRONG	any:other
compiler/recursiveConditionalTypes:0:31	WRONG	any:type-reference-error
compiler/recursiveConditionalTypes:0:39	WRONG	conditional-type-unresolved
compiler/recursiveConditionalTypes:0:40	WRONG	typed-where-native-any
compiler/recursiveConditionalTypes:0:72	WRONG	object-members-differ
compiler/recursiveConditionalTypes:0:73	WRONG	object-members-differ
compiler/recursiveConditionalTypes:0:74	WRONG	object-members-differ
compiler/recursiveConditionalTypes:0:75	WRONG	object-members-differ
compiler/recursiveConditionalTypes:0:76	WRONG	object-members-differ
compiler/recursiveConditionalTypes:0:77	WRONG	alias-name-native-reassigned
compiler/recursiveConditionalTypes:0:8	WRONG	typed-where-native-any
compiler/recursiveConditionalTypes:0:80	WRONG	different-name
compiler/recursiveConditionalTypes:0:86	WRONG	alias-native-kept
compiler/recursiveExportAssignmentAndFindAliasedType7:1:2	GAP	gap:identifier
compiler/recursiveGenericMethodCall:0:1	WRONG	type-argument-differs
compiler/recursiveGenericMethodCall:0:4	WRONG	type-argument-differs
compiler/recursiveGenericUnionType1:0:2	WRONG	alias-name-native-reassigned
compiler/recursiveGenericUnionType1:0:5	WRONG	alias-name-native-reassigned
compiler/recursiveGenericUnionType2:0:2	WRONG	alias-name-native-reassigned
compiler/recursiveGenericUnionType2:0:5	WRONG	alias-name-native-reassigned
compiler/recursiveGetterAccess:0:1	GAP	gap:identifier
compiler/recursiveGetterAccess:0:2	GAP	gap:property-access
compiler/recursiveLetConst:0:36	WRONG	any:variable-initialiser-error
compiler/recursiveLetConst:0:37	WRONG	object-members-differ
compiler/recursiveLetConst:0:38	WRONG	signature-differs
compiler/recursiveLetConst:0:39	WRONG	any:variable-initialiser-error
compiler/recursiveProperties(target=es2015):0:1	GAP	gap:identifier
compiler/recursiveProperties(target=es2015):0:2	GAP	gap:property-access
compiler/recursiveReverseMappedType:0:3	WRONG	tuple-vs-array
compiler/recursiveTupleTypeInference:0:14	WRONG	any:call-error
compiler/recursiveTupleTypeInference:0:16	WRONG	mapped-type-unresolved
compiler/recursiveTupleTypeInference:0:4	WRONG	mapped-type-unresolved
compiler/recursiveTupleTypeInference:0:5	WRONG	object-members-differ
compiler/recursiveTupleTypeInference:0:6	WRONG	alias-port-kept
compiler/recursiveTupleTypeInference:0:7	WRONG	alias-port-kept
compiler/recursiveTypeAliasWithSpreadConditionalReturnNotCircular:0:20	WRONG	type-argument-differs
compiler/recursiveTypeAliasWithSpreadConditionalReturnNotCircular:0:21	WRONG	type-argument-differs
compiler/recursiveTypeRelations:0:11	WRONG	partial-any
compiler/recursiveTypeRelations:0:12	WRONG	partial-any
compiler/recursiveTypeRelations:0:16	WRONG	partial-any
compiler/recursiveTypeRelations:0:24	WRONG	any:property-lookup-error
compiler/recursiveTypeRelations:0:26	WRONG	union-members-differ
compiler/recursiveTypeRelations:0:31	WRONG	different-name
compiler/recursiveTypeRelations:0:47	WRONG	any:other
compiler/recursivelyExpandingUnionNoStackoverflow:0:1	WRONG	typed-where-native-any
compiler/reducibleIndexedAccessTypes:0:19	WRONG	union-members-differ
compiler/reducibleIndexedAccessTypes:0:22	GAP	gap:object-literal
compiler/reducibleIndexedAccessTypes:0:23	GAP	gap:array-literal
compiler/reducibleIndexedAccessTypes:0:27	GAP	gap:function-expression
compiler/reducibleIndexedAccessTypes:0:28	WRONG	any:contextual-parameter
compiler/reducibleIndexedAccessTypes:0:33	WRONG	any:contextual-parameter
compiler/reexportDefaultIsCallable:1:0	WRONG	any:alias-target
compiler/reexportDefaultIsCallable:2:2	WRONG	different-name
compiler/reexportWrittenCorrectlyInDeclaration:2:0	WRONG	import-qualifier-missing
compiler/reexportWrittenCorrectlyInDeclaration:2:1	WRONG	import-qualifier-missing
compiler/reexportedMissingAlias:1:0	WRONG	any:alias-target
compiler/reexportedMissingAlias:1:1	WRONG	any:alias-target
compiler/referenceTypesPreferedToPathIfPossible:0:0	WRONG	any:alias-target
compiler/referenceTypesPreferedToPathIfPossible:0:1	WRONG	partial-any
compiler/referenceTypesPreferedToPathIfPossible:0:2	WRONG	partial-any
compiler/referenceTypesPreferedToPathIfPossible:0:3	GAP	gap:call
compiler/referenceTypesPreferedToPathIfPossible:0:4	GAP	gap:identifier
compiler/renamingDestructuredPropertyInFunctionType2:0:80	WRONG	signature-differs
compiler/renamingDestructuredPropertyInFunctionType3:0:10	WRONG	any:variable-initialiser-error
compiler/renamingDestructuredPropertyInFunctionType3:0:11	WRONG	any:function-expression-error
compiler/renamingDestructuredPropertyInFunctionType3:0:14	WRONG	any:function-declaration-error
compiler/renamingDestructuredPropertyInFunctionType3:0:3	WRONG	unknown-where-native-typed
compiler/renamingDestructuredPropertyInFunctionType3:0:4	WRONG	any:type-reference-error
compiler/renamingDestructuredPropertyInFunctionType3:0:7	WRONG	any:type-reference-error
compiler/renamingDestructuredPropertyInFunctionType:0:100	WRONG	signature-differs
compiler/renamingDestructuredPropertyInFunctionType:0:159	WRONG	any:variable-initialiser-error
compiler/renamingDestructuredPropertyInFunctionType:0:160	WRONG	any:function-expression-error
compiler/renamingDestructuredPropertyInFunctionType:0:162	WRONG	any:function-declaration-error
compiler/renamingDestructuredPropertyInFunctionType:0:164	WRONG	any:function-declaration-error
compiler/renamingDestructuredPropertyInFunctionType:0:167	WRONG	any:variable-initialiser-error
compiler/renamingDestructuredPropertyInFunctionType:0:168	WRONG	any:function-expression-error
compiler/renamingDestructuredPropertyInFunctionType:0:78	WRONG	any:type-reference-error
compiler/renamingDestructuredPropertyInFunctionType:0:80	WRONG	any:type-reference-error
compiler/renamingDestructuredPropertyInFunctionType:0:82	WRONG	any:type-reference-error
compiler/renamingDestructuredPropertyInFunctionType:0:85	WRONG	any:type-reference-error
compiler/renamingDestructuredPropertyInFunctionType:0:88	WRONG	any:type-reference-error
compiler/renamingDestructuredPropertyInFunctionType:0:90	WRONG	any:type-reference-error
compiler/renamingDestructuredPropertyInFunctionType:0:92	WRONG	any:type-reference-error
compiler/renamingDestructuredPropertyInFunctionType:0:95	WRONG	any:type-reference-error
compiler/reservedWords2:0:44	WRONG	signature-differs
compiler/reservedWords2:0:47	WRONG	partial-any
compiler/reservedWords2:0:48	WRONG	any:uncontextual-parameter
compiler/reservedWords3:0:1	WRONG	signature-differs
compiler/restElementWithNumberPropertyName(target=es2015):0:1	WRONG	mapped-type-unresolved
compiler/restElementWithNumberPropertyName(target=es2015):0:2	WRONG	tuple-vs-array
compiler/restInvalidArgumentType:0:11	WRONG	mapped-type-unresolved
compiler/restInvalidArgumentType:0:34	WRONG	mapped-type-unresolved
compiler/restInvalidArgumentType:0:41	WRONG	union-members-differ
compiler/restInvalidArgumentType:0:42	WRONG	mapped-type-resolved-where-native-deferred
compiler/restInvalidArgumentType:0:45	WRONG	mapped-type-unresolved
compiler/restInvalidArgumentType:0:46	WRONG	any:binding-element
compiler/restInvalidArgumentType:0:50	WRONG	any:binding-element
compiler/restParameterWithBindingPattern1:0:0	WRONG	signature-differs
compiler/restParameterWithBindingPattern1:0:1	GAP	gap:identifier
compiler/restParameterWithBindingPattern1:0:2	GAP	gap:identifier
compiler/restParameterWithBindingPattern2:0:0	WRONG	binding-pattern-parameter-type
compiler/restParameterWithBindingPattern3:0:12	WRONG	any:function-declaration-error
compiler/restParameterWithBindingPattern3:0:15	WRONG	any:function-declaration-error
compiler/restParameterWithBindingPattern3:0:21	WRONG	any:binding-element
compiler/restParameterWithBindingPattern3:0:8	WRONG	any:function-declaration-error
compiler/returnInfiniteIntersection:0:0	WRONG	signature-differs
compiler/returnInfiniteIntersection:0:1	WRONG	any:variable-initialiser-error
compiler/returnInfiniteIntersection:0:10	WRONG	any:variable-initialiser-error
compiler/returnInfiniteIntersection:0:11	WRONG	any:call-error
compiler/returnInfiniteIntersection:0:12	WRONG	any:call-error
compiler/returnInfiniteIntersection:0:13	WRONG	signature-differs
compiler/returnInfiniteIntersection:0:2	WRONG	signature-differs
compiler/returnInfiniteIntersection:0:4	WRONG	any:call-error
compiler/returnInfiniteIntersection:0:5	WRONG	signature-differs
compiler/returnInfiniteIntersection:0:6	WRONG	any:other
compiler/returnInfiniteIntersection:0:7	WRONG	any:variable-initialiser-error
compiler/returnInfiniteIntersection:0:8	WRONG	any:variable-initialiser-error
compiler/returnTypeParameterWithModules:0:37	GAP	gap:function-expression
compiler/returnTypeTypeArguments:0:33	WRONG	object-members-differ
compiler/returnTypeTypeArguments:0:35	WRONG	any:type-reference-error
compiler/returnTypeTypeArguments:0:36	WRONG	any:type-reference-error
compiler/returnTypeTypeArguments:0:39	WRONG	object-members-differ
compiler/returnTypeTypeArguments:0:41	WRONG	any:type-reference-error
compiler/returnTypeTypeArguments:0:42	WRONG	any:type-reference-error
compiler/returnTypeTypeArguments:0:46	WRONG	object-members-differ
compiler/returnTypeTypeArguments:0:48	WRONG	any:type-reference-error
compiler/returnTypeTypeArguments:0:49	WRONG	any:type-reference-error
compiler/returnTypeTypeArguments:0:52	WRONG	object-members-differ
compiler/returnTypeTypeArguments:0:54	WRONG	any:type-reference-error
compiler/returnTypeTypeArguments:0:55	WRONG	any:type-reference-error
compiler/reverseInferenceInContextualInstantiation:0:6	WRONG	optional-param-undefined-not-printed
compiler/reverseInferenceInContextualInstantiation:0:8	WRONG	optional-param-undefined-not-printed
compiler/reverseMappedIntersectionInference1:0:13	WRONG	literal-widened
compiler/reverseMappedIntersectionInference1:0:28	WRONG	literal-widened
compiler/reverseMappedIntersectionInference1:0:29	WRONG	literal-widened
compiler/reverseMappedIntersectionInference1:0:30	WRONG	literal-widened
compiler/reverseMappedIntersectionInference2:0:15	GAP	gap:array-literal
compiler/reverseMappedIntersectionInference2:0:29	GAP	gap:object-literal
compiler/reverseMappedIntersectionInference2:0:30	WRONG	literal-widened
compiler/reverseMappedIntersectionInference2:0:32	GAP	gap:identifier
compiler/reverseMappedIntersectionInference2:0:33	GAP	gap:function-expression
compiler/reverseMappedPartiallyInferableTypes:0:101	WRONG	any:contextual-parameter
compiler/reverseMappedPartiallyInferableTypes:0:12	WRONG	different-name
compiler/reverseMappedPartiallyInferableTypes:0:127	WRONG	any:literal-expression-error
compiler/reverseMappedPartiallyInferableTypes:0:128	WRONG	any:literal-expression-error
compiler/reverseMappedPartiallyInferableTypes:0:129	WRONG	any:literal-expression-error
compiler/reverseMappedPartiallyInferableTypes:0:131	WRONG	any:function-expression-error
compiler/reverseMappedPartiallyInferableTypes:0:132	WRONG	any:contextual-parameter
compiler/reverseMappedPartiallyInferableTypes:0:134	WRONG	any:contextual-parameter
compiler/reverseMappedPartiallyInferableTypes:0:135	WRONG	any:contextual-parameter
compiler/reverseMappedPartiallyInferableTypes:0:136	WRONG	any:contextual-parameter
compiler/reverseMappedPartiallyInferableTypes:0:14	WRONG	different-name
compiler/reverseMappedPartiallyInferableTypes:0:15	WRONG	different-name
compiler/reverseMappedPartiallyInferableTypes:0:17	WRONG	any:variable-initialiser-error
compiler/reverseMappedPartiallyInferableTypes:0:18	WRONG	any:call-error
compiler/reverseMappedPartiallyInferableTypes:0:20	WRONG	any:literal-expression-error
compiler/reverseMappedPartiallyInferableTypes:0:21	WRONG	any:literal-expression-error
compiler/reverseMappedPartiallyInferableTypes:0:22	WRONG	any:literal-expression-error
compiler/reverseMappedPartiallyInferableTypes:0:23	WRONG	any:literal-expression-error
compiler/reverseMappedPartiallyInferableTypes:0:24	WRONG	any:literal-expression-error
compiler/reverseMappedPartiallyInferableTypes:0:28	WRONG	any:literal-expression-error
compiler/reverseMappedPartiallyInferableTypes:0:29	WRONG	any:function-expression-error
compiler/reverseMappedPartiallyInferableTypes:0:30	WRONG	any:contextual-parameter
compiler/reverseMappedPartiallyInferableTypes:0:31	WRONG	any:contextual-parameter
compiler/reverseMappedPartiallyInferableTypes:0:32	WRONG	any:contextual-parameter
compiler/reverseMappedPartiallyInferableTypes:0:33	WRONG	any:contextual-parameter
compiler/reverseMappedPartiallyInferableTypes:0:45	WRONG	any:property-lookup-error
compiler/reverseMappedPartiallyInferableTypes:0:46	WRONG	any:variable-initialiser-error
compiler/reverseMappedPartiallyInferableTypes:0:47	WRONG	any:property-lookup-error
compiler/reverseMappedPartiallyInferableTypes:0:48	WRONG	any:property-lookup-error
compiler/reverseMappedPartiallyInferableTypes:0:49	WRONG	any:variable-initialiser-error
compiler/reverseMappedPartiallyInferableTypes:0:50	WRONG	any:property-lookup-error
compiler/reverseMappedPartiallyInferableTypes:0:51	WRONG	any:property-lookup-error
compiler/reverseMappedPartiallyInferableTypes:0:52	WRONG	any:property-lookup-error
compiler/reverseMappedPartiallyInferableTypes:0:53	WRONG	any:variable-initialiser-error
compiler/reverseMappedPartiallyInferableTypes:0:54	WRONG	any:property-lookup-error
compiler/reverseMappedPartiallyInferableTypes:0:55	WRONG	any:property-lookup-error
compiler/reverseMappedPartiallyInferableTypes:0:56	WRONG	any:property-lookup-error
compiler/reverseMappedPartiallyInferableTypes:0:57	WRONG	any:property-lookup-error
compiler/reverseMappedPartiallyInferableTypes:0:58	WRONG	any:variable-initialiser-error
compiler/reverseMappedPartiallyInferableTypes:0:59	WRONG	any:property-lookup-error
compiler/reverseMappedPartiallyInferableTypes:0:60	WRONG	any:property-lookup-error
compiler/reverseMappedPartiallyInferableTypes:0:94	WRONG	partial-any
compiler/reverseMappedPartiallyInferableTypes:0:95	WRONG	partial-any
compiler/reverseMappedPartiallyInferableTypes:0:96	WRONG	partial-any
compiler/reverseMappedPartiallyInferableTypes:0:97	WRONG	partial-any
compiler/reverseMappedPartiallyInferableTypes:0:98	WRONG	any:contextual-parameter
compiler/reverseMappedTupleContext:0:20	WRONG	other
compiler/reverseMappedTupleContext:0:21	WRONG	other
compiler/reverseMappedTupleContext:0:23	WRONG	signature-differs
compiler/reverseMappedTupleContext:0:26	WRONG	tuple-vs-array
compiler/reverseMappedTypeAssignableToIndex:0:11	WRONG	object-members-differ
compiler/reverseMappedTypeContextualTypeNotCircular:0:8	WRONG	any:variable-initialiser-error
compiler/reverseMappedTypeContextualTypeNotCircular:0:9	WRONG	any:call-error
compiler/reverseMappedTypeContextualTypesPerElementOfTupleConstraint:0:12	GAP	gap:array-literal
compiler/reverseMappedTypeContextualTypesPerElementOfTupleConstraint:0:13	GAP	gap:object-literal
compiler/reverseMappedTypeContextualTypesPerElementOfTupleConstraint:0:14	WRONG	literal-widened
compiler/reverseMappedTypeContextualTypesPerElementOfTupleConstraint:0:16	GAP	gap:identifier
compiler/reverseMappedTypeContextualTypesPerElementOfTupleConstraint:0:17	GAP	gap:function-expression
compiler/reverseMappedTypeContextualTypesPerElementOfTupleConstraint:0:18	WRONG	any:contextual-parameter
compiler/reverseMappedTypeContextualTypesPerElementOfTupleConstraint:0:19	GAP	gap:object-literal
compiler/reverseMappedTypeContextualTypesPerElementOfTupleConstraint:0:20	WRONG	literal-widened
compiler/reverseMappedTypeContextualTypesPerElementOfTupleConstraint:0:22	GAP	gap:identifier
compiler/reverseMappedTypeContextualTypesPerElementOfTupleConstraint:0:23	GAP	gap:function-expression
compiler/reverseMappedTypeContextualTypesPerElementOfTupleConstraint:0:24	WRONG	any:contextual-parameter
compiler/reverseMappedTypeInferenceWidening1:0:13	WRONG	literal-widened
compiler/reverseMappedTypeInferenceWidening1:0:18	WRONG	literal-widened
compiler/reverseMappedTypeInferenceWidening1:0:19	WRONG	literal-widened
compiler/reverseMappedTypeInferenceWidening1:0:22	WRONG	literal-widened
compiler/reverseMappedTypeInferenceWidening1:0:35	WRONG	literal-widened
compiler/reverseMappedTypeInferenceWidening1:0:40	WRONG	literal-widened
compiler/reverseMappedTypeInferenceWidening1:0:41	WRONG	literal-widened
compiler/reverseMappedTypeInferenceWidening1:0:44	WRONG	literal-widened
compiler/reverseMappedTypeInferenceWidening1:0:57	WRONG	literal-widened
compiler/reverseMappedTypeInferenceWidening1:0:62	WRONG	literal-widened
compiler/reverseMappedTypeInferenceWidening1:0:63	WRONG	literal-widened
compiler/reverseMappedTypeInferenceWidening1:0:66	WRONG	literal-widened
compiler/reverseMappedTypeInferenceWidening2:0:13	WRONG	literal-widened
compiler/reverseMappedTypeInferenceWidening2:0:14	WRONG	literal-widened
compiler/reverseMappedTypeInferenceWidening2:0:15	WRONG	literal-widened
compiler/reverseMappedTypeInferenceWidening2:0:6	WRONG	literal-widened
compiler/reverseMappedTypeIntersectionConstraint:0:101	WRONG	object-members-differ
compiler/reverseMappedTypeIntersectionConstraint:0:200	WRONG	any:variable-initialiser-error
compiler/reverseMappedTypeIntersectionConstraint:0:201	WRONG	any:call-error
compiler/reverseMappedTypeIntersectionConstraint:0:203	WRONG	object-members-differ
compiler/reverseMappedTypeIntersectionConstraint:0:204	WRONG	object-members-differ
compiler/reverseMappedTypeIntersectionConstraint:0:205	WRONG	object-members-differ
compiler/reverseMappedTypeIntersectionConstraint:0:207	WRONG	object-members-differ
compiler/reverseMappedTypeIntersectionConstraint:0:21	WRONG	any:variable-initialiser-error
compiler/reverseMappedTypeIntersectionConstraint:0:217	WRONG	any:variable-initialiser-error
compiler/reverseMappedTypeIntersectionConstraint:0:218	WRONG	any:call-error
compiler/reverseMappedTypeIntersectionConstraint:0:22	WRONG	any:call-error
compiler/reverseMappedTypeIntersectionConstraint:0:7	WRONG	any:variable-initialiser-error
compiler/reverseMappedTypeIntersectionConstraint:0:8	WRONG	any:call-error
compiler/reverseMappedTypeLimitedConstraint:0:3	WRONG	object-members-differ
compiler/satisfiesEmit:0:1	WRONG	any:variable-initialiser-error
compiler/satisfiesEmit:0:2	WRONG	any:other
compiler/selfReference:0:2	WRONG	literal-widened
compiler/selfReference:0:4	WRONG	literal-widened
compiler/selfReferentialDefaultNoStackOverflow:0:1	WRONG	js:any:literal-expression-error
compiler/selfReferentialDefaultNoStackOverflow:0:2	WRONG	js:any:literal-expression-error
compiler/selfReferentialDefaultNoStackOverflow:0:3	WRONG	js:any:literal-expression-error
compiler/selfReferentialFunctionType:0:0	GAP	gap:identifier
compiler/selfReferentialFunctionType:0:1	GAP	gap:identifier
compiler/selfReferentialFunctionType:0:2	GAP	gap:identifier
compiler/selfReferentialFunctionType:0:6	GAP	gap:identifier
compiler/selfReferentialFunctionType:0:7	GAP	gap:identifier
compiler/setMethods:0:113	WRONG	typed-where-native-unknown
compiler/setMethods:0:35	WRONG	typed-where-native-unknown
compiler/shadowedReservedCompilerDeclarationsWithNoEmit(target=es2015):0:22	WRONG	any:configured:identifier
compiler/shadowedReservedCompilerDeclarationsWithNoEmit(target=es2015):0:23	WRONG	any:configured:property-access
compiler/shadowedReservedCompilerDeclarationsWithNoEmit(target=es2015):0:24	WRONG	any:configured:identifier
compiler/shorthandPropertyAssignmentsInDestructuring(target=es2015):0:254	WRONG	any:configured:identifier
compiler/shorthandPropertyAssignmentsInDestructuring(target=es2015):0:255	WRONG	any:configured:object-literal
compiler/shorthandPropertyAssignmentsInDestructuring_ES6:0:254	WRONG	any:variable-initialiser-error
compiler/shorthandPropertyAssignmentsInDestructuring_ES6:0:255	WRONG	any:literal-expression-error
compiler/signatureCombiningRestParameters1:0:13	WRONG	any:type-reference-error
compiler/signatureCombiningRestParameters1:0:14	WRONG	any:call-error
compiler/signatureCombiningRestParameters1:0:15	WRONG	any:binding-element
compiler/signatureCombiningRestParameters1:0:4	WRONG	any:type-reference-error
compiler/signatureCombiningRestParameters1:0:7	WRONG	any:binding-element
compiler/signatureCombiningRestParameters1:0:8	WRONG	any:binding-element
compiler/signatureCombiningRestParameters1:0:9	WRONG	any:call-error
compiler/signatureCombiningRestParameters2:0:13	GAP	gap:function-expression
compiler/signatureCombiningRestParameters2:0:14	WRONG	tuple-vs-array
compiler/signatureCombiningRestParameters2:0:20	WRONG	tuple-vs-array
compiler/signatureCombiningRestParameters2:0:9	GAP	gap:other-expression
compiler/silentNeverPropagation:0:11	WRONG	literal-widened
compiler/silentNeverPropagation:0:12	WRONG	literal-widened
compiler/silentNeverPropagation:0:14	WRONG	literal-widened
compiler/silentNeverPropagation:0:24	WRONG	literal-widened
compiler/silentNeverPropagation:0:29	WRONG	literal-widened
compiler/silentNeverPropagation:0:32	WRONG	literal-widened
compiler/silentNeverPropagation:0:33	WRONG	literal-widened
compiler/silentNeverPropagation:0:34	WRONG	literal-widened
compiler/silentNeverPropagation:0:35	WRONG	literal-widened
compiler/simplifyingConditionalWithInteriorConditionalIsRelated:0:17	WRONG	other
compiler/simplifyingConditionalWithInteriorConditionalIsRelated:0:19	WRONG	other
compiler/singletonLabeledTuple:0:17	WRONG	conditional-type-unresolved
compiler/sliceResultCast:0:3	WRONG	union-members-differ
compiler/sliceResultCast:0:5	WRONG	union-members-differ
compiler/sourceMap-LineBreaks(target=es2015):0:27	WRONG	string-escape-printing
compiler/sourceMapValidationDestructuringForArrayBindingPattern2(target=es2015):0:119	WRONG	tuple-vs-array
compiler/sourceMapValidationDestructuringForArrayBindingPattern2(target=es2015):0:140	WRONG	tuple-vs-array
compiler/sourceMapValidationDestructuringForArrayBindingPattern2(target=es2015):0:41	WRONG	tuple-vs-array
compiler/sourceMapValidationDestructuringForArrayBindingPattern2(target=es2015):0:59	WRONG	tuple-vs-array
compiler/sourceMapValidationDestructuringForArrayBindingPattern2(target=es2015):0:78	WRONG	tuple-vs-array
compiler/sourceMapValidationDestructuringForArrayBindingPattern2(target=es2015):0:99	WRONG	tuple-vs-array
compiler/sourceMapValidationDestructuringForArrayBindingPatternDefaultValues2(target=es2015):0:105	WRONG	tuple-vs-array
compiler/sourceMapValidationDestructuringForArrayBindingPatternDefaultValues2(target=es2015):0:133	WRONG	tuple-vs-array
compiler/sourceMapValidationDestructuringForArrayBindingPatternDefaultValues2(target=es2015):0:162	WRONG	tuple-vs-array
compiler/sourceMapValidationDestructuringForArrayBindingPatternDefaultValues2(target=es2015):0:41	WRONG	tuple-vs-array
compiler/sourceMapValidationDestructuringForArrayBindingPatternDefaultValues2(target=es2015):0:61	WRONG	tuple-vs-array
compiler/sourceMapValidationDestructuringForArrayBindingPatternDefaultValues2(target=es2015):0:82	WRONG	tuple-vs-array
compiler/sourceMapValidationDestructuringForOfArrayBindingPattern2(target=es2015):0:51	WRONG	tuple-vs-array
compiler/sourceMapValidationDestructuringForOfArrayBindingPattern2(target=es2015):0:59	WRONG	tuple-vs-array
compiler/sourceMapValidationDestructuringForOfArrayBindingPattern2(target=es2015):0:68	WRONG	tuple-vs-array
compiler/sourceMapValidationDestructuringForOfArrayBindingPattern2(target=es2015):0:78	WRONG	tuple-vs-array
compiler/sourceMapValidationDestructuringForOfArrayBindingPattern2(target=es2015):0:88	WRONG	tuple-vs-array
compiler/sourceMapValidationDestructuringForOfArrayBindingPattern2(target=es2015):0:99	WRONG	tuple-vs-array
compiler/sourceMapValidationDestructuringForOfArrayBindingPatternDefaultValues2(target=es2015):0:102	WRONG	tuple-vs-array
compiler/sourceMapValidationDestructuringForOfArrayBindingPatternDefaultValues2(target=es2015):0:121	WRONG	tuple-vs-array
compiler/sourceMapValidationDestructuringForOfArrayBindingPatternDefaultValues2(target=es2015):0:51	WRONG	tuple-vs-array
compiler/sourceMapValidationDestructuringForOfArrayBindingPatternDefaultValues2(target=es2015):0:61	WRONG	tuple-vs-array
compiler/sourceMapValidationDestructuringForOfArrayBindingPatternDefaultValues2(target=es2015):0:72	WRONG	tuple-vs-array
compiler/sourceMapValidationDestructuringForOfArrayBindingPatternDefaultValues2(target=es2015):0:84	WRONG	tuple-vs-array
compiler/sourceMapValidationDestructuringForOfObjectBindingPatternDefaultValues(target=es2015):0:108	WRONG	undefined-optionality
compiler/sourceMapValidationDestructuringForOfObjectBindingPatternDefaultValues(target=es2015):0:127	WRONG	undefined-optionality
compiler/sourceMapValidationDestructuringForOfObjectBindingPatternDefaultValues(target=es2015):0:214	WRONG	undefined-optionality
compiler/sourceMapValidationDestructuringForOfObjectBindingPatternDefaultValues(target=es2015):0:235	WRONG	undefined-optionality
compiler/sourceMapValidationDestructuringForOfObjectBindingPatternDefaultValues(target=es2015):0:257	WRONG	undefined-optionality
compiler/sourceMapValidationDestructuringForOfObjectBindingPatternDefaultValues(target=es2015):0:90	WRONG	undefined-optionality
compiler/sourceMapValidationDestructuringParametertArrayBindingPattern(target=es2015):0:40	GAP	gap:call
compiler/sourceMapValidationDestructuringParametertArrayBindingPattern(target=es2015):0:41	GAP	gap:identifier
compiler/sourceMapValidationDestructuringParametertArrayBindingPattern(target=es2015):0:43	GAP	gap:call
compiler/sourceMapValidationDestructuringParametertArrayBindingPattern(target=es2015):0:44	GAP	gap:identifier
compiler/sourceMapValidationDestructuringParametertArrayBindingPattern(target=es2015):0:45	WRONG	tuple-vs-array
compiler/sourceMapValidationDestructuringParametertArrayBindingPattern(target=es2015):0:9	GAP	gap:identifier
compiler/sourceMapValidationDestructuringParametertArrayBindingPattern2(target=es2015):0:10	GAP	gap:identifier
compiler/sourceMapValidationDestructuringParametertArrayBindingPattern2(target=es2015):0:40	GAP	gap:call
compiler/sourceMapValidationDestructuringParametertArrayBindingPattern2(target=es2015):0:41	GAP	gap:identifier
compiler/sourceMapValidationDestructuringParametertArrayBindingPattern2(target=es2015):0:43	GAP	gap:call
compiler/sourceMapValidationDestructuringParametertArrayBindingPattern2(target=es2015):0:44	GAP	gap:identifier
compiler/sourceMapValidationDestructuringParametertArrayBindingPattern2(target=es2015):0:45	WRONG	tuple-vs-array
compiler/sourceMapValidationDestructuringParametertArrayBindingPattern2(target=es2015):0:47	WRONG	tuple-vs-array
compiler/sourceMapValidationDestructuringParametertArrayBindingPatternDefaultValues(target=es2015):0:69	GAP	gap:call
compiler/sourceMapValidationDestructuringParametertArrayBindingPatternDefaultValues(target=es2015):0:70	GAP	gap:identifier
compiler/sourceMapValidationDestructuringParametertArrayBindingPatternDefaultValues(target=es2015):0:72	GAP	gap:call
compiler/sourceMapValidationDestructuringParametertArrayBindingPatternDefaultValues(target=es2015):0:73	GAP	gap:identifier
compiler/sourceMapValidationDestructuringParametertArrayBindingPatternDefaultValues(target=es2015):0:74	WRONG	tuple-vs-array
compiler/sourceMapValidationDestructuringParametertArrayBindingPatternDefaultValues(target=es2015):0:9	GAP	gap:identifier
compiler/sourceMapValidationDestructuringParametertArrayBindingPatternDefaultValues2(target=es2015):0:10	GAP	gap:identifier
compiler/sourceMapValidationDestructuringParametertArrayBindingPatternDefaultValues2(target=es2015):0:41	GAP	gap:identifier
compiler/sourceMapValidationDestructuringParametertArrayBindingPatternDefaultValues2(target=es2015):0:43	GAP	gap:identifier
compiler/sourceMapValidationDestructuringParametertArrayBindingPatternDefaultValues2(target=es2015):0:53	GAP	gap:call
compiler/sourceMapValidationDestructuringParametertArrayBindingPatternDefaultValues2(target=es2015):0:54	GAP	gap:identifier
compiler/sourceMapValidationDestructuringParametertArrayBindingPatternDefaultValues2(target=es2015):0:56	GAP	gap:call
compiler/sourceMapValidationDestructuringParametertArrayBindingPatternDefaultValues2(target=es2015):0:57	GAP	gap:identifier
compiler/sourceMapValidationDestructuringParametertArrayBindingPatternDefaultValues2(target=es2015):0:58	WRONG	tuple-vs-array
compiler/sourceMapValidationDestructuringVariableStatementArrayBindingPattern3(target=es2015):0:38	WRONG	tuple-vs-array
compiler/sourceMapValidationDestructuringVariableStatementArrayBindingPattern3(target=es2015):0:42	WRONG	tuple-vs-array
compiler/sourceMapValidationDestructuringVariableStatementArrayBindingPattern3(target=es2015):0:47	WRONG	tuple-vs-array
compiler/sourceMapValidationDestructuringVariableStatementArrayBindingPattern3(target=es2015):0:54	WRONG	tuple-vs-array
compiler/sourceMapValidationDestructuringVariableStatementArrayBindingPattern3(target=es2015):0:58	WRONG	tuple-vs-array
compiler/sourceMapValidationDestructuringVariableStatementArrayBindingPattern3(target=es2015):0:63	WRONG	tuple-vs-array
compiler/sourceMapValidationDestructuringVariableStatementArrayBindingPatternDefaultValues3(target=es2015):0:38	WRONG	tuple-vs-array
compiler/sourceMapValidationDestructuringVariableStatementArrayBindingPatternDefaultValues3(target=es2015):0:44	WRONG	tuple-vs-array
compiler/sourceMapValidationDestructuringVariableStatementArrayBindingPatternDefaultValues3(target=es2015):0:51	WRONG	tuple-vs-array
compiler/sourceMapValidationDestructuringVariableStatementArrayBindingPatternDefaultValues3(target=es2015):0:60	WRONG	tuple-vs-array
compiler/sourceMapValidationDestructuringVariableStatementArrayBindingPatternDefaultValues3(target=es2015):0:66	WRONG	tuple-vs-array
compiler/sourceMapValidationDestructuringVariableStatementArrayBindingPatternDefaultValues3(target=es2015):0:73	WRONG	tuple-vs-array
compiler/specedNoStackBlown:0:15	WRONG	mapped-type-resolved-where-native-deferred
compiler/specialIntersectionsInMappedTypes:0:1	WRONG	alias-name-native-reassigned
compiler/specialIntersectionsInMappedTypes:0:14	WRONG	alias-name-native-reassigned
compiler/specialIntersectionsInMappedTypes:0:19	WRONG	alias-name-native-reassigned
compiler/specialIntersectionsInMappedTypes:0:2	WRONG	alias-name-native-reassigned
compiler/spreadExpressionContextualTypeWithNamespace:1:13	WRONG	signature-differs
compiler/spreadExpressionContextualTypeWithNamespace:1:14	WRONG	signature-differs
compiler/spreadExpressionContextualTypeWithNamespace:1:15	WRONG	signature-differs
compiler/spreadExpressionContextualTypeWithNamespace:1:18	WRONG	signature-differs
compiler/spreadExpressionContextualTypeWithNamespace:1:21	WRONG	signature-differs
compiler/spreadExpressionContextualTypeWithNamespace:1:24	WRONG	signature-differs
compiler/spreadExpressionContextualTypeWithNamespace:1:27	WRONG	signature-differs
compiler/spreadExpressionContextualTypeWithNamespace:1:29	WRONG	signature-differs
compiler/spreadExpressionContextualTypeWithNamespace:1:31	WRONG	signature-differs
compiler/spreadExpressionContextualTypeWithNamespace:1:32	WRONG	signature-differs
compiler/spreadExpressionContextualTypeWithNamespace:1:35	WRONG	signature-differs
compiler/spreadExpressionContextualTypeWithNamespace:1:36	WRONG	signature-differs
compiler/spreadExpressionContextualTypeWithNamespace:1:39	WRONG	signature-differs
compiler/spreadExpressionContextualTypeWithNamespace:1:40	WRONG	signature-differs
compiler/spreadExpressionContextualTypeWithNamespace:1:43	WRONG	signature-differs
compiler/spreadExpressionContextualTypeWithNamespace:1:44	WRONG	signature-differs
compiler/spreadIdenticalTypesRemoved:0:23	WRONG	undefined-optionality
compiler/spreadIdenticalTypesRemoved:0:25	WRONG	undefined-optionality
compiler/spreadInvalidArgumentType:0:11	WRONG	mapped-type-unresolved
compiler/spreadInvalidArgumentType:0:35	WRONG	mapped-type-unresolved
compiler/spreadInvalidArgumentType:0:36	WRONG	mapped-type-unresolved
compiler/spreadInvalidArgumentType:0:52	WRONG	mapped-type-unresolved
compiler/spreadObjectNoCircular1:0:4	WRONG	union-order
compiler/spreadObjectNoCircular1:0:5	WRONG	union-order
compiler/spreadObjectPermutations(exactoptionalpropertytypes=false):0:27	WRONG	optional-property-undefined-printed
compiler/spreadObjectPermutations(exactoptionalpropertytypes=false):0:28	WRONG	optional-property-undefined-printed
compiler/spreadObjectPermutations(exactoptionalpropertytypes=true):0:27	WRONG	optional-property-undefined-printed
compiler/spreadObjectPermutations(exactoptionalpropertytypes=true):0:28	WRONG	optional-property-undefined-printed
compiler/spreadOfObjectLiteralAssignableToIndexSignature:0:18	GAP	gap:property-access
compiler/spreadOfObjectLiteralAssignableToIndexSignature:0:20	WRONG	any:property-lookup-error
compiler/spreadOfObjectLiteralAssignableToIndexSignature:0:28	GAP	gap:property-access
compiler/spreadOfObjectLiteralAssignableToIndexSignature:0:30	WRONG	any:property-lookup-error
compiler/spreadOfObjectLiteralAssignableToIndexSignature:0:42	GAP	gap:property-access
compiler/spreadOfObjectLiteralAssignableToIndexSignature:0:44	WRONG	any:property-lookup-error
compiler/spreadOfObjectLiteralAssignableToIndexSignature:0:5	GAP	gap:property-access
compiler/spreadOfObjectLiteralAssignableToIndexSignature:0:55	GAP	gap:property-access
compiler/spreadOfObjectLiteralAssignableToIndexSignature:0:57	WRONG	any:property-lookup-error
compiler/spreadOfObjectLiteralAssignableToIndexSignature:0:65	GAP	gap:property-access
compiler/spreadOfObjectLiteralAssignableToIndexSignature:0:67	WRONG	any:property-lookup-error
compiler/spreadOfObjectLiteralAssignableToIndexSignature:0:7	WRONG	any:property-lookup-error
compiler/spreadParameterTupleType:0:0	WRONG	type-param-rename
compiler/spreadParameterTupleType:0:12	WRONG	type-param-rename
compiler/spreadParameterTupleType:0:13	WRONG	type-param-rename
compiler/spreadParameterTupleType:0:14	WRONG	type-param-rename
compiler/spreadParameterTupleType:0:3	WRONG	type-param-rename
compiler/spreadParameterTupleType:0:4	WRONG	type-param-rename
compiler/spreadParameterTupleType:0:5	WRONG	type-param-rename
compiler/spreadParameterTupleType:0:7	WRONG	type-param-rename
compiler/spreadUnionPropOverride:0:86	WRONG	optional-property-undefined-printed
compiler/spreadUnionPropOverride:0:87	WRONG	optional-property-undefined-printed
compiler/spuriousCircularityOnTypeImport:1:2	WRONG	partial-any
compiler/spuriousCircularityOnTypeImport:1:3	WRONG	partial-any
compiler/spyComparisonChecking:0:22	WRONG	any:property-lookup-error
compiler/spyComparisonChecking:0:26	WRONG	any:property-lookup-error
compiler/stableTypeOrdering(stabletypeordering=true):0:24	WRONG	partial-any
compiler/stableTypeOrdering(stabletypeordering=true):0:25	GAP	gap:identifier
compiler/stableTypeOrdering(stabletypeordering=true):0:26	GAP	gap:identifier
compiler/stackDepthLimitCastingType:2:4	WRONG	type-argument-differs
compiler/staticAnonymousTypeNotReferencingTypeParameter:0:11	WRONG	different-name
compiler/staticAnonymousTypeNotReferencingTypeParameter:0:402	WRONG	optional-param-undefined-not-printed
compiler/staticAnonymousTypeNotReferencingTypeParameter:0:404	WRONG	optional-param-undefined-not-printed
compiler/staticAnonymousTypeNotReferencingTypeParameter:0:407	WRONG	optional-param-undefined-not-printed
compiler/staticAnonymousTypeNotReferencingTypeParameter:0:409	WRONG	optional-param-undefined-not-printed
compiler/staticAnonymousTypeNotReferencingTypeParameter:0:7	WRONG	different-name
compiler/staticPrototypeProperty:0:3	WRONG	any:unannotated-declaration
compiler/strictFunctionTypesErrors:0:239	WRONG	alias-port-kept
compiler/strictFunctionTypesErrors:0:242	WRONG	signature-differs
compiler/strictFunctionTypesErrors:0:243	WRONG	alias-port-kept
compiler/strictFunctionTypesErrors:0:244	WRONG	signature-differs
compiler/strictFunctionTypesErrors:0:245	WRONG	alias-port-kept
compiler/strictFunctionTypesErrors:0:246	WRONG	signature-differs
compiler/strictFunctionTypesErrors:0:247	WRONG	signature-differs
compiler/strictFunctionTypesErrors:0:248	WRONG	signature-differs
compiler/strictFunctionTypesErrors:0:249	WRONG	signature-differs
compiler/strictFunctionTypesErrors:0:250	WRONG	signature-differs
compiler/strictFunctionTypesErrors:0:251	WRONG	signature-differs
compiler/strictNullEmptyDestructuring(target=es2015):0:0	WRONG	typed-where-native-any
compiler/strictNullEmptyDestructuring(target=es2015):0:1	WRONG	typed-where-native-any
compiler/strictNullEmptyDestructuring(target=es2015):0:14	WRONG	undefined-optionality
compiler/strictNullEmptyDestructuring(target=es2015):0:15	WRONG	undefined-optionality
compiler/strictNullEmptyDestructuring(target=es2015):0:30	WRONG	undefined-optionality
compiler/strictNullEmptyDestructuring(target=es2015):0:31	WRONG	undefined-optionality
compiler/strictNullEmptyDestructuring(target=es2015):0:4	WRONG	typed-where-native-any
compiler/strictNullEmptyDestructuring(target=es2015):0:46	WRONG	other
compiler/strictNullEmptyDestructuring(target=es2015):0:47	WRONG	union-members-differ
compiler/strictNullEmptyDestructuring(target=es2015):0:5	WRONG	typed-where-native-any
compiler/strictNullNotNullIndexTypeNoLib:0:18	WRONG	alias-native-kept
compiler/strictNullNotNullIndexTypeNoLib:0:23	WRONG	undefined-optionality
compiler/strictNullNotNullIndexTypeShouldWork:0:17	WRONG	alias-native-kept
compiler/strictNullNotNullIndexTypeShouldWork:0:22	WRONG	undefined-optionality
compiler/strictOptionalProperties1:0:162	WRONG	undefined-optionality
compiler/strictOptionalProperties1:0:164	WRONG	undefined-optionality
compiler/strictOptionalProperties1:0:177	WRONG	undefined-optionality
compiler/strictOptionalProperties1:0:179	WRONG	undefined-optionality
compiler/strictOptionalProperties1:0:188	WRONG	undefined-optionality
compiler/strictOptionalProperties1:0:193	WRONG	undefined-optionality
compiler/strictOptionalProperties1:0:28	WRONG	undefined-optionality
compiler/strictOptionalProperties1:0:30	WRONG	undefined-optionality
compiler/strictOptionalProperties1:0:399	WRONG	undefined-optionality
compiler/strictOptionalProperties1:0:400	WRONG	undefined-optionality
compiler/strictOptionalProperties1:0:407	WRONG	undefined-optionality
compiler/strictOptionalProperties1:0:467	WRONG	never-where-native-typed
compiler/stringLiteralsErrors:0:1	WRONG	literal-mixed
compiler/stringLiteralsErrors:0:11	WRONG	literal-mixed
compiler/stringLiteralsErrors:0:13	WRONG	literal-mixed
compiler/stringLiteralsErrors:0:15	WRONG	literal-mixed
compiler/stringLiteralsErrors:0:17	WRONG	literal-mixed
compiler/stringLiteralsErrors:0:19	WRONG	literal-mixed
compiler/stringLiteralsErrors:0:2	WRONG	literal-mixed
compiler/stringLiteralsErrors:0:29	WRONG	spacing
compiler/stringLiteralsErrors:0:4	WRONG	literal-mixed
compiler/stringLiteralsErrors:0:5	WRONG	literal-mixed
compiler/stringLiteralsErrors:0:8	WRONG	literal-mixed
compiler/styledComponentsInstantiaionLimitNotReached:0:108	WRONG	object-members-differ
compiler/styledComponentsInstantiaionLimitNotReached:0:110	WRONG	object-members-differ
compiler/styledComponentsInstantiaionLimitNotReached:0:82	WRONG	undefined-optionality
compiler/subclassWithPolymorphicThisIsAssignable:0:3	WRONG	type-param-rename
compiler/subclassWithPolymorphicThisIsAssignable:0:5	WRONG	type-param-rename
compiler/subtypeReductionUnionConstraints:0:14	GAP	gap:identifier
compiler/subtypeReductionUnionConstraints:0:20	GAP	gap:identifier
compiler/subtypeReductionUnionConstraints:0:28	GAP	gap:identifier
compiler/subtypeReductionUnionConstraints:0:34	GAP	gap:property-access
compiler/subtypeReductionUnionConstraints:0:35	WRONG	any:type-reference-error
compiler/subtypeReductionUnionConstraints:0:36	WRONG	any:property-lookup-error
compiler/superNewCall1:0:5	WRONG	any:call-error
compiler/superNewCall1:0:7	WRONG	any:function-expression-error
compiler/symbolLinkDeclarationEmitModuleNames:0:1	WRONG	partial-any
compiler/symbolLinkDeclarationEmitModuleNames:1:2	WRONG	partial-any
compiler/symbolLinkDeclarationEmitModuleNames:1:3	WRONG	partial-any
compiler/symbolLinkDeclarationEmitModuleNames:1:4	WRONG	import-qualifier-missing
compiler/symbolLinkDeclarationEmitModuleNames:1:6	WRONG	import-qualifier-missing
compiler/symbolLinkDeclarationEmitModuleNamesRootDir:0:1	WRONG	partial-any
compiler/symbolLinkDeclarationEmitModuleNamesRootDir:1:2	WRONG	partial-any
compiler/symbolLinkDeclarationEmitModuleNamesRootDir:1:3	WRONG	partial-any
compiler/symbolLinkDeclarationEmitModuleNamesRootDir:1:4	WRONG	import-qualifier-missing
compiler/symbolLinkDeclarationEmitModuleNamesRootDir:1:6	WRONG	import-qualifier-missing
compiler/symbolObserverMismatchingPolyfillsWorkTogether:0:0	WRONG	literal-widened
compiler/symbolObserverMismatchingPolyfillsWorkTogether:0:1	WRONG	literal-widened
compiler/symbolObserverMismatchingPolyfillsWorkTogether:0:5	WRONG	literal-widened
compiler/symbolObserverMismatchingPolyfillsWorkTogether:0:7	WRONG	literal-widened
compiler/symlinkedWorkspaceDependenciesNoDirectLinkGeneratesDeepNonrelativeName:2:0	WRONG	import-qualifier-missing
compiler/symlinkedWorkspaceDependenciesNoDirectLinkGeneratesDeepNonrelativeName:2:2	WRONG	import-qualifier-missing
compiler/symlinkedWorkspaceDependenciesNoDirectLinkGeneratesDeepNonrelativeName:3:1	WRONG	import-qualifier-missing
compiler/symlinkedWorkspaceDependenciesNoDirectLinkGeneratesDeepNonrelativeName:3:2	WRONG	import-qualifier-missing
compiler/symlinkedWorkspaceDependenciesNoDirectLinkGeneratesDeepNonrelativeName:3:3	WRONG	signature-differs
compiler/symlinkedWorkspaceDependenciesNoDirectLinkGeneratesDeepNonrelativeName:3:5	WRONG	signature-differs
compiler/symlinkedWorkspaceDependenciesNoDirectLinkGeneratesNonrelativeName:2:1	WRONG	import-qualifier-missing
compiler/symlinkedWorkspaceDependenciesNoDirectLinkGeneratesNonrelativeName:2:2	WRONG	import-qualifier-missing
compiler/symlinkedWorkspaceDependenciesNoDirectLinkGeneratesNonrelativeName:2:3	WRONG	import-qualifier-missing
compiler/symlinkedWorkspaceDependenciesNoDirectLinkGeneratesNonrelativeName:2:5	WRONG	import-qualifier-missing
compiler/symlinkedWorkspaceDependenciesNoDirectLinkOptionalGeneratesNonrelativeName:2:1	WRONG	import-qualifier-missing
compiler/symlinkedWorkspaceDependenciesNoDirectLinkOptionalGeneratesNonrelativeName:2:2	WRONG	import-qualifier-missing
compiler/symlinkedWorkspaceDependenciesNoDirectLinkOptionalGeneratesNonrelativeName:2:3	WRONG	import-qualifier-missing
compiler/symlinkedWorkspaceDependenciesNoDirectLinkOptionalGeneratesNonrelativeName:2:5	WRONG	import-qualifier-missing
compiler/symlinkedWorkspaceDependenciesNoDirectLinkPeerGeneratesNonrelativeName:2:1	WRONG	import-qualifier-missing
compiler/symlinkedWorkspaceDependenciesNoDirectLinkPeerGeneratesNonrelativeName:2:2	WRONG	import-qualifier-missing
compiler/symlinkedWorkspaceDependenciesNoDirectLinkPeerGeneratesNonrelativeName:2:3	WRONG	import-qualifier-missing
compiler/symlinkedWorkspaceDependenciesNoDirectLinkPeerGeneratesNonrelativeName:2:5	WRONG	import-qualifier-missing
compiler/taggedTemplateStringsWithCurriedFunction(target=es2015):0:0	WRONG	signature-differs
compiler/taggedTemplateStringsWithCurriedFunction(target=es2015):0:1	WRONG	signature-differs
compiler/taggedTemplateStringsWithCurriedFunction(target=es2015):0:14	WRONG	any:configured:call
compiler/taggedTemplateStringsWithCurriedFunction(target=es2015):0:15	WRONG	any:configured:call
compiler/taggedTemplateStringsWithCurriedFunction(target=es2015):0:16	WRONG	signature-differs
compiler/taggedTemplateStringsWithCurriedFunction(target=es2015):0:22	WRONG	any:configured:call
compiler/taggedTemplateStringsWithCurriedFunction(target=es2015):0:23	WRONG	any:configured:call
compiler/taggedTemplateStringsWithCurriedFunction(target=es2015):0:24	WRONG	signature-differs
compiler/taggedTemplateStringsWithCurriedFunction(target=es2015):0:3	GAP	gap:function-expression
compiler/taggedTemplateStringsWithCurriedFunction(target=es2015):0:30	WRONG	signature-differs
compiler/taggedTemplateStringsWithCurriedFunction(target=es2015):0:31	WRONG	any:configured:call
compiler/taggedTemplateStringsWithCurriedFunction(target=es2015):0:32	WRONG	any:configured:call
compiler/taggedTemplateStringsWithCurriedFunction(target=es2015):0:33	WRONG	signature-differs
compiler/taggedTemplateStringsWithCurriedFunction(target=es2015):0:44	WRONG	any:configured:call
compiler/taggedTemplateStringsWithCurriedFunction(target=es2015):0:45	WRONG	any:configured:call
compiler/taggedTemplateStringsWithCurriedFunction(target=es2015):0:46	WRONG	signature-differs
compiler/taggedTemplateStringsWithCurriedFunction(target=es2015):0:6	WRONG	any:configured:call
compiler/taggedTemplateStringsWithCurriedFunction(target=es2015):0:7	WRONG	any:configured:call
compiler/taggedTemplateStringsWithCurriedFunction(target=es2015):0:8	WRONG	signature-differs
compiler/taggedTemplateWithoutDeclaredHelper(target=es2015):0:3	GAP	gap:identifier
compiler/taggedTemplateWithoutDeclaredHelper(target=es2015):0:4	GAP	gap:other-expression
compiler/taggedTemplatesInModuleAndGlobal(target=es2015):0:10	WRONG	any:configured:call
compiler/taggedTemplatesInModuleAndGlobal(target=es2015):0:11	WRONG	partial-any
compiler/taggedTemplatesInModuleAndGlobal(target=es2015):0:12	WRONG	any:configured:call
compiler/taggedTemplatesInModuleAndGlobal(target=es2015):0:13	WRONG	partial-any
compiler/taggedTemplatesInModuleAndGlobal(target=es2015):0:4	WRONG	partial-any
compiler/taggedTemplatesInModuleAndGlobal(target=es2015):0:5	GAP	gap:other-expression
compiler/taggedTemplatesInModuleAndGlobal(target=es2015):1:10	WRONG	partial-any
compiler/taggedTemplatesInModuleAndGlobal(target=es2015):1:11	WRONG	any:configured:call
compiler/taggedTemplatesInModuleAndGlobal(target=es2015):1:12	WRONG	partial-any
compiler/taggedTemplatesInModuleAndGlobal(target=es2015):1:3	WRONG	partial-any
compiler/taggedTemplatesInModuleAndGlobal(target=es2015):1:4	GAP	gap:other-expression
compiler/taggedTemplatesInModuleAndGlobal(target=es2015):1:9	WRONG	any:configured:call
compiler/tailRecursiveConditionalTypes:0:1	GAP	gap:identifier
compiler/tailRecursiveConditionalTypes:0:12	GAP	gap:identifier
compiler/tailRecursiveConditionalTypes:0:2	WRONG	conditional-type-unresolved
compiler/targetTypeBaseCalls:0:24	WRONG	any:function-expression-error
compiler/targetTypeBaseCalls:0:25	WRONG	any:contextual-parameter
compiler/targetTypeBaseCalls:0:27	WRONG	any:contextual-parameter
compiler/templateExpressionAsPossiblyDiscriminantValue:0:10	GAP	gap:object-literal
compiler/templateExpressionAsPossiblyDiscriminantValue:0:14	GAP	gap:identifier
compiler/templateExpressionAsPossiblyDiscriminantValue:0:15	GAP	gap:function-expression
compiler/templateExpressionAsPossiblyDiscriminantValue:0:16	WRONG	any:contextual-parameter
compiler/templateExpressionAsPossiblyDiscriminantValue:0:22	WRONG	any:contextual-parameter
compiler/temporal:0:189	WRONG	optional-param-undefined-not-printed
compiler/temporal:0:194	WRONG	optional-param-undefined-not-printed
compiler/temporal:0:2084	WRONG	optional-param-undefined-not-printed
compiler/temporal:0:2089	WRONG	optional-param-undefined-not-printed
compiler/temporal:0:2965	WRONG	optional-param-undefined-not-printed
compiler/temporal:0:2970	WRONG	optional-param-undefined-not-printed
compiler/temporal:0:3305	WRONG	literal-widened
compiler/temporal:0:3306	WRONG	literal-widened
compiler/temporal:0:3326	WRONG	literal-mixed
compiler/temporal:0:3329	WRONG	literal-widened
compiler/temporal:0:3667	WRONG	optional-param-undefined-not-printed
compiler/temporal:0:3672	WRONG	optional-param-undefined-not-printed
compiler/temporal:0:4386	WRONG	literal-widened
compiler/temporal:0:4387	WRONG	literal-widened
compiler/temporal:0:4407	WRONG	literal-mixed
compiler/temporal:0:4410	WRONG	literal-widened
compiler/temporal:0:4614	WRONG	optional-param-undefined-not-printed
compiler/temporal:0:4619	WRONG	optional-param-undefined-not-printed
compiler/temporal:0:567	WRONG	literal-widened
compiler/temporal:0:568	WRONG	literal-widened
compiler/temporal:0:5712	WRONG	optional-param-undefined-not-printed
compiler/temporal:0:5717	WRONG	optional-param-undefined-not-printed
compiler/temporal:0:5738	WRONG	optional-param-undefined-not-printed
compiler/temporal:0:5743	WRONG	optional-param-undefined-not-printed
compiler/temporal:0:588	WRONG	literal-widened
compiler/temporal:0:589	WRONG	literal-widened
compiler/temporal:0:591	WRONG	literal-widened
compiler/temporal:0:6508	WRONG	literal-widened
compiler/temporal:0:6509	WRONG	literal-widened
compiler/temporal:0:6529	WRONG	literal-mixed
compiler/temporal:0:6532	WRONG	literal-widened
compiler/temporal:0:781	WRONG	optional-param-undefined-not-printed
compiler/temporal:0:783	WRONG	optional-param-undefined-not-printed
compiler/thisConditionalOnMethodReturnOfGenericInstance:0:12	WRONG	conditional-type-unresolved
compiler/thisConditionalOnMethodReturnOfGenericInstance:0:13	WRONG	conditional-type-unresolved
compiler/thisConditionalOnMethodReturnOfGenericInstance:0:14	WRONG	conditional-type-unresolved
compiler/thisConditionalOnMethodReturnOfGenericInstance:0:16	WRONG	conditional-type-unresolved
compiler/thisInConstructorParameter2:0:10	GAP	gap:function-expression
compiler/thisInConstructorParameter2:0:14	GAP	gap:other-expression
compiler/thisInConstructorParameter2:0:15	GAP	gap:identifier
compiler/thisInConstructorParameter2:0:16	GAP	gap:function-expression
compiler/thisInConstructorParameter2:0:17	WRONG	undefined-optionality
compiler/thisInConstructorParameter2:0:9	GAP	gap:identifier
compiler/thisPredicateInObjectLiteral:0:5	WRONG	any:variable-initialiser-error
compiler/thisPredicateInObjectLiteral:0:6	WRONG	any:literal-expression-error
compiler/thisPredicateInObjectLiteral:0:7	WRONG	any:function-declaration-error
compiler/this_inside-object-literal-getters-and-setters:0:19	WRONG	this-type
compiler/thislessFunctionsNotContextSensitive1:0:10	WRONG	literal-mixed
compiler/thislessFunctionsNotContextSensitive1:0:13	WRONG	literal-widened
compiler/thislessFunctionsNotContextSensitive1:0:14	WRONG	literal-widened
compiler/thislessFunctionsNotContextSensitive1:0:183	WRONG	literal-widened
compiler/thislessFunctionsNotContextSensitive1:0:184	WRONG	literal-widened
compiler/thislessFunctionsNotContextSensitive1:0:19	WRONG	literal-mixed
compiler/thislessFunctionsNotContextSensitive1:0:200	WRONG	literal-widened
compiler/thislessFunctionsNotContextSensitive1:0:201	WRONG	literal-widened
compiler/thislessFunctionsNotContextSensitive1:0:22	WRONG	literal-widened
compiler/thislessFunctionsNotContextSensitive1:0:23	WRONG	literal-widened
compiler/thislessFunctionsNotContextSensitive1:0:5	WRONG	other
compiler/thislessFunctionsNotContextSensitive3:0:101	WRONG	undefined-optionality
compiler/thislessFunctionsNotContextSensitive3:0:11	WRONG	any:type-reference-error
compiler/thislessFunctionsNotContextSensitive3:0:124	WRONG	undefined-optionality
compiler/thislessFunctionsNotContextSensitive3:0:126	WRONG	undefined-optionality
compiler/thislessFunctionsNotContextSensitive3:0:4	WRONG	mapped-type-resolved-where-native-deferred
compiler/thislessFunctionsNotContextSensitive3:0:44	WRONG	optional-property-undefined-printed
compiler/thislessFunctionsNotContextSensitive3:0:73	WRONG	optional-property-undefined-printed
compiler/thislessFunctionsNotContextSensitive3:0:99	WRONG	undefined-optionality
compiler/trackedSymbolsNoCrash:1:1	WRONG	never-where-native-typed
compiler/trackedSymbolsNoCrash:1:11	GAP	gap:other-expression
compiler/trackedSymbolsNoCrash:1:13	WRONG	any:property-lookup-error
compiler/trackedSymbolsNoCrash:1:2	WRONG	never-where-native-typed
compiler/trackedSymbolsNoCrash:1:5	WRONG	never-where-native-typed
compiler/trailingCommasES5(target=es2015):0:34	WRONG	different-name
compiler/transformNestedGeneratorsWithTry(target=es2015):0:0	WRONG	mapped-type-resolved-where-native-deferred
compiler/transformNestedGeneratorsWithTry(target=es2015):0:11	WRONG	any:configured:call
compiler/transformNestedGeneratorsWithTry(target=es2015):0:12	WRONG	any:configured:call
compiler/transformNestedGeneratorsWithTry(target=es2015):0:8	WRONG	mapped-type-resolved-where-native-deferred
compiler/truthinessCallExpressionCoercion2:0:178	WRONG	any:binary-operand
compiler/truthinessCallExpressionCoercion2:0:183	WRONG	any:property-lookup-error
compiler/truthinessCallExpressionCoercion2:0:185	WRONG	any:property-lookup-error
compiler/truthinessCallExpressionCoercion2:0:191	WRONG	any:property-lookup-error
compiler/truthinessCallExpressionCoercion2:0:193	WRONG	any:property-lookup-error
compiler/truthinessCallExpressionCoercion2:0:195	WRONG	any:other
compiler/truthinessCallExpressionCoercion2:0:196	WRONG	any:binary-operand
compiler/truthinessCallExpressionCoercion2:0:197	WRONG	any:property-lookup-error
compiler/truthinessCallExpressionCoercion2:0:198	WRONG	any:property-lookup-error
compiler/truthinessCallExpressionCoercion2:0:200	WRONG	any:property-lookup-error
compiler/truthinessCallExpressionCoercion2:0:201	WRONG	any:property-lookup-error
compiler/truthinessCallExpressionCoercion2:0:202	WRONG	any:property-lookup-error
compiler/truthinessCallExpressionCoercion2:0:203	WRONG	any:property-lookup-error
compiler/truthinessCallExpressionCoercion2:0:205	WRONG	any:property-lookup-error
compiler/truthinessCallExpressionCoercion2:0:206	WRONG	any:property-lookup-error
compiler/tsxInferenceShouldNotYieldAnyOnUnions:0:16	WRONG	any:literal-expression-error
compiler/tsxInferenceShouldNotYieldAnyOnUnions:0:19	WRONG	any:literal-expression-error
compiler/tsxInferenceShouldNotYieldAnyOnUnions:0:20	WRONG	any:function-expression-error
compiler/tsxNotUsingApparentTypeOfSFC:0:0	WRONG	import-qualifier-extra
compiler/tsxNotUsingApparentTypeOfSFC:0:9	WRONG	import-qualifier-extra
compiler/tsxReactPropsInferenceSucceedsOnIntersections:0:0	WRONG	import-qualifier-extra
compiler/tsxReactPropsInferenceSucceedsOnIntersections:0:11	GAP	gap:function-expression
compiler/tsxReactPropsInferenceSucceedsOnIntersections:0:12	WRONG	any:contextual-parameter
compiler/tsxReactPropsInferenceSucceedsOnIntersections:0:15	WRONG	any:contextual-parameter
compiler/tsxReactPropsInferenceSucceedsOnIntersections:0:6	WRONG	import-qualifier-extra
compiler/tsxSpreadDoesNotReportExcessProps:0:0	WRONG	import-qualifier-extra
compiler/tsxSpreadDoesNotReportExcessProps:0:11	WRONG	qualified-name-choice
compiler/tsxSpreadDoesNotReportExcessProps:0:13	WRONG	qualified-name-choice
compiler/tsxSpreadDoesNotReportExcessProps:0:3	WRONG	import-qualifier-extra
compiler/tsxUnionMemberChecksFilterDataProps:0:0	WRONG	import-qualifier-extra
compiler/tupleTypeInference2:0:18	GAP	gap:call
compiler/tupleTypeInference2:0:26	GAP	gap:call
compiler/tupleTypeInference:0:26	GAP	gap:identifier
compiler/tupleTypeInference:0:27	GAP	gap:call
compiler/tupleTypeInference:0:31	WRONG	tuple-vs-array
compiler/tupleTypes:0:138	WRONG	alias-name-native-reassigned
compiler/tupleTypes:0:139	WRONG	alias-name-native-reassigned
compiler/tupleTypes:0:142	WRONG	alias-name-native-reassigned
compiler/twiceNestedKeyofIndexInference:0:2	WRONG	type-param-rename
compiler/twiceNestedKeyofIndexInference:0:25	GAP	gap:call
compiler/twiceNestedKeyofIndexInference:0:28	WRONG	tuple-vs-array
compiler/typeGuardConstructorNarrowPrimitivesInUnion:0:14	WRONG	never-where-native-typed
compiler/typeGuardConstructorPrimitiveTypes:0:6	WRONG	never-where-native-typed
compiler/typeGuardNarrowByMutableUntypedField:0:10	WRONG	type-argument-differs
compiler/typeGuardNarrowByMutableUntypedField:0:11	WRONG	any:property-lookup-error
compiler/typeGuardNarrowByMutableUntypedField:0:9	GAP	gap:property-access
compiler/typeGuardNarrowByUntypedField:0:10	WRONG	type-argument-differs
compiler/typeGuardNarrowByUntypedField:0:11	WRONG	any:property-lookup-error
compiler/typeGuardNarrowByUntypedField:0:9	GAP	gap:property-access
compiler/typeGuardNarrowsIndexedAccessOfKnownProperty11:0:10	GAP	gap:call
compiler/typeGuardNarrowsIndexedAccessOfKnownProperty11:0:11	GAP	gap:property-access
compiler/typeGuardNarrowsIndexedAccessOfKnownProperty11:0:12	WRONG	any:property-lookup-error
compiler/typeGuardNarrowsIndexedAccessOfKnownProperty11:0:13	WRONG	mapped-type-unresolved
compiler/typeGuardNarrowsIndexedAccessOfKnownProperty11:0:17	WRONG	any:property-lookup-error
compiler/typeGuardNarrowsIndexedAccessOfKnownProperty11:0:3	WRONG	mapped-type-unresolved
compiler/typeGuardNarrowsIndexedAccessOfKnownProperty11:0:5	GAP	gap:property-access
compiler/typeGuardNarrowsIndexedAccessOfKnownProperty11:0:6	WRONG	mapped-type-unresolved
compiler/typeGuardNarrowsIndexedAccessOfKnownProperty12:0:12	GAP	gap:call
compiler/typeGuardNarrowsIndexedAccessOfKnownProperty12:0:13	GAP	gap:property-access
compiler/typeGuardNarrowsIndexedAccessOfKnownProperty12:0:14	WRONG	any:property-lookup-error
compiler/typeGuardNarrowsIndexedAccessOfKnownProperty12:0:15	WRONG	mapped-type-unresolved
compiler/typeGuardNarrowsIndexedAccessOfKnownProperty12:0:19	WRONG	any:property-lookup-error
compiler/typeGuardNarrowsIndexedAccessOfKnownProperty12:0:5	WRONG	mapped-type-unresolved
compiler/typeGuardNarrowsIndexedAccessOfKnownProperty12:0:7	GAP	gap:property-access
compiler/typeGuardNarrowsIndexedAccessOfKnownProperty12:0:8	WRONG	mapped-type-unresolved
compiler/typeInferenceLiteralUnion:0:15	WRONG	union-order
compiler/typeInferenceLiteralUnion:0:19	GAP	gap:identifier
compiler/typeInferenceLiteralUnion:0:20	WRONG	union-members-differ
compiler/typeInferenceLiteralUnion:0:21	GAP	gap:identifier
compiler/typeInferenceLiteralUnion:0:22	WRONG	union-members-differ
compiler/typeName1:0:64	WRONG	signature-differs
compiler/typeNamedUndefined1:0:9	WRONG	literal-not-widened
compiler/typeNamedUndefined2:0:10	WRONG	literal-not-widened
compiler/typeOfYieldWithUnionInContextualReturnType:0:33	GAP	gap:other-expression
compiler/typeOfYieldWithUnionInContextualReturnType:0:35	GAP	gap:other-expression
compiler/typeOfYieldWithUnionInContextualReturnType:0:40	GAP	gap:function-expression
compiler/typeOfYieldWithUnionInContextualReturnType:0:45	GAP	gap:other-expression
compiler/typeOfYieldWithUnionInContextualReturnType:0:47	GAP	gap:other-expression
compiler/typeParameterConstraints1:0:0	WRONG	type-param-constraint
compiler/typeParameterConstraints1:0:18	WRONG	parenthesization
compiler/typeParameterExplicitlyExtendsAny:0:13	WRONG	any:other
compiler/typeParameterExplicitlyExtendsAny:0:15	WRONG	any:other
compiler/typeParameterExplicitlyExtendsAny:0:16	WRONG	type-param-constraint
compiler/typeParameterExplicitlyExtendsAny:0:34	WRONG	partial-any
compiler/typeParameterExplicitlyExtendsAny:0:5	WRONG	any:property-lookup-error
compiler/typeParameterExplicitlyExtendsAny:0:7	WRONG	any:property-lookup-error
compiler/typeParameterExplicitlyExtendsAny:0:8	WRONG	type-param-constraint
compiler/typeParameterExtendingUnion1:0:17	WRONG	union-members-differ
compiler/typeParameterExtendingUnion1:0:19	WRONG	union-members-differ
compiler/typeParameterExtendingUnion2:0:11	WRONG	union-members-differ
compiler/typeParameterExtendingUnion2:0:13	WRONG	union-members-differ
compiler/typeParameterExtendingUnion2:0:17	WRONG	union-members-differ
compiler/typeParameterExtendingUnion2:0:19	WRONG	union-members-differ
compiler/typeParameterHasSelfAsConstraint:0:0	WRONG	type-param-constraint
compiler/typeParametersAndParametersInComputedNames:0:7	WRONG	typed-where-native-any
compiler/typePredicateFreshLiteralWidening:0:14	WRONG	alias-port-kept
compiler/typePredicateFreshLiteralWidening:0:15	WRONG	alias-port-kept
compiler/typePredicateFreshLiteralWidening:0:18	WRONG	literal-widened
compiler/typePredicateFreshLiteralWidening:0:19	WRONG	literal-widened
compiler/typePredicateFreshLiteralWidening:0:21	WRONG	alias-port-kept
compiler/typePredicateFreshLiteralWidening:0:22	WRONG	alias-port-kept
compiler/typePredicateFreshLiteralWidening:0:25	WRONG	literal-widened
compiler/typePredicateFreshLiteralWidening:0:26	WRONG	literal-widened
compiler/typePredicateFreshLiteralWidening:0:28	WRONG	alias-port-kept
compiler/typePredicateFreshLiteralWidening:0:29	WRONG	alias-port-kept
compiler/typePredicateFreshLiteralWidening:0:44	WRONG	signature-differs
compiler/typePredicateFreshLiteralWidening:0:45	WRONG	signature-differs
compiler/typePredicateFreshLiteralWidening:0:46	WRONG	signature-differs
compiler/typePredicateFreshLiteralWidening:0:47	WRONG	signature-differs
compiler/typePredicateFreshLiteralWidening:0:48	WRONG	alias-port-kept
compiler/typePredicateFreshLiteralWidening:0:49	WRONG	alias-port-kept
compiler/typePredicateFreshLiteralWidening:0:50	WRONG	alias-port-kept
compiler/typePredicateFreshLiteralWidening:0:51	WRONG	signature-differs
compiler/typePredicateFreshLiteralWidening:0:52	WRONG	union-members-differ
compiler/typePredicateFreshLiteralWidening:0:53	WRONG	alias-port-kept
compiler/typePredicateFreshLiteralWidening:0:54	WRONG	alias-port-kept
compiler/typePredicateFreshLiteralWidening:0:55	WRONG	alias-port-kept
compiler/typePredicateFreshLiteralWidening:0:56	WRONG	alias-port-kept
compiler/typePredicateFreshLiteralWidening:0:57	WRONG	signature-differs
compiler/typePredicateFreshLiteralWidening:0:58	WRONG	signature-differs
compiler/typePredicateFreshLiteralWidening:0:59	WRONG	signature-differs
compiler/typePredicateFreshLiteralWidening:0:60	WRONG	signature-differs
compiler/typePredicateFreshLiteralWidening:0:61	WRONG	signature-differs
compiler/typePredicateTopLevelTypeParameter:0:24	WRONG	undefined-optionality
compiler/typePredicateTopLevelTypeParameter:0:25	WRONG	undefined-optionality
compiler/typePredicatesOptionalChaining3:0:2	WRONG	union-order
compiler/typePredicatesOptionalChaining3:0:22	WRONG	union-order
compiler/typeVariableConstraintIntersections:0:1	WRONG	alias-name-native-reassigned
compiler/typeVariableConstraintIntersections:0:10	WRONG	alias-name-native-reassigned
compiler/typeVariableConstraintIntersections:0:11	WRONG	alias-name-native-reassigned
compiler/typeVariableConstraintIntersections:0:12	WRONG	alias-name-native-reassigned
compiler/typeVariableConstraintIntersections:0:13	WRONG	alias-name-native-reassigned
compiler/typeVariableConstraintIntersections:0:14	WRONG	alias-name-native-reassigned
compiler/typeVariableConstraintIntersections:0:15	WRONG	alias-name-native-reassigned
compiler/typeVariableConstraintIntersections:0:17	WRONG	alias-name-native-reassigned
compiler/typeVariableConstraintIntersections:0:19	WRONG	alias-name-native-reassigned
compiler/typeVariableConstraintIntersections:0:2	WRONG	alias-name-native-reassigned
compiler/typeVariableConstraintIntersections:0:22	WRONG	alias-name-native-reassigned
compiler/typeVariableConstraintIntersections:0:25	WRONG	alias-name-native-reassigned
compiler/typeVariableConstraintIntersections:0:26	WRONG	alias-name-native-reassigned
compiler/typeVariableConstraintIntersections:0:27	WRONG	alias-name-native-reassigned
compiler/typeVariableConstraintIntersections:0:30	WRONG	alias-name-native-reassigned
compiler/typeVariableConstraintIntersections:0:31	WRONG	alias-name-native-reassigned
compiler/typeVariableConstraintIntersections:0:5	WRONG	alias-name-native-reassigned
compiler/typeVariableConstraintIntersections:0:6	WRONG	alias-name-native-reassigned
compiler/typeVariableConstraintIntersections:0:7	WRONG	alias-name-native-reassigned
compiler/typeofImportInstantiationExpression:0:7	GAP	gap:other-expression
compiler/typeofImportInstantiationExpression:0:8	GAP	gap:other-expression
compiler/typeofImportInstantiationExpression:1:0	GAP	gap:identifier
compiler/typeofImportInstantiationExpression:1:2	GAP	gap:identifier
compiler/typeofObjectInference:0:15	WRONG	type-param-constraint
compiler/typeofObjectInference:0:16	WRONG	signature-differs
compiler/typeofObjectInference:0:19	WRONG	type-param-constraint
compiler/typeofObjectInference:0:2	WRONG	type-param-constraint
compiler/typeofObjectInference:0:29	WRONG	type-param-constraint
compiler/typeofObjectInference:0:33	WRONG	type-param-constraint
compiler/typeofObjectInference:0:4	WRONG	object-members-differ
compiler/typeofObjectInference:0:45	WRONG	type-param-constraint
compiler/typeofObjectInference:0:52	WRONG	type-param-constraint
compiler/typeofObjectInference:0:63	WRONG	type-param-constraint
compiler/umdGlobalAugmentationNoCrash:0:1	WRONG	any:type-reference-error
compiler/umdGlobalAugmentationNoCrash:3:6	WRONG	alias-port-kept
compiler/umdNamespaceMergedWithGlobalAugmentationIsNotCircular:0:1	WRONG	any:type-reference-error
compiler/umdNamespaceMergedWithGlobalAugmentationIsNotCircular:2:1	WRONG	alias-port-kept
compiler/umdNamespaceMergedWithGlobalAugmentationIsNotCircular:3:6	WRONG	alias-port-kept
compiler/uncalledFunctionChecksInConditional2:0:134	WRONG	union-members-differ
compiler/uncalledFunctionChecksInConditional2:0:139	WRONG	signature-differs
compiler/uncalledFunctionChecksInConditional2:0:141	WRONG	signature-differs
compiler/uncalledFunctionChecksInConditional2:0:143	WRONG	signature-differs
compiler/uncalledFunctionChecksInConditional2:0:145	WRONG	signature-differs
compiler/undefinedTypeAssignment4:0:7	WRONG	different-name
compiler/undefinedTypeAssignment4:0:8	WRONG	different-name
compiler/underscoreTest1:0:1243	WRONG	any:literal-expression-error
compiler/underscoreTest1:0:1244	WRONG	any:literal-expression-error
compiler/underscoreTest1:0:1245	WRONG	any:function-expression-error
compiler/underscoreTest1:0:1268	WRONG	any:call-error
compiler/underscoreTest1:0:205	WRONG	literal-widened
compiler/underscoreTest1:0:216	WRONG	literal-widened
compiler/underscoreTest1:0:434	WRONG	literal-widened
compiler/underscoreTest1:0:441	WRONG	any:call-error
compiler/underscoreTest1:0:719	WRONG	any:variable-initialiser-error
compiler/underscoreTest1:0:720	WRONG	signature-differs
compiler/underscoreTest1:0:724	WRONG	signature-differs
compiler/underscoreTest1:0:733	WRONG	any:variable-initialiser-error
compiler/underscoreTest1:0:738	WRONG	any:variable-initialiser-error
compiler/unicodeEscapesInJSDoc:0:0	WRONG	js:partial-any
compiler/unicodeEscapesInJSDoc:0:10	WRONG	js:partial-any
compiler/unicodeEscapesInJSDoc:0:12	WRONG	js:any:uncontextual-parameter
compiler/unicodeEscapesInJSDoc:0:17	WRONG	js:any:binary-operand
compiler/unicodeEscapesInJSDoc:0:19	WRONG	js:any:uncontextual-parameter
compiler/unicodeEscapesInJSDoc:0:2	WRONG	js:any:uncontextual-parameter
compiler/unicodeEscapesInJSDoc:0:7	WRONG	js:any:binary-operand
compiler/unicodeEscapesInJSDoc:0:9	WRONG	js:any:uncontextual-parameter
compiler/unionExcessPropsWithPartialMember:0:6	WRONG	undefined-optionality
compiler/unionExcessPropsWithPartialMember:0:8	WRONG	undefined-optionality
compiler/unionOfClassCalls:0:109	WRONG	union-members-differ
compiler/unionOfClassCalls:0:110	WRONG	type-argument-differs
compiler/unionOfClassCalls:0:111	WRONG	union-members-differ
compiler/unionOfClassCalls:0:113	WRONG	union-members-differ
compiler/unionOfClassCalls:0:114	WRONG	union-members-differ
compiler/unionSubtypeReductionErrors:0:10006	WRONG	alias-native-kept
compiler/unionSubtypeReductionErrors:0:10007	WRONG	alias-native-kept
compiler/unionTypeWithIndexedLiteralType:0:4	WRONG	literal-widened
compiler/unionTypeWithIndexedLiteralType:0:5	WRONG	literal-widened
compiler/unionTypeWithRecursiveSubtypeReduction3:0:0	WRONG	any:type-reference-error
compiler/unionTypeWithRecursiveSubtypeReduction3:0:2	WRONG	any:type-reference-error
compiler/unionTypeWithRecursiveSubtypeReduction3:0:3	WRONG	any:type-reference-error
compiler/unionTypeWithRecursiveSubtypeReduction3:0:4	WRONG	any:type-reference-error
compiler/unionTypeWithRecursiveSubtypeReduction3:0:5	WRONG	any:type-reference-error
compiler/unionTypeWithRecursiveSubtypeReduction3:0:7	WRONG	any:type-reference-error
compiler/unionWithIndexSignature:0:11	WRONG	typedarray-buffer-arg
compiler/unionWithIndexSignature:0:23	WRONG	typedarray-buffer-arg
compiler/unknownLikeUnionObjectFlagsNotPropagated:0:17	WRONG	tuple-vs-array
compiler/unknownLikeUnionObjectFlagsNotPropagated:0:18	WRONG	type-argument-differs
compiler/unknownLikeUnionObjectFlagsNotPropagated:0:22	WRONG	tuple-vs-array
compiler/unreachableJavascriptChecked:0:0	WRONG	js:any:function-declaration-error
compiler/unreachableJavascriptUnchecked:0:0	GAP	js:gap:identifier
compiler/unresolvableSelfReferencingAwaitedUnion:0:21	WRONG	any:call-error
compiler/unresolvableSelfReferencingAwaitedUnion:0:22	WRONG	alias-port-kept
compiler/unresolvableSelfReferencingAwaitedUnion:0:24	WRONG	alias-name-port-reassigned
compiler/unresolvableSelfReferencingAwaitedUnion:0:30	WRONG	alias-name-port-reassigned
compiler/unusedImports11:0:18	WRONG	typeof-name-choice
compiler/unusedImports11:0:5	WRONG	typeof-name-choice
compiler/unusedImports12:0:5	WRONG	typeof-name-choice
compiler/unusedImports15:0:0	WRONG	typeof-name-choice
compiler/unusedImports16:0:0	WRONG	typeof-name-choice
compiler/unusedImports_entireImportDeclaration:1:14	WRONG	typeof-name-choice
compiler/unusedImports_entireImportDeclaration:1:17	WRONG	typeof-name-choice
compiler/unusedImports_entireImportDeclaration:1:18	WRONG	typeof-name-choice
compiler/unusedInvalidTypeArguments:2:1	WRONG	any:type-reference-error
compiler/unusedParametersWithUnderscore:0:11	WRONG	any:function-declaration-error
compiler/unusedTypeParametersCheckedByNoUnusedParameters:0:1	WRONG	qualified-name-choice
compiler/unusedTypeParametersNotCheckedByNoUnusedLocals:0:1	WRONG	qualified-name-choice
compiler/varianceProblingAndZeroOrderIndexSignatureRelationsAlign2:0:56	WRONG	partial-any
compiler/varianceProblingAndZeroOrderIndexSignatureRelationsAlign2:0:58	WRONG	partial-any
compiler/varianceProblingAndZeroOrderIndexSignatureRelationsAlign2:0:64	WRONG	partial-any
compiler/varianceProblingAndZeroOrderIndexSignatureRelationsAlign:0:56	WRONG	partial-any
compiler/varianceProblingAndZeroOrderIndexSignatureRelationsAlign:0:58	WRONG	partial-any
compiler/varianceProblingAndZeroOrderIndexSignatureRelationsAlign:0:64	WRONG	partial-any
compiler/varianceProblingAndZeroOrderIndexSignatureRelationsAlign:0:67	WRONG	partial-any
compiler/varianceReferences:0:1	WRONG	alias-name-native-reassigned
compiler/varianceReferences:0:11	WRONG	alias-name-native-reassigned
compiler/varianceReferences:0:12	WRONG	alias-port-kept
compiler/varianceReferences:0:13	WRONG	alias-port-kept
compiler/varianceReferences:0:14	WRONG	alias-port-kept
compiler/varianceReferences:0:15	WRONG	alias-port-kept
compiler/varianceReferences:0:16	WRONG	alias-port-kept
compiler/varianceReferences:0:17	WRONG	alias-port-kept
compiler/varianceReferences:0:18	WRONG	alias-port-kept
compiler/varianceReferences:0:19	WRONG	alias-port-kept
compiler/varianceReferences:0:2	WRONG	alias-port-kept
compiler/varianceReferences:0:21	WRONG	alias-name-native-reassigned
compiler/varianceReferences:0:22	WRONG	alias-name-native-reassigned
compiler/varianceReferences:0:23	WRONG	alias-name-native-reassigned
compiler/varianceReferences:0:24	WRONG	alias-port-kept
compiler/varianceReferences:0:25	WRONG	alias-port-kept
compiler/varianceReferences:0:26	WRONG	alias-port-kept
compiler/varianceReferences:0:27	WRONG	alias-port-kept
compiler/varianceReferences:0:28	WRONG	alias-port-kept
compiler/varianceReferences:0:29	WRONG	alias-port-kept
compiler/varianceReferences:0:3	WRONG	alias-port-kept
compiler/varianceReferences:0:30	WRONG	alias-port-kept
compiler/varianceReferences:0:31	WRONG	alias-port-kept
compiler/varianceReferences:0:4	WRONG	alias-port-kept
compiler/varianceReferences:0:5	WRONG	alias-port-kept
compiler/varianceReferences:0:6	WRONG	alias-port-kept
compiler/varianceReferences:0:7	WRONG	alias-port-kept
compiler/varianceReferences:0:8	WRONG	alias-port-kept
compiler/varianceReferences:0:9	WRONG	alias-port-kept
compiler/verbatim-declarations-parameters:0:0	WRONG	mapped-type-unresolved
compiler/verbatim-declarations-parameters:0:11	WRONG	mapped-type-unresolved
compiler/verbatim-declarations-parameters:0:3	WRONG	mapped-type-unresolved
compiler/verbatim-declarations-parameters:0:4	WRONG	mapped-type-unresolved
compiler/verbatim-declarations-parameters:0:5	WRONG	mapped-type-unresolved
compiler/verbatim-declarations-parameters:0:6	WRONG	undefined-optionality
compiler/verbatim-declarations-parameters:0:7	WRONG	mapped-type-unresolved
compiler/verbatim-declarations-parameters:0:9	WRONG	mapped-type-unresolved
compiler/visibilityOfCrossModuleTypeUsage:0:11	WRONG	import-qualifier-missing
compiler/visibilityOfCrossModuleTypeUsage:0:13	WRONG	import-qualifier-missing
compiler/visibilityOfCrossModuleTypeUsage:0:7	WRONG	import-qualifier-missing
compiler/visibilityOfCrossModuleTypeUsage:0:9	WRONG	import-qualifier-missing
compiler/voidReturnIndexUnionInference:0:15	GAP	gap:call
compiler/voidReturnIndexUnionInference:0:17	WRONG	union-members-differ
compiler/voidReturnIndexUnionInference:0:19	WRONG	union-members-differ
compiler/voidReturnIndexUnionInference:0:21	GAP	gap:call
compiler/voidReturnIndexUnionInference:0:23	WRONG	union-members-differ
compiler/voidReturnIndexUnionInference:0:25	WRONG	union-members-differ
compiler/widenedTypes:0:40	WRONG	object-members-differ
compiler/wideningWithTopLevelTypeParameter:0:47	WRONG	union-order
conformance/ArrowFunction3:0:0	WRONG	typed-where-native-any
conformance/FunctionPropertyAssignments4_es6:0:0	WRONG	unknown-where-native-typed
conformance/FunctionPropertyAssignments4_es6:0:1	WRONG	unknown-where-native-typed
conformance/FunctionPropertyAssignments4_es6:0:2	WRONG	unknown-where-native-typed
conformance/ModuleWithExportedAndNonExportedImportAlias:0:40	WRONG	qualified-name-choice
conformance/ModuleWithExportedAndNonExportedImportAlias:0:42	WRONG	qualified-name-choice
conformance/ModuleWithExportedAndNonExportedImportAlias:0:51	WRONG	qualified-name-choice
conformance/ModuleWithExportedAndNonExportedImportAlias:0:53	WRONG	qualified-name-choice
conformance/TypeGuardWithEnumUnion:0:17	GAP	gap:identifier
conformance/TypeGuardWithEnumUnion:0:20	GAP	gap:identifier
conformance/TypeGuardWithEnumUnion:0:22	GAP	gap:identifier
conformance/TypeGuardWithEnumUnion:0:23	GAP	gap:identifier
conformance/TypeGuardWithEnumUnion:0:24	GAP	gap:identifier
conformance/TypeGuardWithEnumUnion:0:27	GAP	gap:identifier
conformance/TypeGuardWithEnumUnion:0:29	WRONG	different-name
conformance/TypeGuardWithEnumUnion:0:30	WRONG	different-name
conformance/TypeGuardWithEnumUnion:0:31	WRONG	different-name
conformance/TypeGuardWithEnumUnion:0:32	GAP	gap:identifier
conformance/TypeGuardWithEnumUnion:0:33	GAP	gap:identifier
conformance/TypeGuardWithEnumUnion:0:34	GAP	gap:identifier
conformance/TypeGuardWithEnumUnion:0:37	GAP	gap:identifier
conformance/TypeGuardWithEnumUnion:0:42	GAP	gap:identifier
conformance/TypeGuardWithEnumUnion:0:43	GAP	gap:identifier
conformance/TypeGuardWithEnumUnion:0:44	GAP	gap:identifier
conformance/YieldStarExpression1_es6:0:0	WRONG	any:other
conformance/YieldStarExpression2_es6:0:0	WRONG	any:other
conformance/accessorsOverrideProperty8:0:10	WRONG	partial-any
conformance/accessorsOverrideProperty8:0:11	WRONG	partial-any
conformance/accessorsOverrideProperty8:0:22	WRONG	partial-any
conformance/allowUnescapedParagraphAndLineSeparatorsInStringLiteral:0:1	WRONG	string-escape-printing
conformance/allowUnescapedParagraphAndLineSeparatorsInStringLiteral:0:11	WRONG	string-escape-printing
conformance/allowUnescapedParagraphAndLineSeparatorsInStringLiteral:0:14	WRONG	string-escape-printing
conformance/allowUnescapedParagraphAndLineSeparatorsInStringLiteral:0:15	WRONG	string-escape-printing
conformance/allowUnescapedParagraphAndLineSeparatorsInStringLiteral:0:16	WRONG	string-escape-printing
conformance/allowUnescapedParagraphAndLineSeparatorsInStringLiteral:0:17	WRONG	string-escape-printing
conformance/allowUnescapedParagraphAndLineSeparatorsInStringLiteral:0:19	WRONG	string-escape-printing
conformance/allowUnescapedParagraphAndLineSeparatorsInStringLiteral:0:3	WRONG	string-escape-printing
conformance/allowUnescapedParagraphAndLineSeparatorsInStringLiteral:0:5	WRONG	string-escape-printing
conformance/allowUnescapedParagraphAndLineSeparatorsInStringLiteral:0:7	WRONG	string-escape-printing
conformance/allowUnescapedParagraphAndLineSeparatorsInStringLiteral:0:9	WRONG	string-escape-printing
conformance/allowsImportingTsExtension:2:3	WRONG	import-qualifier-extra
conformance/allowsImportingTsExtension:3:3	WRONG	import-qualifier-extra
conformance/ambientModuleDeclarationWithReservedIdentifierInDottedPath2:0:3	WRONG	any:variable-initialiser-error
conformance/ambientModuleDeclarationWithReservedIdentifierInDottedPath2:0:4	WRONG	any:property-lookup-error
conformance/ambientModuleDeclarationWithReservedIdentifierInDottedPath2:0:5	WRONG	any:property-lookup-error
conformance/ambientModuleDeclarationWithReservedIdentifierInDottedPath2:0:7	WRONG	any:property-lookup-error
conformance/ambientModuleDeclarationWithReservedIdentifierInDottedPath2:0:8	WRONG	any:property-lookup-error
conformance/ambientModuleDeclarationWithReservedIdentifierInDottedPath:0:3	WRONG	any:variable-initialiser-error
conformance/ambientModuleDeclarationWithReservedIdentifierInDottedPath:0:4	WRONG	any:property-lookup-error
conformance/ambientModuleDeclarationWithReservedIdentifierInDottedPath:0:5	WRONG	any:property-lookup-error
conformance/ambientModuleDeclarationWithReservedIdentifierInDottedPath:0:7	WRONG	any:property-lookup-error
conformance/ambientModuleDeclarationWithReservedIdentifierInDottedPath:0:8	WRONG	any:property-lookup-error
conformance/ambientShorthand_reExport:3:2	GAP	gap:call
conformance/ambientShorthand_reExport:3:3	GAP	gap:identifier
conformance/arbitraryModuleNamespaceIdentifiers_exportEmpty:0:4	WRONG	any:alias-target
conformance/arbitraryModuleNamespaceIdentifiers_exportEmpty:0:6	WRONG	any:alias-target
conformance/arbitraryModuleNamespaceIdentifiers_importEmpty:0:3	WRONG	any:variable-initialiser-error
conformance/arbitraryModuleNamespaceIdentifiers_importEmpty:0:4	WRONG	any:literal-expression-error
conformance/arbitraryModuleNamespaceIdentifiers_module(module=commonjs):0:10	WRONG	any:configured:other-expression
conformance/arbitraryModuleNamespaceIdentifiers_module(module=commonjs):0:11	WRONG	any:configured:identifier
conformance/arbitraryModuleNamespaceIdentifiers_module(module=commonjs):0:13	WRONG	any:configured:identifier
conformance/arbitraryModuleNamespaceIdentifiers_module(module=commonjs):0:16	WRONG	alias-native-kept
conformance/arbitraryModuleNamespaceIdentifiers_module(module=commonjs):0:17	WRONG	any:configured:identifier
conformance/arbitraryModuleNamespaceIdentifiers_module(module=commonjs):0:19	WRONG	any:configured:property-access
conformance/arbitraryModuleNamespaceIdentifiers_module(module=commonjs):0:20	WRONG	any:configured:identifier
conformance/arbitraryModuleNamespaceIdentifiers_module(module=commonjs):0:25	WRONG	any:configured:property-access
conformance/arbitraryModuleNamespaceIdentifiers_module(module=commonjs):0:26	WRONG	any:configured:identifier
conformance/arbitraryModuleNamespaceIdentifiers_module(module=commonjs):0:31	WRONG	any:configured:property-access
conformance/arbitraryModuleNamespaceIdentifiers_module(module=commonjs):0:32	WRONG	any:configured:identifier
conformance/arbitraryModuleNamespaceIdentifiers_module(module=commonjs):0:34	WRONG	any:configured:identifier
conformance/arbitraryModuleNamespaceIdentifiers_module(module=commonjs):0:39	WRONG	any:configured:identifier
conformance/arbitraryModuleNamespaceIdentifiers_module(module=commonjs):0:43	WRONG	any:configured:identifier
conformance/arbitraryModuleNamespaceIdentifiers_module(module=commonjs):0:45	WRONG	alias-native-kept
conformance/arbitraryModuleNamespaceIdentifiers_module(module=commonjs):0:46	WRONG	any:configured:identifier
conformance/arbitraryModuleNamespaceIdentifiers_module(module=commonjs):0:48	WRONG	alias-port-kept
conformance/arbitraryModuleNamespaceIdentifiers_module(module=commonjs):0:5	WRONG	any:configured:identifier
conformance/arbitraryModuleNamespaceIdentifiers_module(module=commonjs):0:7	WRONG	any:configured:identifier
conformance/arbitraryModuleNamespaceIdentifiers_module(module=es2020):0:10	WRONG	any:configured:other-expression
conformance/arbitraryModuleNamespaceIdentifiers_module(module=es2020):0:11	WRONG	any:configured:identifier
conformance/arbitraryModuleNamespaceIdentifiers_module(module=es2020):0:13	WRONG	any:configured:identifier
conformance/arbitraryModuleNamespaceIdentifiers_module(module=es2020):0:16	WRONG	alias-native-kept
conformance/arbitraryModuleNamespaceIdentifiers_module(module=es2020):0:17	WRONG	any:configured:identifier
conformance/arbitraryModuleNamespaceIdentifiers_module(module=es2020):0:19	WRONG	any:configured:property-access
conformance/arbitraryModuleNamespaceIdentifiers_module(module=es2020):0:20	WRONG	any:configured:identifier
conformance/arbitraryModuleNamespaceIdentifiers_module(module=es2020):0:25	WRONG	any:configured:property-access
conformance/arbitraryModuleNamespaceIdentifiers_module(module=es2020):0:26	WRONG	any:configured:identifier
conformance/arbitraryModuleNamespaceIdentifiers_module(module=es2020):0:31	WRONG	any:configured:property-access
conformance/arbitraryModuleNamespaceIdentifiers_module(module=es2020):0:32	WRONG	any:configured:identifier
conformance/arbitraryModuleNamespaceIdentifiers_module(module=es2020):0:34	WRONG	any:configured:identifier
conformance/arbitraryModuleNamespaceIdentifiers_module(module=es2020):0:39	WRONG	any:configured:identifier
conformance/arbitraryModuleNamespaceIdentifiers_module(module=es2020):0:43	WRONG	any:configured:identifier
conformance/arbitraryModuleNamespaceIdentifiers_module(module=es2020):0:45	WRONG	alias-native-kept
conformance/arbitraryModuleNamespaceIdentifiers_module(module=es2020):0:46	WRONG	any:configured:identifier
conformance/arbitraryModuleNamespaceIdentifiers_module(module=es2020):0:48	WRONG	alias-port-kept
conformance/arbitraryModuleNamespaceIdentifiers_module(module=es2020):0:5	WRONG	any:configured:identifier
conformance/arbitraryModuleNamespaceIdentifiers_module(module=es2020):0:7	WRONG	any:configured:identifier
conformance/arbitraryModuleNamespaceIdentifiers_module(module=es2022):0:10	WRONG	any:configured:other-expression
conformance/arbitraryModuleNamespaceIdentifiers_module(module=es2022):0:11	WRONG	any:configured:identifier
conformance/arbitraryModuleNamespaceIdentifiers_module(module=es2022):0:13	WRONG	any:configured:identifier
conformance/arbitraryModuleNamespaceIdentifiers_module(module=es2022):0:16	WRONG	alias-native-kept
conformance/arbitraryModuleNamespaceIdentifiers_module(module=es2022):0:17	WRONG	any:configured:identifier
conformance/arbitraryModuleNamespaceIdentifiers_module(module=es2022):0:19	WRONG	any:configured:property-access
conformance/arbitraryModuleNamespaceIdentifiers_module(module=es2022):0:20	WRONG	any:configured:identifier
conformance/arbitraryModuleNamespaceIdentifiers_module(module=es2022):0:25	WRONG	any:configured:property-access
conformance/arbitraryModuleNamespaceIdentifiers_module(module=es2022):0:26	WRONG	any:configured:identifier
conformance/arbitraryModuleNamespaceIdentifiers_module(module=es2022):0:31	WRONG	any:configured:property-access
conformance/arbitraryModuleNamespaceIdentifiers_module(module=es2022):0:32	WRONG	any:configured:identifier
conformance/arbitraryModuleNamespaceIdentifiers_module(module=es2022):0:34	WRONG	any:configured:identifier
conformance/arbitraryModuleNamespaceIdentifiers_module(module=es2022):0:39	WRONG	any:configured:identifier
conformance/arbitraryModuleNamespaceIdentifiers_module(module=es2022):0:43	WRONG	any:configured:identifier
conformance/arbitraryModuleNamespaceIdentifiers_module(module=es2022):0:45	WRONG	alias-native-kept
conformance/arbitraryModuleNamespaceIdentifiers_module(module=es2022):0:46	WRONG	any:configured:identifier
conformance/arbitraryModuleNamespaceIdentifiers_module(module=es2022):0:48	WRONG	alias-port-kept
conformance/arbitraryModuleNamespaceIdentifiers_module(module=es2022):0:5	WRONG	any:configured:identifier
conformance/arbitraryModuleNamespaceIdentifiers_module(module=es2022):0:7	WRONG	any:configured:identifier
conformance/arbitraryModuleNamespaceIdentifiers_module(module=es6):0:10	WRONG	any:configured:other-expression
conformance/arbitraryModuleNamespaceIdentifiers_module(module=es6):0:11	WRONG	any:configured:identifier
conformance/arbitraryModuleNamespaceIdentifiers_module(module=es6):0:13	WRONG	any:configured:identifier
conformance/arbitraryModuleNamespaceIdentifiers_module(module=es6):0:16	WRONG	alias-native-kept
conformance/arbitraryModuleNamespaceIdentifiers_module(module=es6):0:17	WRONG	any:configured:identifier
conformance/arbitraryModuleNamespaceIdentifiers_module(module=es6):0:19	WRONG	any:configured:property-access
conformance/arbitraryModuleNamespaceIdentifiers_module(module=es6):0:20	WRONG	any:configured:identifier
conformance/arbitraryModuleNamespaceIdentifiers_module(module=es6):0:25	WRONG	any:configured:property-access
conformance/arbitraryModuleNamespaceIdentifiers_module(module=es6):0:26	WRONG	any:configured:identifier
conformance/arbitraryModuleNamespaceIdentifiers_module(module=es6):0:31	WRONG	any:configured:property-access
conformance/arbitraryModuleNamespaceIdentifiers_module(module=es6):0:32	WRONG	any:configured:identifier
conformance/arbitraryModuleNamespaceIdentifiers_module(module=es6):0:34	WRONG	any:configured:identifier
conformance/arbitraryModuleNamespaceIdentifiers_module(module=es6):0:39	WRONG	any:configured:identifier
conformance/arbitraryModuleNamespaceIdentifiers_module(module=es6):0:43	WRONG	any:configured:identifier
conformance/arbitraryModuleNamespaceIdentifiers_module(module=es6):0:45	WRONG	alias-native-kept
conformance/arbitraryModuleNamespaceIdentifiers_module(module=es6):0:46	WRONG	any:configured:identifier
conformance/arbitraryModuleNamespaceIdentifiers_module(module=es6):0:48	WRONG	alias-port-kept
conformance/arbitraryModuleNamespaceIdentifiers_module(module=es6):0:5	WRONG	any:configured:identifier
conformance/arbitraryModuleNamespaceIdentifiers_module(module=es6):0:7	WRONG	any:configured:identifier
conformance/arbitraryModuleNamespaceIdentifiers_module(module=esnext):0:10	WRONG	any:configured:other-expression
conformance/arbitraryModuleNamespaceIdentifiers_module(module=esnext):0:11	WRONG	any:configured:identifier
conformance/arbitraryModuleNamespaceIdentifiers_module(module=esnext):0:13	WRONG	any:configured:identifier
conformance/arbitraryModuleNamespaceIdentifiers_module(module=esnext):0:16	WRONG	alias-native-kept
conformance/arbitraryModuleNamespaceIdentifiers_module(module=esnext):0:17	WRONG	any:configured:identifier
conformance/arbitraryModuleNamespaceIdentifiers_module(module=esnext):0:19	WRONG	any:configured:property-access
conformance/arbitraryModuleNamespaceIdentifiers_module(module=esnext):0:20	WRONG	any:configured:identifier
conformance/arbitraryModuleNamespaceIdentifiers_module(module=esnext):0:25	WRONG	any:configured:property-access
conformance/arbitraryModuleNamespaceIdentifiers_module(module=esnext):0:26	WRONG	any:configured:identifier
conformance/arbitraryModuleNamespaceIdentifiers_module(module=esnext):0:31	WRONG	any:configured:property-access
conformance/arbitraryModuleNamespaceIdentifiers_module(module=esnext):0:32	WRONG	any:configured:identifier
conformance/arbitraryModuleNamespaceIdentifiers_module(module=esnext):0:34	WRONG	any:configured:identifier
conformance/arbitraryModuleNamespaceIdentifiers_module(module=esnext):0:39	WRONG	any:configured:identifier
conformance/arbitraryModuleNamespaceIdentifiers_module(module=esnext):0:43	WRONG	any:configured:identifier
conformance/arbitraryModuleNamespaceIdentifiers_module(module=esnext):0:45	WRONG	alias-native-kept
conformance/arbitraryModuleNamespaceIdentifiers_module(module=esnext):0:46	WRONG	any:configured:identifier
conformance/arbitraryModuleNamespaceIdentifiers_module(module=esnext):0:48	WRONG	alias-port-kept
conformance/arbitraryModuleNamespaceIdentifiers_module(module=esnext):0:5	WRONG	any:configured:identifier
conformance/arbitraryModuleNamespaceIdentifiers_module(module=esnext):0:7	WRONG	any:configured:identifier
conformance/arbitraryModuleNamespaceIdentifiers_module(module=node16):0:10	WRONG	any:configured:other-expression
conformance/arbitraryModuleNamespaceIdentifiers_module(module=node16):0:11	WRONG	any:configured:identifier
conformance/arbitraryModuleNamespaceIdentifiers_module(module=node16):0:13	WRONG	any:configured:identifier
conformance/arbitraryModuleNamespaceIdentifiers_module(module=node16):0:16	WRONG	alias-native-kept
conformance/arbitraryModuleNamespaceIdentifiers_module(module=node16):0:17	WRONG	any:configured:identifier
conformance/arbitraryModuleNamespaceIdentifiers_module(module=node16):0:19	WRONG	any:configured:property-access
conformance/arbitraryModuleNamespaceIdentifiers_module(module=node16):0:20	WRONG	any:configured:identifier
conformance/arbitraryModuleNamespaceIdentifiers_module(module=node16):0:25	WRONG	any:configured:property-access
conformance/arbitraryModuleNamespaceIdentifiers_module(module=node16):0:26	WRONG	any:configured:identifier
conformance/arbitraryModuleNamespaceIdentifiers_module(module=node16):0:31	WRONG	any:configured:property-access
conformance/arbitraryModuleNamespaceIdentifiers_module(module=node16):0:32	WRONG	any:configured:identifier
conformance/arbitraryModuleNamespaceIdentifiers_module(module=node16):0:34	WRONG	any:configured:identifier
conformance/arbitraryModuleNamespaceIdentifiers_module(module=node16):0:39	WRONG	any:configured:identifier
conformance/arbitraryModuleNamespaceIdentifiers_module(module=node16):0:43	WRONG	any:configured:identifier
conformance/arbitraryModuleNamespaceIdentifiers_module(module=node16):0:45	WRONG	alias-native-kept
conformance/arbitraryModuleNamespaceIdentifiers_module(module=node16):0:46	WRONG	any:configured:identifier
conformance/arbitraryModuleNamespaceIdentifiers_module(module=node16):0:48	WRONG	alias-port-kept
conformance/arbitraryModuleNamespaceIdentifiers_module(module=node16):0:5	WRONG	any:configured:identifier
conformance/arbitraryModuleNamespaceIdentifiers_module(module=node16):0:7	WRONG	any:configured:identifier
conformance/arbitraryModuleNamespaceIdentifiers_module(module=node18):0:10	WRONG	any:configured:other-expression
conformance/arbitraryModuleNamespaceIdentifiers_module(module=node18):0:11	WRONG	any:configured:identifier
conformance/arbitraryModuleNamespaceIdentifiers_module(module=node18):0:13	WRONG	any:configured:identifier
conformance/arbitraryModuleNamespaceIdentifiers_module(module=node18):0:16	WRONG	alias-native-kept
conformance/arbitraryModuleNamespaceIdentifiers_module(module=node18):0:17	WRONG	any:configured:identifier
conformance/arbitraryModuleNamespaceIdentifiers_module(module=node18):0:19	WRONG	any:configured:property-access
conformance/arbitraryModuleNamespaceIdentifiers_module(module=node18):0:20	WRONG	any:configured:identifier
conformance/arbitraryModuleNamespaceIdentifiers_module(module=node18):0:25	WRONG	any:configured:property-access
conformance/arbitraryModuleNamespaceIdentifiers_module(module=node18):0:26	WRONG	any:configured:identifier
conformance/arbitraryModuleNamespaceIdentifiers_module(module=node18):0:31	WRONG	any:configured:property-access
conformance/arbitraryModuleNamespaceIdentifiers_module(module=node18):0:32	WRONG	any:configured:identifier
conformance/arbitraryModuleNamespaceIdentifiers_module(module=node18):0:34	WRONG	any:configured:identifier
conformance/arbitraryModuleNamespaceIdentifiers_module(module=node18):0:39	WRONG	any:configured:identifier
conformance/arbitraryModuleNamespaceIdentifiers_module(module=node18):0:43	WRONG	any:configured:identifier
conformance/arbitraryModuleNamespaceIdentifiers_module(module=node18):0:45	WRONG	alias-native-kept
conformance/arbitraryModuleNamespaceIdentifiers_module(module=node18):0:46	WRONG	any:configured:identifier
conformance/arbitraryModuleNamespaceIdentifiers_module(module=node18):0:48	WRONG	alias-port-kept
conformance/arbitraryModuleNamespaceIdentifiers_module(module=node18):0:5	WRONG	any:configured:identifier
conformance/arbitraryModuleNamespaceIdentifiers_module(module=node18):0:7	WRONG	any:configured:identifier
conformance/arbitraryModuleNamespaceIdentifiers_module(module=node20):0:10	WRONG	any:configured:other-expression
conformance/arbitraryModuleNamespaceIdentifiers_module(module=node20):0:11	WRONG	any:configured:identifier
conformance/arbitraryModuleNamespaceIdentifiers_module(module=node20):0:13	WRONG	any:configured:identifier
conformance/arbitraryModuleNamespaceIdentifiers_module(module=node20):0:16	WRONG	alias-native-kept
conformance/arbitraryModuleNamespaceIdentifiers_module(module=node20):0:17	WRONG	any:configured:identifier
conformance/arbitraryModuleNamespaceIdentifiers_module(module=node20):0:19	WRONG	any:configured:property-access
conformance/arbitraryModuleNamespaceIdentifiers_module(module=node20):0:20	WRONG	any:configured:identifier
conformance/arbitraryModuleNamespaceIdentifiers_module(module=node20):0:25	WRONG	any:configured:property-access
conformance/arbitraryModuleNamespaceIdentifiers_module(module=node20):0:26	WRONG	any:configured:identifier
conformance/arbitraryModuleNamespaceIdentifiers_module(module=node20):0:31	WRONG	any:configured:property-access
conformance/arbitraryModuleNamespaceIdentifiers_module(module=node20):0:32	WRONG	any:configured:identifier
conformance/arbitraryModuleNamespaceIdentifiers_module(module=node20):0:34	WRONG	any:configured:identifier
conformance/arbitraryModuleNamespaceIdentifiers_module(module=node20):0:39	WRONG	any:configured:identifier
conformance/arbitraryModuleNamespaceIdentifiers_module(module=node20):0:43	WRONG	any:configured:identifier
conformance/arbitraryModuleNamespaceIdentifiers_module(module=node20):0:45	WRONG	alias-native-kept
conformance/arbitraryModuleNamespaceIdentifiers_module(module=node20):0:46	WRONG	any:configured:identifier
conformance/arbitraryModuleNamespaceIdentifiers_module(module=node20):0:48	WRONG	alias-port-kept
conformance/arbitraryModuleNamespaceIdentifiers_module(module=node20):0:5	WRONG	any:configured:identifier
conformance/arbitraryModuleNamespaceIdentifiers_module(module=node20):0:7	WRONG	any:configured:identifier
conformance/arbitraryModuleNamespaceIdentifiers_module(module=nodenext):0:10	WRONG	any:configured:other-expression
conformance/arbitraryModuleNamespaceIdentifiers_module(module=nodenext):0:11	WRONG	any:configured:identifier
conformance/arbitraryModuleNamespaceIdentifiers_module(module=nodenext):0:13	WRONG	any:configured:identifier
conformance/arbitraryModuleNamespaceIdentifiers_module(module=nodenext):0:16	WRONG	alias-native-kept
conformance/arbitraryModuleNamespaceIdentifiers_module(module=nodenext):0:17	WRONG	any:configured:identifier
conformance/arbitraryModuleNamespaceIdentifiers_module(module=nodenext):0:19	WRONG	any:configured:property-access
conformance/arbitraryModuleNamespaceIdentifiers_module(module=nodenext):0:20	WRONG	any:configured:identifier
conformance/arbitraryModuleNamespaceIdentifiers_module(module=nodenext):0:25	WRONG	any:configured:property-access
conformance/arbitraryModuleNamespaceIdentifiers_module(module=nodenext):0:26	WRONG	any:configured:identifier
conformance/arbitraryModuleNamespaceIdentifiers_module(module=nodenext):0:31	WRONG	any:configured:property-access
conformance/arbitraryModuleNamespaceIdentifiers_module(module=nodenext):0:32	WRONG	any:configured:identifier
conformance/arbitraryModuleNamespaceIdentifiers_module(module=nodenext):0:34	WRONG	any:configured:identifier
conformance/arbitraryModuleNamespaceIdentifiers_module(module=nodenext):0:39	WRONG	any:configured:identifier
conformance/arbitraryModuleNamespaceIdentifiers_module(module=nodenext):0:43	WRONG	any:configured:identifier
conformance/arbitraryModuleNamespaceIdentifiers_module(module=nodenext):0:45	WRONG	alias-native-kept
conformance/arbitraryModuleNamespaceIdentifiers_module(module=nodenext):0:46	WRONG	any:configured:identifier
conformance/arbitraryModuleNamespaceIdentifiers_module(module=nodenext):0:48	WRONG	alias-port-kept
conformance/arbitraryModuleNamespaceIdentifiers_module(module=nodenext):0:5	WRONG	any:configured:identifier
conformance/arbitraryModuleNamespaceIdentifiers_module(module=nodenext):0:7	WRONG	any:configured:identifier
conformance/arbitraryModuleNamespaceIdentifiers_module(module=preserve):0:10	WRONG	any:configured:other-expression
conformance/arbitraryModuleNamespaceIdentifiers_module(module=preserve):0:11	WRONG	any:configured:identifier
conformance/arbitraryModuleNamespaceIdentifiers_module(module=preserve):0:13	WRONG	any:configured:identifier
conformance/arbitraryModuleNamespaceIdentifiers_module(module=preserve):0:16	WRONG	alias-native-kept
conformance/arbitraryModuleNamespaceIdentifiers_module(module=preserve):0:17	WRONG	any:configured:identifier
conformance/arbitraryModuleNamespaceIdentifiers_module(module=preserve):0:19	WRONG	any:configured:property-access
conformance/arbitraryModuleNamespaceIdentifiers_module(module=preserve):0:20	WRONG	any:configured:identifier
conformance/arbitraryModuleNamespaceIdentifiers_module(module=preserve):0:25	WRONG	any:configured:property-access
conformance/arbitraryModuleNamespaceIdentifiers_module(module=preserve):0:26	WRONG	any:configured:identifier
conformance/arbitraryModuleNamespaceIdentifiers_module(module=preserve):0:31	WRONG	any:configured:property-access
conformance/arbitraryModuleNamespaceIdentifiers_module(module=preserve):0:32	WRONG	any:configured:identifier
conformance/arbitraryModuleNamespaceIdentifiers_module(module=preserve):0:34	WRONG	any:configured:identifier
conformance/arbitraryModuleNamespaceIdentifiers_module(module=preserve):0:39	WRONG	any:configured:identifier
conformance/arbitraryModuleNamespaceIdentifiers_module(module=preserve):0:43	WRONG	any:configured:identifier
conformance/arbitraryModuleNamespaceIdentifiers_module(module=preserve):0:45	WRONG	alias-native-kept
conformance/arbitraryModuleNamespaceIdentifiers_module(module=preserve):0:46	WRONG	any:configured:identifier
conformance/arbitraryModuleNamespaceIdentifiers_module(module=preserve):0:48	WRONG	alias-port-kept
conformance/arbitraryModuleNamespaceIdentifiers_module(module=preserve):0:5	WRONG	any:configured:identifier
conformance/arbitraryModuleNamespaceIdentifiers_module(module=preserve):0:7	WRONG	any:configured:identifier
conformance/arrayLiteralInference:0:26	WRONG	type-argument-differs
conformance/arrayLiteralInference:0:28	WRONG	signature-differs
conformance/arrayLiteralInference:0:29	WRONG	other
conformance/arrayLiteralInference:0:40	WRONG	other
conformance/arrayLiteralInference:0:54	WRONG	other
conformance/arrayTypeOfTypeOf:0:6	GAP	gap:identifier
conformance/arrayTypeOfTypeOf:0:8	GAP	gap:identifier
conformance/arrowFunctionContexts(alwaysstrict=true):0:13	WRONG	signature-differs
conformance/arrowFunctionContexts(alwaysstrict=true):0:15	WRONG	signature-differs
conformance/arrowFunctionContexts(alwaysstrict=true):0:64	WRONG	signature-differs
conformance/arrowFunctionContexts(alwaysstrict=true):0:66	WRONG	signature-differs
conformance/arrowFunctionExpressions:0:41	GAP	gap:identifier
conformance/arrowFunctionExpressions:0:42	GAP	gap:function-expression
conformance/arrowFunctionExpressions:0:44	GAP	gap:identifier
conformance/arrowFunctionExpressions:0:45	GAP	gap:function-expression
conformance/asOperatorASI:0:3	WRONG	alias-native-kept
conformance/assertionTypePredicates1:0:320	WRONG	any:other
conformance/assertionTypePredicates1:0:321	WRONG	different-name
conformance/assertionTypePredicates1:0:322	WRONG	any:other
conformance/assertionTypePredicates1:0:392	WRONG	literal-widened
conformance/assertionTypePredicates1:0:393	WRONG	alias-port-kept
conformance/assertionTypePredicates1:0:394	WRONG	literal-widened
conformance/assertionTypePredicates2:0:4	WRONG	js:any:any-receiver-propagated
conformance/assertionTypePredicates2:0:7	WRONG	js:any:any-receiver-propagated
conformance/assertionsAndNonReturningFunctions:0:37	WRONG	js:any:uncontextual-parameter
conformance/assertionsAndNonReturningFunctions:0:38	WRONG	js:any:uncontextual-parameter
conformance/assertionsAndNonReturningFunctions:0:39	WRONG	js:any:uncontextual-parameter
conformance/assertionsAndNonReturningFunctions:0:49	WRONG	js:any:uncontextual-parameter
conformance/assertionsAndNonReturningFunctions:0:50	WRONG	js:any:uncontextual-parameter
conformance/assertionsAndNonReturningFunctions:0:51	WRONG	js:any:uncontextual-parameter
conformance/assertionsAndNonReturningFunctions:0:56	WRONG	js:signature-differs
conformance/assertionsAndNonReturningFunctions:0:58	WRONG	js:any:uncontextual-parameter
conformance/assertionsAndNonReturningFunctions:0:59	WRONG	js:any:uncontextual-parameter
conformance/assertionsAndNonReturningFunctions:0:60	WRONG	js:any:uncontextual-parameter
conformance/assertionsAndNonReturningFunctions:0:67	WRONG	js:any:function-declaration-error
conformance/assertionsAndNonReturningFunctions:0:7	WRONG	js:signature-differs
conformance/assignEveryTypeToAny:0:31	WRONG	any:binary-operand
conformance/assignEveryTypeToAny:0:33	WRONG	any:variable-initialiser-error
conformance/assignmentCompatWithObjectMembers:0:126	WRONG	object-members-differ
conformance/assignmentCompatWithObjectMembers:0:128	WRONG	object-members-differ
conformance/assignmentCompatWithObjectMembers:0:132	WRONG	object-members-differ
conformance/assignmentCompatWithObjectMembers:0:133	WRONG	object-members-differ
conformance/assignmentCompatWithObjectMembers:0:134	WRONG	object-members-differ
conformance/assignmentCompatWithObjectMembers:0:135	WRONG	object-members-differ
conformance/assignmentCompatWithObjectMembers:0:136	WRONG	object-members-differ
conformance/assignmentCompatWithObjectMembers:0:137	WRONG	object-members-differ
conformance/assignmentCompatWithObjectMembers:0:139	WRONG	object-members-differ
conformance/assignmentCompatWithObjectMembers:0:142	WRONG	object-members-differ
conformance/assignmentCompatWithObjectMembers:0:145	WRONG	object-members-differ
conformance/assignmentCompatWithObjectMembers:0:153	WRONG	object-members-differ
conformance/assignmentCompatWithObjectMembers:0:155	WRONG	object-members-differ
conformance/assignmentCompatWithObjectMembers:0:91	WRONG	object-members-differ
conformance/assignmentCompatWithObjectMembers:0:92	WRONG	object-members-differ
conformance/assignmentCompatWithObjectMembers:0:93	WRONG	object-members-differ
conformance/assignmentCompatWithObjectMembers:0:94	WRONG	object-members-differ
conformance/assignmentCompatWithObjectMembers:0:95	WRONG	object-members-differ
conformance/assignmentCompatWithObjectMembers:0:96	WRONG	object-members-differ
conformance/assignmentGenericLookupTypeNarrowing:0:0	WRONG	mapped-type-unresolved
conformance/assignmentGenericLookupTypeNarrowing:0:11	WRONG	mapped-type-unresolved
conformance/assignmentGenericLookupTypeNarrowing:0:12	WRONG	mapped-type-unresolved
conformance/assignmentGenericLookupTypeNarrowing:0:14	WRONG	mapped-type-unresolved
conformance/assignmentGenericLookupTypeNarrowing:0:15	WRONG	mapped-type-unresolved
conformance/assignmentGenericLookupTypeNarrowing:0:18	WRONG	mapped-type-unresolved
conformance/assignmentTypeNarrowing:0:10	WRONG	alias-native-kept
conformance/assignmentTypeNarrowing:0:18	WRONG	alias-port-kept
conformance/assignmentTypeNarrowing:0:26	WRONG	alias-native-kept
conformance/assignmentTypeNarrowing:0:35	WRONG	alias-native-kept
conformance/assignmentTypeNarrowing:0:44	WRONG	union-members-differ
conformance/assignmentTypeNarrowing:0:55	WRONG	alias-port-kept
conformance/assignmentTypeNarrowing:0:63	WRONG	literal-widened
conformance/assignmentTypeNarrowing:0:64	WRONG	literal-widened
conformance/assignmentTypeNarrowing:0:65	WRONG	literal-widened
conformance/assignmentTypeNarrowing:0:67	WRONG	any:call-error
conformance/assignmentTypeNarrowing:0:68	WRONG	any:property-lookup-error
conformance/assignmentTypeNarrowing:0:69	WRONG	alias-port-kept
conformance/assignmentTypeNarrowing:0:70	WRONG	any:property-lookup-error
conformance/assignmentTypeNarrowing:0:71	WRONG	literal-widened
conformance/assignmentTypeNarrowing:0:72	WRONG	literal-widened
conformance/asyncArrowFunctionCapturesArguments_es6:0:12	WRONG	partial-any
conformance/asyncArrowFunctionCapturesArguments_es6:0:13	WRONG	partial-any
conformance/asyncArrowFunctionCapturesArguments_es6:0:14	WRONG	any:function-expression-error
conformance/asyncArrowFunctionCapturesThis_es2017:0:2	GAP	gap:identifier
conformance/asyncArrowFunctionCapturesThis_es2017:0:3	GAP	gap:function-expression
conformance/asyncArrowFunctionCapturesThis_es5(target=es2015):0:2	GAP	gap:identifier
conformance/asyncArrowFunctionCapturesThis_es5(target=es2015):0:3	GAP	gap:function-expression
conformance/asyncArrowFunctionCapturesThis_es6:0:2	GAP	gap:identifier
conformance/asyncArrowFunctionCapturesThis_es6:0:3	GAP	gap:function-expression
conformance/asyncArrowFunction_allowJs:0:17	WRONG	js:any:function-expression-error
conformance/asyncAwaitIsolatedModules_es2017:0:2	WRONG	any:type-reference-error
conformance/asyncAwaitIsolatedModules_es2017:0:21	WRONG	partial-any
conformance/asyncAwaitIsolatedModules_es2017:0:22	WRONG	partial-any
conformance/asyncAwaitIsolatedModules_es2017:0:23	WRONG	any:type-reference-error
conformance/asyncAwaitIsolatedModules_es2017:0:26	WRONG	any:type-reference-error
conformance/asyncAwaitIsolatedModules_es5(target=es2015):0:2	WRONG	any:configured:identifier
conformance/asyncAwaitIsolatedModules_es5(target=es2015):0:21	WRONG	partial-any
conformance/asyncAwaitIsolatedModules_es5(target=es2015):0:22	WRONG	partial-any
conformance/asyncAwaitIsolatedModules_es5(target=es2015):0:23	WRONG	any:configured:identifier
conformance/asyncAwaitIsolatedModules_es5(target=es2015):0:26	WRONG	any:configured:identifier
conformance/asyncAwaitIsolatedModules_es6:0:2	WRONG	any:type-reference-error
conformance/asyncAwaitIsolatedModules_es6:0:21	WRONG	partial-any
conformance/asyncAwaitIsolatedModules_es6:0:22	WRONG	partial-any
conformance/asyncAwaitIsolatedModules_es6:0:23	WRONG	any:type-reference-error
conformance/asyncAwaitIsolatedModules_es6:0:26	WRONG	any:type-reference-error
conformance/asyncFunctionDeclaration15_es5(target=es2015):0:22	WRONG	any:configured:identifier
conformance/asyncFunctionDeclaration15_es6:0:22	WRONG	any:function-declaration-error
conformance/asyncGetter_es5(target=es2015):0:1	WRONG	any:configured:identifier
conformance/asyncGetter_es6:0:1	WRONG	any:other
conformance/autoAccessor10:0:15	GAP	gap:other-expression
conformance/awaitUsingDeclarationsWithAsyncIteratorObject:0:0	WRONG	type-argument-differs
conformance/awaitUsingDeclarationsWithAsyncIteratorObject:0:2	WRONG	type-argument-differs
conformance/awaitUsingDeclarationsWithAsyncIteratorObject:0:6	WRONG	type-argument-differs
conformance/awaitUsingDeclarationsWithAsyncIteratorObject:0:7	WRONG	type-argument-differs
conformance/awaitUsingDeclarationsWithAsyncIteratorObject:0:8	WRONG	type-argument-differs
conformance/awaitUsingDeclarationsWithAsyncIteratorObject:0:9	WRONG	type-argument-differs
conformance/awaitUsingDeclarationsWithIteratorObject:0:0	WRONG	type-argument-differs
conformance/awaitUsingDeclarationsWithIteratorObject:0:14	WRONG	type-argument-differs
conformance/awaitUsingDeclarationsWithIteratorObject:0:15	WRONG	type-argument-differs
conformance/awaitUsingDeclarationsWithIteratorObject:0:2	WRONG	type-argument-differs
conformance/awaitUsingDeclarationsWithIteratorObject:0:21	WRONG	type-argument-differs
conformance/awaitUsingDeclarationsWithIteratorObject:0:4	WRONG	typed-where-native-unknown
conformance/awaitUsingDeclarationsWithIteratorObject:0:42	WRONG	type-argument-differs
conformance/awaitUsingDeclarationsWithIteratorObject:0:43	WRONG	type-argument-differs
conformance/bivariantInferences:0:7	WRONG	union-members-differ
conformance/bivariantInferences:0:9	WRONG	union-members-differ
conformance/builtinIteratorReturn(strictbuiltiniteratorreturn=false):0:76	WRONG	partial-any
conformance/builtinIteratorReturn(strictbuiltiniteratorreturn=false):0:79	WRONG	partial-any
conformance/builtinIteratorReturn(strictbuiltiniteratorreturn=true):0:76	WRONG	partial-any
conformance/builtinIteratorReturn(strictbuiltiniteratorreturn=true):0:79	WRONG	partial-any
conformance/bundlerSyntaxRestrictions(module=esnext):2:3	WRONG	js:any:configured:call
conformance/bundlerSyntaxRestrictions(module=preserve):2:3	WRONG	js:any:configured:call
conformance/callChain.2:0:15	WRONG	undefined-optionality
conformance/callChain.2:0:9	WRONG	undefined-optionality
conformance/callChain.3:0:35	WRONG	undefined-optionality
conformance/callChain.3:0:36	WRONG	undefined-optionality
conformance/callChain.3:0:37	WRONG	undefined-optionality
conformance/callbackOnConstructor:0:4	WRONG	js:partial-any
conformance/callbackOnConstructor:0:5	WRONG	js:any:contextual-parameter
conformance/callbackOnConstructor:0:7	WRONG	js:any:contextual-parameter
conformance/callbackOnConstructor:0:8	WRONG	js:any:contextual-parameter
conformance/callbackOnConstructor:0:9	WRONG	js:any:contextual-parameter
conformance/callbackTag2:0:11	WRONG	js:partial-any
conformance/callbackTag2:0:12	WRONG	js:any:contextual-parameter
conformance/callbackTag2:0:13	WRONG	js:any:binary-operand
conformance/callbackTag2:0:14	WRONG	js:any:contextual-parameter
conformance/callbackTag2:0:17	WRONG	js:signature-differs
conformance/callbackTag2:0:18	WRONG	js:any:contextual-parameter
conformance/callbackTag2:0:19	WRONG	js:any:contextual-parameter
conformance/callbackTag2:0:20	WRONG	js:any:contextual-parameter
conformance/callbackTag2:0:3	WRONG	js:partial-any
conformance/callbackTag2:0:4	WRONG	js:any:contextual-parameter
conformance/callbackTagNamespace:0:2	WRONG	js:partial-any
conformance/callbackTagNamespace:0:3	WRONG	js:any:uncontextual-parameter
conformance/callbackTagNamespace:0:4	WRONG	js:any:uncontextual-parameter
conformance/catchClauseWithTypeAnnotation:0:41	WRONG	typed-where-native-any
conformance/catchClauseWithTypeAnnotation:0:42	WRONG	typed-where-native-any
conformance/catchClauseWithTypeAnnotation:0:47	WRONG	typed-where-native-any
conformance/catchClauseWithTypeAnnotation:0:54	WRONG	typed-where-native-any
conformance/chained2:3:1	WRONG	typed-where-native-any
conformance/chained2:3:12	WRONG	different-name
conformance/chained2:3:2	WRONG	typed-where-native-any
conformance/chained2:3:4	WRONG	typed-where-native-any
conformance/chained:1:2	WRONG	alias-port-kept
conformance/chained:1:3	WRONG	alias-port-kept
conformance/chained:3:3	WRONG	any:type-reference-error
conformance/checkJsdocParamOnVariableDeclaredFunctionExpression:0:0	WRONG	js:optional-param-undefined-not-printed
conformance/checkJsdocParamOnVariableDeclaredFunctionExpression:0:1	WRONG	js:optional-param-undefined-not-printed
conformance/checkJsdocParamOnVariableDeclaredFunctionExpression:0:2	WRONG	js:optional-param-undefined-not-printed
conformance/checkJsdocSatisfiesTag15:0:10	WRONG	js:partial-any
conformance/checkJsdocSatisfiesTag15:0:12	WRONG	js:any:contextual-parameter
conformance/checkJsdocSatisfiesTag15:0:13	WRONG	js:partial-any
conformance/checkJsdocSatisfiesTag15:0:14	WRONG	js:partial-any
conformance/checkJsdocSatisfiesTag15:0:16	WRONG	js:any:contextual-parameter
conformance/checkJsdocSatisfiesTag15:0:3	WRONG	js:alias-port-kept
conformance/checkJsdocSatisfiesTag15:0:4	WRONG	js:tuple-vs-array
conformance/checkJsdocSatisfiesTag15:0:6	WRONG	js:alias-port-kept
conformance/checkJsdocSatisfiesTag15:0:7	WRONG	js:tuple-vs-array
conformance/checkJsdocSatisfiesTag15:0:9	WRONG	js:partial-any
conformance/checkJsdocSatisfiesTag2:0:0	WRONG	js:partial-any
conformance/checkJsdocSatisfiesTag2:0:1	WRONG	js:partial-any
conformance/checkJsdocSatisfiesTag2:0:11	WRONG	js:partial-any
conformance/checkJsdocSatisfiesTag2:0:12	WRONG	js:partial-any
conformance/checkJsdocSatisfiesTag2:0:13	WRONG	js:any:contextual-parameter
conformance/checkJsdocSatisfiesTag2:0:16	WRONG	js:any:contextual-parameter
conformance/checkJsdocSatisfiesTag2:0:2	WRONG	js:partial-any
conformance/checkJsdocSatisfiesTag2:0:3	WRONG	js:partial-any
conformance/checkJsdocSatisfiesTag2:0:4	WRONG	js:partial-any
conformance/checkJsdocSatisfiesTag2:0:5	WRONG	js:any:contextual-parameter
conformance/checkJsdocSatisfiesTag2:0:8	WRONG	js:any:contextual-parameter
conformance/checkJsdocSatisfiesTag8:0:0	WRONG	js:literal-widened
conformance/checkJsdocSatisfiesTag8:0:1	WRONG	js:literal-widened
conformance/checkJsdocSatisfiesTag8:0:2	WRONG	js:literal-widened
conformance/checkJsdocSatisfiesTag8:0:3	WRONG	js:literal-widened
conformance/checkJsdocTypeTag7:0:4	WRONG	js:signature-differs
conformance/checkJsxChildrenCanBeTupleType:0:0	WRONG	import-qualifier-extra
conformance/checkJsxChildrenCanBeTupleType:0:6	WRONG	import-qualifier-extra
conformance/checkJsxChildrenProperty12:0:13	WRONG	qualified-name-choice
conformance/checkJsxChildrenProperty12:0:15	WRONG	qualified-name-choice
conformance/checkJsxChildrenProperty12:0:19	WRONG	qualified-name-choice
conformance/checkJsxChildrenProperty12:0:21	WRONG	qualified-name-choice
conformance/checkJsxChildrenProperty13:0:12	WRONG	qualified-name-choice
conformance/checkJsxChildrenProperty13:0:14	WRONG	qualified-name-choice
conformance/checkJsxChildrenProperty3:0:10	WRONG	union-members-differ
conformance/checkJsxChildrenProperty3:0:14	GAP	gap:call
conformance/checkJsxChildrenProperty3:0:15	GAP	gap:property-access
conformance/checkJsxChildrenProperty3:0:16	WRONG	qualified-name-choice
conformance/checkJsxChildrenProperty3:0:18	WRONG	qualified-name-choice
conformance/checkJsxChildrenProperty3:0:19	WRONG	any:property-lookup-error
conformance/checkJsxChildrenProperty3:0:9	WRONG	partial-any
conformance/checkJsxChildrenProperty4:0:10	WRONG	partial-any
conformance/checkJsxChildrenProperty4:0:14	WRONG	any:call-error
conformance/checkJsxChildrenProperty4:0:15	WRONG	any:property-lookup-error
conformance/checkJsxChildrenProperty4:0:16	WRONG	qualified-name-choice
conformance/checkJsxChildrenProperty4:0:18	WRONG	qualified-name-choice
conformance/checkJsxChildrenProperty4:0:19	WRONG	any:property-lookup-error
conformance/checkJsxChildrenProperty4:0:9	WRONG	partial-any
conformance/checkJsxIntersectionElementPropsType:0:7	WRONG	unknown-where-native-typed
conformance/checkJsxIntersectionElementPropsType:0:8	WRONG	unknown-where-native-typed
conformance/checkJsxSubtleSkipContextSensitiveBug:0:22	GAP	gap:identifier
conformance/checkJsxSubtleSkipContextSensitiveBug:0:23	GAP	gap:function-expression
conformance/checkJsxSubtleSkipContextSensitiveBug:0:24	WRONG	any:contextual-parameter
conformance/checkJsxSubtleSkipContextSensitiveBug:0:25	WRONG	any:contextual-parameter
conformance/checkJsxUnionSFXContextualTypeInferredCorrectly:0:0	WRONG	import-qualifier-extra
conformance/circularImportAlias:0:4	WRONG	any:property-lookup-error
conformance/circularImportAlias:0:5	WRONG	any:other
conformance/circularImportAlias:0:6	WRONG	any:property-lookup-error
conformance/circularIndexedAccessErrors:0:19	WRONG	type-param-constraint
conformance/classExpression3:0:13	GAP	gap:property-access
conformance/classExpression3:0:15	WRONG	any:property-lookup-error
conformance/classExpression3:0:16	GAP	gap:property-access
conformance/classExpression3:0:18	WRONG	any:property-lookup-error
conformance/classExpressionES63:0:13	GAP	gap:property-access
conformance/classExpressionES63:0:15	WRONG	any:property-lookup-error
conformance/classExpressionES63:0:16	GAP	gap:property-access
conformance/classExpressionES63:0:18	WRONG	any:property-lookup-error
conformance/classExtendingClassLikeType:0:20	WRONG	any:property-lookup-error
conformance/classExtendingClassLikeType:0:22	WRONG	any:property-lookup-error
conformance/classExtendingClassLikeType:0:25	WRONG	any:property-lookup-error
conformance/classExtendingClassLikeType:0:27	WRONG	any:property-lookup-error
conformance/classExtendingClassLikeType:0:40	WRONG	any:property-lookup-error
conformance/classExtendingClassLikeType:0:42	WRONG	any:property-lookup-error
conformance/classExtendingClassLikeType:0:45	WRONG	any:property-lookup-error
conformance/classExtendingClassLikeType:0:47	WRONG	any:property-lookup-error
conformance/classExtendingClassLikeType:0:57	WRONG	any:property-lookup-error
conformance/classExtendingClassLikeType:0:59	WRONG	any:property-lookup-error
conformance/classExtendingClassLikeType:0:62	WRONG	any:property-lookup-error
conformance/classExtendingClassLikeType:0:64	WRONG	any:property-lookup-error
conformance/classStaticBlock22(target=es2022):0:16	WRONG	any:configured:identifier
conformance/classStaticBlock22(target=es2022):0:17	WRONG	any:configured:identifier
conformance/classStaticBlock22(target=esnext):0:16	WRONG	any:configured:identifier
conformance/classStaticBlock22(target=esnext):0:17	WRONG	any:configured:identifier
conformance/classStaticBlock5(target=es2015):0:16	GAP	gap:property-access
conformance/classStaticBlock5(target=es2015):0:17	WRONG	any:configured:identifier
conformance/classStaticBlock5(target=es2015):0:18	WRONG	any:configured:identifier
conformance/classStaticBlock5(target=es2015):0:19	GAP	gap:property-access
conformance/classStaticBlock5(target=es2015):0:20	WRONG	any:configured:identifier
conformance/classStaticBlock5(target=es2015):0:21	WRONG	any:configured:identifier
conformance/classStaticBlock5(target=es2022):0:16	GAP	gap:property-access
conformance/classStaticBlock5(target=es2022):0:17	WRONG	any:configured:identifier
conformance/classStaticBlock5(target=es2022):0:18	WRONG	any:configured:identifier
conformance/classStaticBlock5(target=es2022):0:19	GAP	gap:property-access
conformance/classStaticBlock5(target=es2022):0:20	WRONG	any:configured:identifier
conformance/classStaticBlock5(target=es2022):0:21	WRONG	any:configured:identifier
conformance/classStaticBlock5(target=esnext):0:16	GAP	gap:property-access
conformance/classStaticBlock5(target=esnext):0:17	WRONG	any:configured:identifier
conformance/classStaticBlock5(target=esnext):0:18	WRONG	any:configured:identifier
conformance/classStaticBlock5(target=esnext):0:19	GAP	gap:property-access
conformance/classStaticBlock5(target=esnext):0:20	WRONG	any:configured:identifier
conformance/classStaticBlock5(target=esnext):0:21	WRONG	any:configured:identifier
conformance/commonJSImportClassTypeReference:0:6	WRONG	js:any:call-error
conformance/commonJSImportClassTypeReference:0:7	WRONG	js:any:uncontextual-parameter
conformance/commonJSImportClassTypeReference:0:9	WRONG	js:any:uncontextual-parameter
conformance/commonJSImportExportedClassExpression:0:6	WRONG	js:any:call-error
conformance/commonJSImportExportedClassExpression:0:7	WRONG	js:any:uncontextual-parameter
conformance/commonJSImportExportedClassExpression:0:9	WRONG	js:any:uncontextual-parameter
conformance/commonJSImportNotAsPrimaryExpression:0:18	WRONG	qualified-name-choice
conformance/computedPropertyNames33_ES5(target=es2015):0:8	WRONG	type-param-rename
conformance/computedPropertyNames33_ES6:0:8	WRONG	type-param-rename
conformance/computedPropertyNamesDeclarationEmit4_ES5(target=es2015):0:0	WRONG	any:configured:identifier
conformance/computedPropertyNamesDeclarationEmit4_ES6:0:0	WRONG	any:type-reference-error
conformance/conditionalTypes1:0:108	WRONG	alias-name-native-reassigned
conformance/conditionalTypes1:0:109	WRONG	alias-name-native-reassigned
conformance/conditionalTypes1:0:159	WRONG	any:property-lookup-error
conformance/conditionalTypes1:0:161	WRONG	any:property-lookup-error
conformance/conditionalTypes1:0:163	WRONG	any:property-lookup-error
conformance/conditionalTypes1:0:164	WRONG	any:property-lookup-error
conformance/conditionalTypes1:0:165	WRONG	any:property-lookup-error
conformance/conditionalTypes1:0:167	WRONG	any:property-lookup-error
conformance/conditionalTypes1:0:169	WRONG	any:property-lookup-error
conformance/conditionalTypes1:0:170	WRONG	any:binary-operand
conformance/conditionalTypes1:0:174	WRONG	any:property-lookup-error
conformance/conditionalTypes1:0:176	WRONG	any:property-lookup-error
conformance/conditionalTypes1:0:177	WRONG	any:binary-operand
conformance/conditionalTypes1:0:178	WRONG	any:property-lookup-error
conformance/conditionalTypes1:0:179	WRONG	any:property-lookup-error
conformance/conditionalTypes1:0:181	WRONG	any:property-lookup-error
conformance/conditionalTypes1:0:183	WRONG	any:property-lookup-error
conformance/conditionalTypes1:0:184	WRONG	any:property-lookup-error
conformance/conditionalTypes1:0:186	WRONG	any:property-lookup-error
conformance/conditionalTypes1:0:188	WRONG	any:binary-operand
conformance/conditionalTypes1:0:190	WRONG	any:property-lookup-error
conformance/conditionalTypes1:0:191	WRONG	any:property-lookup-error
conformance/conditionalTypes1:0:193	WRONG	any:property-lookup-error
conformance/conditionalTypes1:0:196	WRONG	any:property-lookup-error
conformance/conditionalTypes1:0:197	WRONG	any:property-lookup-error
conformance/conditionalTypes1:0:198	WRONG	any:property-lookup-error
conformance/conditionalTypes1:0:200	WRONG	any:property-lookup-error
conformance/conditionalTypes1:0:202	WRONG	any:property-lookup-error
conformance/conditionalTypes1:0:359	WRONG	any:variable-initialiser-error
conformance/conditionalTypes1:0:360	WRONG	any:property-lookup-error
conformance/conditionalTypes1:0:4	WRONG	alias-native-kept
conformance/conditionalTypes1:0:435	WRONG	any:type-reference-error
conformance/conditionalTypes1:0:439	WRONG	any:type-reference-error
conformance/conditionalTypes1:0:440	WRONG	any:type-reference-error
conformance/conditionalTypes1:0:441	WRONG	any:type-reference-error
conformance/conditionalTypes1:0:442	WRONG	any:type-reference-error
conformance/conditionalTypes1:0:475	WRONG	conditional-type-resolved-where-native-deferred
conformance/conditionalTypes1:0:479	WRONG	conditional-type-resolved-where-native-deferred
conformance/conditionalTypes1:0:481	WRONG	mapped-type-resolved-where-native-deferred
conformance/conditionalTypes1:0:482	WRONG	mapped-type-resolved-where-native-deferred
conformance/conditionalTypes1:0:483	WRONG	never-where-native-typed
conformance/conditionalTypes1:0:486	WRONG	never-where-native-typed
conformance/conditionalTypes1:0:5	WRONG	alias-native-kept
conformance/conditionalTypes1:0:501	WRONG	alias-name-native-reassigned
conformance/conditionalTypes1:0:83	WRONG	alias-name-native-reassigned
conformance/conditionalTypes2:0:139	WRONG	type-param-rename
conformance/conditionalTypes2:0:172	WRONG	any:type-reference-error
conformance/conditionalTypes2:0:173	WRONG	any:type-reference-error
conformance/conditionalTypes2:0:175	WRONG	any:type-reference-error
conformance/conditionalTypes2:0:176	WRONG	any:type-reference-error
conformance/conditionalTypes2:0:179	WRONG	any:type-reference-error
conformance/conditionalTypes2:0:180	WRONG	any:type-reference-error
conformance/conditionalTypes2:0:183	WRONG	any:type-reference-error
conformance/conditionalTypes2:0:184	WRONG	any:type-reference-error
conformance/conditionalTypes2:0:186	WRONG	mapped-type-unresolved
conformance/conditionalTypes2:0:188	WRONG	mapped-type-unresolved
conformance/conditionalTypes2:0:227	WRONG	any:type-reference-error
conformance/conditionalTypes2:0:39	WRONG	type-param-rename
conformance/conditionalTypes2:0:47	WRONG	type-param-rename
conformance/constAssertions:0:237	WRONG	alias-port-kept
conformance/constEnum3:0:3	WRONG	union-extra-members
conformance/constEnum3:0:8	WRONG	union-extra-members
conformance/contextualThisType:0:3	WRONG	this-type
conformance/contextualThisType:0:4	WRONG	this-type
conformance/contextualThisType:0:5	WRONG	this-type
conformance/contextualThisType:0:6	WRONG	this-type
conformance/contextualTypeTupleEnd:0:101	WRONG	any:function-expression-error
conformance/contextualTypeTupleEnd:0:102	WRONG	any:contextual-parameter
conformance/contextualTypeTupleEnd:0:103	WRONG	any:contextual-parameter
conformance/contextualTypeTupleEnd:0:104	WRONG	any:contextual-parameter
conformance/contextualTypeTupleEnd:0:105	WRONG	any:contextual-parameter
conformance/contextualTypeTupleEnd:0:106	WRONG	any:function-expression-error
conformance/contextualTypeTupleEnd:0:107	WRONG	any:contextual-parameter
conformance/contextualTypeTupleEnd:0:108	WRONG	any:contextual-parameter
conformance/contextualTypeTupleEnd:0:109	WRONG	any:contextual-parameter
conformance/contextualTypeTupleEnd:0:110	WRONG	any:contextual-parameter
conformance/contextualTypeWithTuple:0:89	WRONG	tuple-vs-array
conformance/contextualTypeWithTuple:0:95	WRONG	never-where-native-typed
conformance/contextuallyTypeAsyncFunctionReturnType:0:105	WRONG	signature-differs
conformance/contextuallyTypeAsyncFunctionReturnType:0:107	WRONG	tuple-vs-array
conformance/contextuallyTypeAsyncFunctionReturnType:0:87	WRONG	other
conformance/contextuallyTypeAsyncFunctionReturnType:0:88	WRONG	type-argument-differs
conformance/contextuallyTypeAsyncFunctionReturnType:0:92	WRONG	type-argument-differs
conformance/contextuallyTypedBindingInitializer:0:10	GAP	gap:identifier
conformance/contextuallyTypedBindingInitializer:0:18	GAP	gap:identifier
conformance/contextuallyTypedBindingInitializerNegative:0:13	WRONG	any:function-declaration-error
conformance/contextuallyTypedBindingInitializerNegative:0:8	WRONG	any:function-declaration-error
conformance/contextuallyTypedIife:0:178	WRONG	signature-differs
conformance/contextuallyTypedIife:0:179	WRONG	signature-differs
conformance/contextuallyTypedIife:0:180	WRONG	any:contextual-parameter
conformance/contextuallyTypedIife:0:182	WRONG	any:contextual-parameter
conformance/contextuallyTypedIife:0:189	WRONG	signature-differs
conformance/contextuallyTypedIife:0:190	WRONG	signature-differs
conformance/contextuallyTypedIife:0:191	WRONG	any:contextual-parameter
conformance/contextuallyTypedIife:0:193	WRONG	any:contextual-parameter
conformance/contextuallyTypedIife:0:194	WRONG	any:contextual-parameter
conformance/contextuallyTypedIife:0:195	WRONG	any:contextual-parameter
conformance/contextuallyTypedIife:0:197	GAP	gap:object-literal
conformance/contextuallyTypedIife:0:198	GAP	gap:identifier
conformance/contextuallyTypedIife:0:199	GAP	gap:function-expression
conformance/contextuallyTypedIifeStrict:0:178	WRONG	signature-differs
conformance/contextuallyTypedIifeStrict:0:179	WRONG	signature-differs
conformance/contextuallyTypedIifeStrict:0:180	WRONG	any:contextual-parameter
conformance/contextuallyTypedIifeStrict:0:182	WRONG	any:contextual-parameter
conformance/contextuallyTypedIifeStrict:0:189	WRONG	signature-differs
conformance/contextuallyTypedIifeStrict:0:190	WRONG	signature-differs
conformance/contextuallyTypedIifeStrict:0:191	WRONG	any:contextual-parameter
conformance/contextuallyTypedIifeStrict:0:193	WRONG	any:contextual-parameter
conformance/contextuallyTypedIifeStrict:0:194	WRONG	any:contextual-parameter
conformance/contextuallyTypedIifeStrict:0:195	WRONG	any:contextual-parameter
conformance/contextuallyTypedIifeStrict:0:197	WRONG	any:literal-expression-error
conformance/contextuallyTypedIifeStrict:0:198	WRONG	any:literal-expression-error
conformance/contextuallyTypedIifeStrict:0:199	WRONG	any:function-expression-error
conformance/contextuallyTypedStringLiteralsInJsxAttributes02:0:36	WRONG	any:literal-expression-error
conformance/contextuallyTypedStringLiteralsInJsxAttributes02:0:37	WRONG	any:literal-expression-error
conformance/contextuallyTypedStringLiteralsInJsxAttributes02:0:38	WRONG	any:function-expression-error
conformance/contextuallyTypedStringLiteralsInJsxAttributes02:0:39	WRONG	any:contextual-parameter
conformance/contextuallyTypedStringLiteralsInJsxAttributes02:0:42	WRONG	any:contextual-parameter
conformance/contextuallyTypedStringLiteralsInJsxAttributes02:0:47	WRONG	any:jsx
conformance/contextuallyTypedStringLiteralsInJsxAttributes02:0:48	WRONG	any:function-expression-error
conformance/contextuallyTypedStringLiteralsInJsxAttributes02:0:49	WRONG	any:contextual-parameter
conformance/contextuallyTypedStringLiteralsInJsxAttributes02:0:52	WRONG	any:contextual-parameter
conformance/contextuallyTypedStringLiteralsInJsxAttributes02:0:57	WRONG	literal-widened
conformance/contextuallyTypedStringLiteralsInJsxAttributes02:0:58	WRONG	literal-widened
conformance/contextuallyTypedStringLiteralsInJsxAttributes02:0:64	WRONG	literal-widened
conformance/controlFlowAliasing:0:118	WRONG	alias-native-kept
conformance/controlFlowAliasing:0:276	WRONG	any:property-lookup-error
conformance/controlFlowAliasing:0:277	WRONG	union-extra-members
conformance/controlFlowAliasing:0:279	WRONG	union-extra-members
conformance/controlFlowAliasing:0:280	WRONG	any:property-lookup-error
conformance/controlFlowAliasing:0:281	WRONG	any:property-lookup-error
conformance/controlFlowAliasing:0:282	WRONG	union-extra-members
conformance/controlFlowAliasing:0:284	WRONG	union-extra-members
conformance/controlFlowAliasing:0:285	WRONG	any:property-lookup-error
conformance/controlFlowAliasing:0:431	WRONG	alias-native-kept
conformance/controlFlowAliasing:0:433	WRONG	alias-native-kept
conformance/controlFlowAliasing:0:435	WRONG	alias-native-kept
conformance/controlFlowAliasing:0:457	WRONG	alias-native-kept
conformance/controlFlowAliasing:0:459	WRONG	alias-native-kept
conformance/controlFlowAliasing:0:461	WRONG	alias-native-kept
conformance/controlFlowAliasing:0:84	WRONG	alias-native-kept
conformance/controlFlowAliasing:0:86	WRONG	alias-native-kept
conformance/controlFlowAssignmentPatternOrder:0:109	WRONG	union-extra-members
conformance/controlFlowAssignmentPatternOrder:0:131	WRONG	union-extra-members
conformance/controlFlowAssignmentPatternOrder:0:158	WRONG	union-extra-members
conformance/controlFlowAssignmentPatternOrder:0:184	WRONG	union-extra-members
conformance/controlFlowAssignmentPatternOrder:0:20	WRONG	union-extra-members
conformance/controlFlowAssignmentPatternOrder:0:207	WRONG	union-extra-members
conformance/controlFlowAssignmentPatternOrder:0:229	WRONG	union-extra-members
conformance/controlFlowAssignmentPatternOrder:0:256	WRONG	union-extra-members
conformance/controlFlowAssignmentPatternOrder:0:282	WRONG	union-extra-members
conformance/controlFlowAssignmentPatternOrder:0:39	WRONG	union-extra-members
conformance/controlFlowAssignmentPatternOrder:0:63	WRONG	union-extra-members
conformance/controlFlowAssignmentPatternOrder:0:86	WRONG	union-extra-members
conformance/controlFlowBindingPatternOrder:0:30	WRONG	union-extra-members
conformance/controlFlowBindingPatternOrder:0:40	WRONG	union-extra-members
conformance/controlFlowElementAccessNoCrash1:0:9	WRONG	binding-pattern-print
conformance/controlFlowGenericTypes:0:298	WRONG	parenthesization
conformance/controlFlowGenericTypes:0:300	WRONG	parenthesization
conformance/controlFlowGenericTypes:0:301	WRONG	parenthesization
conformance/controlFlowGenericTypes:0:303	WRONG	parenthesization
conformance/controlFlowGenericTypes:0:38	WRONG	any:property-lookup-error
conformance/controlFlowGenericTypes:0:39	WRONG	alias-name-native-reassigned
conformance/controlFlowGenericTypes:0:40	WRONG	any:property-lookup-error
conformance/controlFlowGenericTypes:0:41	WRONG	alias-name-native-reassigned
conformance/controlFlowGenericTypes:0:55	WRONG	unknown-where-native-typed
conformance/controlFlowGenericTypes:0:57	WRONG	unknown-where-native-typed
conformance/controlFlowGenericTypes:0:64	WRONG	any:call-error
conformance/controlFlowGenericTypes:0:66	WRONG	alias-name-port-reassigned
conformance/controlFlowGenericTypes:0:73	WRONG	any:call-error
conformance/controlFlowGenericTypes:0:75	WRONG	different-name
conformance/controlFlowGenericTypes:0:81	WRONG	any:call-error
conformance/controlFlowGenericTypes:0:83	WRONG	alias-native-kept
conformance/controlFlowOptionalChain3:0:0	WRONG	import-qualifier-extra
conformance/controlFlowOptionalChain:0:1097	WRONG	alias-native-kept
conformance/controlFlowOptionalChain:0:1099	WRONG	alias-native-kept
conformance/controlFlowOptionalChain:0:1229	WRONG	parenthesization
conformance/controlFlowOptionalChain:0:1233	WRONG	parenthesization
conformance/controlFlowOptionalChain:0:1234	WRONG	parenthesization
conformance/controlFlowOptionalChain:0:1243	WRONG	parenthesization
conformance/controlFlowOptionalChain:0:1244	WRONG	parenthesization
conformance/controlFlowOptionalChain:0:331	WRONG	different-name
conformance/controlFlowOptionalChain:0:333	WRONG	different-name
conformance/controlFlowOptionalChain:0:54	WRONG	alias-native-kept
conformance/controlFlowOptionalChain:0:58	WRONG	alias-native-kept
conformance/controlFlowOptionalChain:0:61	WRONG	any:call-error
conformance/controlFlowOptionalChain:0:66	WRONG	any:call-error
conformance/controlFlowOptionalChain:0:77	WRONG	alias-native-kept
conformance/controlFlowOptionalChain:0:88	WRONG	alias-native-kept
conformance/controlFlowParameter:0:34	GAP	gap:identifier
conformance/controlFlowSuperPropertyAccess:0:10	WRONG	undefined-optionality
conformance/controlFlowSuperPropertyAccess:0:12	WRONG	undefined-optionality
conformance/controlFlowSuperPropertyAccess:0:5	GAP	gap:call
conformance/controlFlowSuperPropertyAccess:0:9	GAP	gap:call
conformance/declarationFileForHtmlImport(allowarbitraryextensions=false):1:0	WRONG	typed-where-native-any
conformance/declarationFileForHtmlImport(allowarbitraryextensions=false):1:10	WRONG	typed-where-native-any
conformance/declarationFileForHtmlImport(allowarbitraryextensions=false):1:13	WRONG	typed-where-native-any
conformance/declarationFileForHtmlImport(allowarbitraryextensions=false):1:14	WRONG	typed-where-native-any
conformance/declarationFileForHtmlImport(allowarbitraryextensions=false):1:15	WRONG	typed-where-native-any
conformance/declarationFileForHtmlImport(allowarbitraryextensions=false):1:16	WRONG	typed-where-native-any
conformance/declarationFileForHtmlImport(allowarbitraryextensions=false):1:22	WRONG	typed-where-native-any
conformance/declarationFileForHtmlImport(allowarbitraryextensions=false):1:23	WRONG	typed-where-native-any
conformance/declarationFileForHtmlImport(allowarbitraryextensions=false):1:24	WRONG	typed-where-native-any
conformance/declarationFileForHtmlImport(allowarbitraryextensions=false):1:8	WRONG	typed-where-native-any
conformance/declarationFileForHtmlImport(allowarbitraryextensions=false):1:9	WRONG	typed-where-native-any
conformance/declarationsAndAssignments:0:15	WRONG	any:binding-element
conformance/declarationsAndAssignments:0:152	WRONG	any:binding-element
conformance/declarationsAndAssignments:0:153	WRONG	any:binding-element
conformance/declarationsAndAssignments:0:154	WRONG	any:binding-element
conformance/declarationsAndAssignments:0:157	WRONG	any:binding-element
conformance/declarationsAndAssignments:0:158	WRONG	any:binding-element
conformance/declarationsAndAssignments:0:210	WRONG	tuple-vs-array
conformance/declarationsAndAssignments:0:228	WRONG	literal-widened
conformance/declarationsAndAssignments:0:230	WRONG	literal-widened
conformance/declarationsAndAssignments:0:232	WRONG	literal-widened
conformance/declarationsAndAssignments:0:235	WRONG	literal-widened
conformance/declarationsAndAssignments:0:486	WRONG	any:other
conformance/declarationsAndAssignments:0:535	WRONG	any:other
conformance/decoratorOnClass3.es6:0:6	GAP	gap:identifier
conformance/decoratorOnClass7.es6:0:12	GAP	gap:identifier
conformance/decoratorOnClass7.es6:0:6	WRONG	any:function-declaration-error
conformance/decoratorOnClassMethod11(target=es2015):0:5	WRONG	typed-where-native-any
conformance/decoratorOnClassMethod11(target=es2015):0:6	WRONG	typed-where-native-any
conformance/decoratorOnClassMethod11(target=es2015):0:7	WRONG	typed-where-native-any
conformance/decoratorOnClassMethod11(target=es2015):0:8	WRONG	typed-where-native-any
conformance/decoratorOnClassMethod12(target=es2015):0:10	WRONG	typed-where-native-any
conformance/decoratorOnClassMethod12(target=es2015):0:7	WRONG	typed-where-native-any
conformance/decoratorOnClassMethod12(target=es2015):0:8	WRONG	typed-where-native-any
conformance/decoratorOnClassMethod12(target=es2015):0:9	WRONG	typed-where-native-any
conformance/defaultExportsCannotMerge01(target=es2015):1:3	WRONG	any:configured:identifier
conformance/defaultExportsCannotMerge02(target=es2015):1:3	WRONG	any:configured:identifier
conformance/defaultExportsCannotMerge03(target=es2015):1:3	WRONG	any:configured:identifier
conformance/dependentDestructuredVariables:0:141	WRONG	undefined-optionality
conformance/dependentDestructuredVariables:0:148	WRONG	undefined-optionality
conformance/dependentDestructuredVariables:0:155	WRONG	undefined-optionality
conformance/dependentDestructuredVariables:0:267	WRONG	type-argument-differs
conformance/dependentDestructuredVariables:0:272	WRONG	type-argument-differs
conformance/dependentDestructuredVariables:0:485	WRONG	any:function-expression-error
conformance/dependentDestructuredVariables:0:489	WRONG	union-members-differ
conformance/dependentDestructuredVariables:0:496	WRONG	union-members-differ
conformance/dependentDestructuredVariables:0:77	WRONG	different-name
conformance/dependentDestructuredVariablesFromNestedPatterns:0:12	WRONG	union-order
conformance/dependentDestructuredVariablesFromNestedPatterns:0:14	WRONG	mapped-type-resolved-where-native-deferred
conformance/dependentDestructuredVariablesFromNestedPatterns:0:15	WRONG	mapped-type-resolved-where-native-deferred
conformance/dependentDestructuredVariablesFromNestedPatterns:0:16	WRONG	mapped-type-resolved-where-native-deferred
conformance/dependentDestructuredVariablesFromNestedPatterns:0:22	WRONG	union-order
conformance/dependentDestructuredVariablesFromNestedPatterns:0:23	WRONG	typed-where-native-unknown
conformance/dependentDestructuredVariablesFromNestedPatterns:0:24	WRONG	typed-where-native-unknown
conformance/dependentDestructuredVariablesFromNestedPatterns:0:25	WRONG	mapped-type-resolved-where-native-deferred
conformance/dependentDestructuredVariablesFromNestedPatterns:0:26	WRONG	typed-where-native-unknown
conformance/dependentDestructuredVariablesFromNestedPatterns:0:27	WRONG	typed-where-native-unknown
conformance/dependentDestructuredVariablesFromNestedPatterns:0:28	WRONG	any:contextual-parameter
conformance/dependentDestructuredVariablesFromNestedPatterns:0:29	WRONG	partial-any
conformance/dependentDestructuredVariablesFromNestedPatterns:0:31	WRONG	any:contextual-parameter
conformance/dependentDestructuredVariablesFromNestedPatterns:0:32	WRONG	any:contextual-parameter
conformance/dependentDestructuredVariablesFromNestedPatterns:0:33	WRONG	any:contextual-parameter
conformance/dependentDestructuredVariablesFromNestedPatterns:0:35	WRONG	partial-any
conformance/dependentDestructuredVariablesFromNestedPatterns:0:36	WRONG	any:contextual-parameter
conformance/dependentDestructuredVariablesFromNestedPatterns:0:37	WRONG	any:contextual-parameter
conformance/dependentDestructuredVariablesFromNestedPatterns:0:38	WRONG	any:contextual-parameter
conformance/dependentDestructuredVariablesFromNestedPatterns:0:40	WRONG	tuple-vs-array
conformance/dependentDestructuredVariablesFromNestedPatterns:0:47	WRONG	any:contextual-parameter
conformance/dependentDestructuredVariablesFromNestedPatterns:0:53	WRONG	readonly-modifier
conformance/dependentDestructuredVariablesFromNestedPatterns:0:54	WRONG	readonly-modifier
conformance/dependentDestructuredVariablesFromNestedPatterns:0:55	WRONG	union-order
conformance/dependentDestructuredVariablesFromNestedPatterns:0:56	WRONG	readonly-modifier
conformance/dependentDestructuredVariablesFromNestedPatterns:0:57	WRONG	readonly-modifier
conformance/dependentDestructuredVariablesFromNestedPatterns:0:58	WRONG	readonly-modifier
conformance/derivedClassSuperCallsInNonConstructorMembers:0:4	WRONG	any:type-reference-error
conformance/destructuringControlFlow:0:51	WRONG	undefined-optionality
conformance/destructuringControlFlow:0:52	WRONG	undefined-optionality
conformance/destructuringControlFlow:0:71	WRONG	undefined-optionality
conformance/destructuringControlFlow:0:72	WRONG	undefined-optionality
conformance/destructuringControlFlow:0:76	WRONG	undefined-optionality
conformance/destructuringControlFlow:0:77	WRONG	undefined-optionality
conformance/destructuringControlFlow:0:78	WRONG	undefined-optionality
conformance/destructuringInFunctionType:0:36	WRONG	binding-pattern-parameter-type
conformance/destructuringParameterDeclaration10(strict=false):0:16	WRONG	union-order
conformance/destructuringParameterDeclaration10(strict=false):0:18	WRONG	union-order
conformance/destructuringParameterDeclaration10(strict=true):0:16	WRONG	union-order
conformance/destructuringParameterDeclaration10(strict=true):0:18	WRONG	union-order
conformance/destructuringParameterDeclaration1ES5:0:234	WRONG	binding-pattern-parameter-type
conformance/destructuringParameterDeclaration1ES5:0:238	WRONG	signature-differs
conformance/destructuringParameterDeclaration1ES5:0:242	WRONG	binding-pattern-parameter-type
conformance/destructuringParameterDeclaration1ES5:0:72	WRONG	any:function-declaration-error
conformance/destructuringParameterDeclaration1ES5iterable:0:234	WRONG	binding-pattern-parameter-type
conformance/destructuringParameterDeclaration1ES5iterable:0:238	WRONG	signature-differs
conformance/destructuringParameterDeclaration1ES5iterable:0:242	WRONG	binding-pattern-parameter-type
conformance/destructuringParameterDeclaration1ES5iterable:0:72	WRONG	any:function-declaration-error
conformance/destructuringParameterDeclaration1ES6:0:213	WRONG	binding-pattern-parameter-type
conformance/destructuringParameterDeclaration1ES6:0:217	WRONG	signature-differs
conformance/destructuringParameterDeclaration1ES6:0:221	WRONG	binding-pattern-parameter-type
conformance/destructuringParameterDeclaration1ES6:0:72	WRONG	any:function-declaration-error
conformance/destructuringParameterDeclaration2:0:149	WRONG	binding-pattern-parameter-type
conformance/destructuringParameterDeclaration2:0:153	WRONG	signature-differs
conformance/destructuringParameterDeclaration2:0:157	WRONG	binding-pattern-parameter-type
conformance/destructuringParameterProperties3:0:49	WRONG	literal-widened
conformance/destructuringParameterProperties3:0:73	WRONG	literal-widened
conformance/destructuringVariableDeclaration1ES5:0:106	WRONG	alias-native-kept
conformance/destructuringVariableDeclaration1ES5:0:107	WRONG	alias-native-kept
conformance/destructuringVariableDeclaration1ES5:0:109	WRONG	any:binding-element
conformance/destructuringVariableDeclaration1ES5:0:110	WRONG	any:binding-element
conformance/destructuringVariableDeclaration1ES5:0:111	WRONG	object-members-differ
conformance/destructuringVariableDeclaration1ES5:0:112	WRONG	tuple-vs-array
conformance/destructuringVariableDeclaration1ES5:0:113	WRONG	tuple-vs-array
conformance/destructuringVariableDeclaration1ES5:0:40	WRONG	literal-widened
conformance/destructuringVariableDeclaration1ES5:0:43	WRONG	literal-widened
conformance/destructuringVariableDeclaration1ES5:0:44	WRONG	literal-widened
conformance/destructuringVariableDeclaration1ES5:0:87	WRONG	alias-native-kept
conformance/destructuringVariableDeclaration1ES5:0:88	WRONG	alias-native-kept
conformance/destructuringVariableDeclaration1ES5:0:89	WRONG	union-extra-members
conformance/destructuringVariableDeclaration1ES5:0:95	WRONG	object-members-differ
conformance/destructuringVariableDeclaration1ES5:0:96	WRONG	tuple-vs-array
conformance/destructuringVariableDeclaration1ES5:0:97	WRONG	tuple-vs-array
conformance/destructuringVariableDeclaration1ES5iterable(target=es2015):0:106	WRONG	alias-native-kept
conformance/destructuringVariableDeclaration1ES5iterable(target=es2015):0:107	WRONG	alias-native-kept
conformance/destructuringVariableDeclaration1ES5iterable(target=es2015):0:109	WRONG	any:configured:identifier
conformance/destructuringVariableDeclaration1ES5iterable(target=es2015):0:110	WRONG	any:configured:identifier
conformance/destructuringVariableDeclaration1ES5iterable(target=es2015):0:111	WRONG	object-members-differ
conformance/destructuringVariableDeclaration1ES5iterable(target=es2015):0:112	WRONG	tuple-vs-array
conformance/destructuringVariableDeclaration1ES5iterable(target=es2015):0:113	WRONG	tuple-vs-array
conformance/destructuringVariableDeclaration1ES5iterable(target=es2015):0:40	WRONG	literal-widened
conformance/destructuringVariableDeclaration1ES5iterable(target=es2015):0:43	WRONG	literal-widened
conformance/destructuringVariableDeclaration1ES5iterable(target=es2015):0:44	WRONG	literal-widened
conformance/destructuringVariableDeclaration1ES5iterable(target=es2015):0:87	WRONG	alias-native-kept
conformance/destructuringVariableDeclaration1ES5iterable(target=es2015):0:88	WRONG	alias-native-kept
conformance/destructuringVariableDeclaration1ES5iterable(target=es2015):0:89	WRONG	union-extra-members
conformance/destructuringVariableDeclaration1ES5iterable(target=es2015):0:95	WRONG	object-members-differ
conformance/destructuringVariableDeclaration1ES5iterable(target=es2015):0:96	WRONG	tuple-vs-array
conformance/destructuringVariableDeclaration1ES5iterable(target=es2015):0:97	WRONG	tuple-vs-array
conformance/destructuringVariableDeclaration1ES6:0:106	WRONG	alias-native-kept
conformance/destructuringVariableDeclaration1ES6:0:107	WRONG	alias-native-kept
conformance/destructuringVariableDeclaration1ES6:0:109	WRONG	any:binding-element
conformance/destructuringVariableDeclaration1ES6:0:110	WRONG	any:binding-element
conformance/destructuringVariableDeclaration1ES6:0:111	WRONG	object-members-differ
conformance/destructuringVariableDeclaration1ES6:0:112	WRONG	tuple-vs-array
conformance/destructuringVariableDeclaration1ES6:0:113	WRONG	tuple-vs-array
conformance/destructuringVariableDeclaration1ES6:0:40	WRONG	literal-widened
conformance/destructuringVariableDeclaration1ES6:0:43	WRONG	literal-widened
conformance/destructuringVariableDeclaration1ES6:0:44	WRONG	literal-widened
conformance/destructuringVariableDeclaration1ES6:0:87	WRONG	alias-native-kept
conformance/destructuringVariableDeclaration1ES6:0:88	WRONG	alias-native-kept
conformance/destructuringVariableDeclaration1ES6:0:89	WRONG	union-extra-members
conformance/destructuringVariableDeclaration1ES6:0:95	WRONG	object-members-differ
conformance/destructuringVariableDeclaration1ES6:0:96	WRONG	tuple-vs-array
conformance/destructuringVariableDeclaration1ES6:0:97	WRONG	tuple-vs-array
conformance/destructuringVariableDeclaration2:0:28	WRONG	literal-widened
conformance/destructuringVariableDeclaration2:0:30	WRONG	literal-widened
conformance/destructuringVariableDeclaration2:0:33	WRONG	literal-widened
conformance/destructuringVariableDeclaration2:0:34	WRONG	literal-widened
conformance/discriminatedUnionTypes2:0:179	WRONG	any:property-lookup-error
conformance/discriminatedUnionTypes2:0:180	WRONG	alias-native-kept
conformance/discriminatedUnionTypes2:0:181	WRONG	any:property-lookup-error
conformance/discriminatedUnionTypes2:0:182	WRONG	any:property-lookup-error
conformance/discriminatedUnionTypes2:0:183	WRONG	alias-native-kept
conformance/discriminatedUnionTypes2:0:184	WRONG	any:property-lookup-error
conformance/discriminatedUnionTypes2:0:215	WRONG	alias-native-kept
conformance/discriminatedUnionTypes2:0:216	WRONG	union-members-differ
conformance/discriminatedUnionTypes2:0:217	WRONG	alias-native-kept
conformance/discriminatedUnionTypes2:0:218	WRONG	alias-native-kept
conformance/discriminatedUnionTypes2:0:219	WRONG	union-members-differ
conformance/discriminatedUnionTypes2:0:220	WRONG	alias-native-kept
conformance/discriminatedUnionTypes3:0:16	GAP	gap:property-access
conformance/discriminatedUnionTypes3:0:17	WRONG	different-name
conformance/discriminatedUnionTypes3:0:18	WRONG	any:property-lookup-error
conformance/discriminatedUnionTypes4:0:103	WRONG	literal-mixed
conformance/discriminatedUnionTypes4:0:31	WRONG	literal-mixed
conformance/discriminatedUnionTypes4:0:35	WRONG	literal-mixed
conformance/discriminatedUnionTypes4:0:45	WRONG	literal-mixed
conformance/discriminatedUnionTypes4:0:64	WRONG	literal-mixed
conformance/discriminatedUnionTypes4:0:75	WRONG	literal-mixed
conformance/discriminatedUnionTypes4:0:93	WRONG	literal-mixed
conformance/duplicateExportAssignments:2:0	WRONG	alias-port-kept
conformance/dynamicImportDefer(module=commonjs):1:0	WRONG	any:configured:call
conformance/dynamicImportDefer(module=commonjs):1:1	WRONG	any:configured:call
conformance/dynamicImportDefer(module=commonjs):1:2	WRONG	any:configured:call
conformance/dynamicImportDefer(module=es2015):1:0	WRONG	any:configured:call
conformance/dynamicImportDefer(module=es2015):1:1	WRONG	any:configured:call
conformance/dynamicImportDefer(module=es2015):1:2	WRONG	any:configured:call
conformance/dynamicImportDefer(module=es2020):1:0	WRONG	any:configured:call
conformance/dynamicImportDefer(module=es2020):1:1	WRONG	any:configured:call
conformance/dynamicImportDefer(module=es2020):1:2	WRONG	any:configured:call
conformance/dynamicImportDefer(module=esnext):1:0	GAP	gap:call
conformance/dynamicImportDefer(module=esnext):1:1	GAP	gap:call
conformance/dynamicImportDefer(module=esnext):1:2	WRONG	any:configured:call
conformance/dynamicImportDefer(module=nodenext):1:0	WRONG	any:configured:call
conformance/dynamicImportDefer(module=nodenext):1:1	WRONG	any:configured:call
conformance/dynamicImportDefer(module=nodenext):1:2	WRONG	any:configured:call
conformance/dynamicImportDefer(module=preserve):1:0	GAP	gap:call
conformance/dynamicImportDefer(module=preserve):1:1	GAP	gap:call
conformance/dynamicImportDefer(module=preserve):1:2	WRONG	any:configured:call
conformance/elementAccessChain.2:0:18	WRONG	undefined-optionality
conformance/elementAccessChain.2:0:23	WRONG	undefined-optionality
conformance/elementAccessChain.2:0:28	WRONG	undefined-optionality
conformance/emitArrowFunctionES6:0:33	GAP	gap:identifier
conformance/emitArrowFunctionES6:0:34	GAP	gap:function-expression
conformance/emitArrowFunctionES6:0:36	GAP	gap:identifier
conformance/emitArrowFunctionES6:0:37	GAP	gap:function-expression
conformance/emitArrowFunctionWhenUsingArguments08(alwaysstrict=true,target=es2015):0:2	WRONG	signature-differs
conformance/emitArrowFunctionWhenUsingArguments08(alwaysstrict=true,target=es2015):0:3	WRONG	signature-differs
conformance/emitArrowFunctionWhenUsingArguments08(alwaysstrict=true,target=es2015):0:4	WRONG	any:configured:function-expression
conformance/emitArrowFunctionWhenUsingArguments08_ES6(alwaysstrict=true):0:2	WRONG	signature-differs
conformance/emitArrowFunctionWhenUsingArguments08_ES6(alwaysstrict=true):0:3	WRONG	signature-differs
conformance/emitArrowFunctionWhenUsingArguments08_ES6(alwaysstrict=true):0:4	WRONG	any:configured:function-expression
conformance/emitCompoundExponentiationAssignmentWithIndexingOnLHS3(target=es2015):0:0	GAP	gap:identifier
conformance/emitCompoundExponentiationAssignmentWithIndexingOnLHS3(target=es2015):0:1	GAP	gap:object-literal
conformance/emitCompoundExponentiationAssignmentWithIndexingOnLHS3(target=es2015):0:11	GAP	gap:property-access
conformance/emitCompoundExponentiationAssignmentWithIndexingOnLHS3(target=es2015):0:12	WRONG	any:configured:identifier
conformance/emitCompoundExponentiationAssignmentWithIndexingOnLHS3(target=es2015):0:13	WRONG	any:configured:identifier
conformance/emitCompoundExponentiationAssignmentWithIndexingOnLHS3(target=es2015):0:16	GAP	gap:property-access
conformance/emitCompoundExponentiationAssignmentWithIndexingOnLHS3(target=es2015):0:17	GAP	gap:identifier
conformance/emitCompoundExponentiationAssignmentWithIndexingOnLHS3(target=es2015):0:19	GAP	gap:property-access
conformance/emitCompoundExponentiationAssignmentWithIndexingOnLHS3(target=es2015):0:20	GAP	gap:identifier
conformance/emitCompoundExponentiationAssignmentWithIndexingOnLHS3(target=es2015):0:23	GAP	gap:property-access
conformance/emitCompoundExponentiationAssignmentWithIndexingOnLHS3(target=es2015):0:24	GAP	gap:identifier
conformance/emitCompoundExponentiationAssignmentWithIndexingOnLHS3(target=es2015):0:27	GAP	gap:property-access
conformance/emitCompoundExponentiationAssignmentWithIndexingOnLHS3(target=es2015):0:28	GAP	gap:identifier
conformance/emitCompoundExponentiationAssignmentWithIndexingOnLHS3(target=es2015):0:32	GAP	gap:property-access
conformance/emitCompoundExponentiationAssignmentWithIndexingOnLHS3(target=es2015):0:33	GAP	gap:identifier
conformance/emitCompoundExponentiationAssignmentWithIndexingOnLHS3(target=es2015):0:36	GAP	gap:property-access
conformance/emitCompoundExponentiationAssignmentWithIndexingOnLHS3(target=es2015):0:37	GAP	gap:identifier
conformance/emitCompoundExponentiationAssignmentWithIndexingOnLHS3(target=es2015):0:5	GAP	gap:property-access
conformance/emitCompoundExponentiationAssignmentWithIndexingOnLHS3(target=es2015):0:6	WRONG	any:configured:identifier
conformance/emitCompoundExponentiationAssignmentWithIndexingOnLHS3(target=es2015):0:7	WRONG	any:configured:identifier
conformance/emitRestParametersFunctionProperty(target=es2015):0:0	WRONG	signature-differs
conformance/emitRestParametersFunctionPropertyES6:0:0	WRONG	signature-differs
conformance/emptyVariableDeclarationBindingPatterns01_ES5(target=es2015):0:30	WRONG	signature-differs
conformance/emptyVariableDeclarationBindingPatterns01_ES5(target=es2015):0:36	GAP	gap:function-expression
conformance/emptyVariableDeclarationBindingPatterns01_ES5iterable(target=es2015):0:30	WRONG	signature-differs
conformance/emptyVariableDeclarationBindingPatterns01_ES5iterable(target=es2015):0:36	WRONG	any:configured:function-expression
conformance/emptyVariableDeclarationBindingPatterns01_ES6:0:30	WRONG	signature-differs
conformance/emptyVariableDeclarationBindingPatterns01_ES6:0:36	GAP	gap:function-expression
conformance/enumAssignabilityInInheritance:0:168	WRONG	any:call-error
conformance/enums:1:10	WRONG	any:type-reference-error
conformance/enums:1:11	WRONG	any:type-reference-error
conformance/enums:1:13	WRONG	any:alias-target
conformance/enums:2:1	WRONG	any:alias-target
conformance/enums:2:2	WRONG	any:type-reference-error
conformance/errorSuperPropertyAccess(target=es2015):0:182	WRONG	any:configured:identifier
conformance/errorSuperPropertyAccess(target=es2015):0:183	WRONG	any:configured:object-literal
conformance/es2018IntlAPIs:0:38	WRONG	qualified-name-choice
conformance/es2018IntlAPIs:0:40	WRONG	qualified-name-choice
conformance/es6modulekindWithES5Target11(target=es2015):0:6	WRONG	any:configured:identifier
conformance/esDecorators-classDeclaration-outerThisReference(target=es2015):0:13	WRONG	this-type
conformance/esDecorators-classDeclaration-outerThisReference(target=es2015):0:22	WRONG	this-type
conformance/esDecorators-classDeclaration-outerThisReference(target=es2015):0:32	WRONG	this-type
conformance/esDecorators-classDeclaration-outerThisReference(target=es2015):0:38	WRONG	this-type
conformance/esDecorators-classDeclaration-outerThisReference(target=es2015):0:4	WRONG	this-type
conformance/esDecorators-classDeclaration-outerThisReference(target=es2015):0:8	WRONG	this-type
conformance/esDecorators-classDeclaration-outerThisReference(target=es2021):0:13	WRONG	this-type
conformance/esDecorators-classDeclaration-outerThisReference(target=es2021):0:22	WRONG	this-type
conformance/esDecorators-classDeclaration-outerThisReference(target=es2021):0:32	WRONG	this-type
conformance/esDecorators-classDeclaration-outerThisReference(target=es2021):0:38	WRONG	this-type
conformance/esDecorators-classDeclaration-outerThisReference(target=es2021):0:4	WRONG	this-type
conformance/esDecorators-classDeclaration-outerThisReference(target=es2021):0:8	WRONG	this-type
conformance/esDecorators-classDeclaration-outerThisReference(target=es2022):0:13	WRONG	this-type
conformance/esDecorators-classDeclaration-outerThisReference(target=es2022):0:22	WRONG	this-type
conformance/esDecorators-classDeclaration-outerThisReference(target=es2022):0:32	WRONG	this-type
conformance/esDecorators-classDeclaration-outerThisReference(target=es2022):0:38	WRONG	this-type
conformance/esDecorators-classDeclaration-outerThisReference(target=es2022):0:4	WRONG	this-type
conformance/esDecorators-classDeclaration-outerThisReference(target=es2022):0:8	WRONG	this-type
conformance/esDecorators-classDeclaration-outerThisReference(target=esnext):0:13	WRONG	this-type
conformance/esDecorators-classDeclaration-outerThisReference(target=esnext):0:22	WRONG	this-type
conformance/esDecorators-classDeclaration-outerThisReference(target=esnext):0:32	WRONG	this-type
conformance/esDecorators-classDeclaration-outerThisReference(target=esnext):0:38	WRONG	this-type
conformance/esDecorators-classDeclaration-outerThisReference(target=esnext):0:4	WRONG	this-type
conformance/esDecorators-classDeclaration-outerThisReference(target=esnext):0:8	WRONG	this-type
conformance/esDecorators-contextualTypes.2:0:56	GAP	gap:function-expression
conformance/esDecorators-contextualTypes.2:0:57	WRONG	any:contextual-parameter
conformance/esDecorators-contextualTypes.2:0:58	WRONG	partial-any
conformance/esDecorators-contextualTypes.2:0:76	WRONG	partial-any
conformance/esDecorators-preservesThis:0:26	GAP	gap:other-expression
conformance/esDecorators-preservesThis:0:27	GAP	gap:property-access
conformance/esDecorators-preservesThis:0:28	WRONG	any:call-error
conformance/esDecorators-preservesThis:0:29	WRONG	any:property-lookup-error
conformance/esDecorators-preservesThis:0:31	GAP	gap:other-expression
conformance/esDecorators-preservesThis:0:32	GAP	gap:property-access
conformance/esDecorators-preservesThis:0:33	GAP	gap:identifier
conformance/esDecorators-preservesThis:0:36	GAP	gap:other-expression
conformance/esDecorators-preservesThis:0:37	GAP	gap:other-expression
conformance/esDecorators-preservesThis:0:38	GAP	gap:property-access
conformance/esDecorators-preservesThis:0:39	WRONG	any:call-error
conformance/esDecorators-preservesThis:0:40	WRONG	any:property-lookup-error
conformance/esDecorators-privateFieldAccess:0:12	WRONG	this-type
conformance/esDecorators-privateFieldAccess:0:20	WRONG	signature-differs
conformance/esDecorators-privateFieldAccess:0:22	WRONG	typed-where-native-any
conformance/esDecorators-privateFieldAccess:0:33	WRONG	partial-any
conformance/esDecorators-privateFieldAccess:0:34	WRONG	any:other
conformance/esmModuleExports1:0:1	WRONG	js:other
conformance/esmModuleExports1:2:1	WRONG	any:function-declaration-error
conformance/esmModuleExports1:2:2	WRONG	any:alias-target
conformance/esmModuleExports2(esmoduleinterop=true):0:1	WRONG	js:other
conformance/esmModuleExports3:0:1	WRONG	js:other
conformance/esmModuleExports3:2:1	WRONG	any:function-declaration-error
conformance/esmModuleExports3:2:2	WRONG	any:alias-target
conformance/esnextmodulekindWithES5Target11(target=es2015):0:6	WRONG	any:configured:identifier
conformance/exhaustiveSwitchStatements1:0:363	WRONG	union-members-differ
conformance/exhaustiveSwitchStatements1:0:367	WRONG	union-members-differ
conformance/exportAsNamespace1(module=commonjs):2:2	WRONG	alias-native-kept
conformance/exportAsNamespace1(module=commonjs):2:4	WRONG	alias-native-kept
conformance/exportAsNamespace1(module=commonjs):2:7	WRONG	alias-native-kept
conformance/exportAsNamespace1(module=commonjs):2:9	WRONG	alias-native-kept
conformance/exportAsNamespace1(module=es2015):2:2	WRONG	alias-native-kept
conformance/exportAsNamespace1(module=es2015):2:4	WRONG	alias-native-kept
conformance/exportAsNamespace1(module=es2015):2:7	WRONG	alias-native-kept
conformance/exportAsNamespace1(module=es2015):2:9	WRONG	alias-native-kept
conformance/exportAsNamespace1(module=esnext):2:2	WRONG	alias-native-kept
conformance/exportAsNamespace1(module=esnext):2:4	WRONG	alias-native-kept
conformance/exportAsNamespace1(module=esnext):2:7	WRONG	alias-native-kept
conformance/exportAsNamespace1(module=esnext):2:9	WRONG	alias-native-kept
conformance/exportAsNamespace2(module=commonjs):2:2	WRONG	alias-native-kept
conformance/exportAsNamespace2(module=commonjs):2:4	WRONG	alias-native-kept
conformance/exportAsNamespace2(module=commonjs):2:7	WRONG	alias-native-kept
conformance/exportAsNamespace2(module=commonjs):2:9	WRONG	alias-native-kept
conformance/exportAsNamespace2(module=es2015):2:2	WRONG	alias-native-kept
conformance/exportAsNamespace2(module=es2015):2:4	WRONG	alias-native-kept
conformance/exportAsNamespace2(module=es2015):2:7	WRONG	alias-native-kept
conformance/exportAsNamespace2(module=es2015):2:9	WRONG	alias-native-kept
conformance/exportAsNamespace2(module=esnext):2:2	WRONG	alias-native-kept
conformance/exportAsNamespace2(module=esnext):2:4	WRONG	alias-native-kept
conformance/exportAsNamespace2(module=esnext):2:7	WRONG	alias-native-kept
conformance/exportAsNamespace2(module=esnext):2:9	WRONG	alias-native-kept
conformance/exportAsNamespace3(module=commonjs):2:2	WRONG	alias-native-kept
conformance/exportAsNamespace3(module=commonjs):2:4	WRONG	alias-native-kept
conformance/exportAsNamespace3(module=commonjs):2:7	WRONG	alias-native-kept
conformance/exportAsNamespace3(module=commonjs):2:9	WRONG	alias-native-kept
conformance/exportAsNamespace3(module=es2015):2:2	WRONG	alias-native-kept
conformance/exportAsNamespace3(module=es2015):2:4	WRONG	alias-native-kept
conformance/exportAsNamespace3(module=es2015):2:7	WRONG	alias-native-kept
conformance/exportAsNamespace3(module=es2015):2:9	WRONG	alias-native-kept
conformance/exportAsNamespace3(module=esnext):2:2	WRONG	alias-native-kept
conformance/exportAsNamespace3(module=esnext):2:4	WRONG	alias-native-kept
conformance/exportAsNamespace3(module=esnext):2:7	WRONG	alias-native-kept
conformance/exportAsNamespace3(module=esnext):2:9	WRONG	alias-native-kept
conformance/exportAsNamespace5:2:1	GAP	gap:identifier
conformance/exportDeclaration(isolatedmodules=false):1:1	WRONG	any:configured:identifier
conformance/exportDeclaration(isolatedmodules=true):1:1	WRONG	any:configured:identifier
conformance/exportDeclaration_moduleSpecifier-isolatedModules:1:0	WRONG	import-qualifier-missing
conformance/exportDeclaration_moduleSpecifier:1:0	WRONG	import-qualifier-missing
conformance/exportDeclaration_moduleSpecifier:2:0	WRONG	import-qualifier-extra
conformance/exportDeclaration_moduleSpecifier:2:1	WRONG	any:type-reference-error
conformance/exportDeclaration_moduleSpecifier:2:2	WRONG	import-qualifier-extra
conformance/exportDeclaration_moduleSpecifier:2:3	WRONG	import-qualifier-extra
conformance/exportNamespace11:0:3	WRONG	typed-where-native-any
conformance/exportNamespace11:0:4	WRONG	typed-where-native-any
conformance/exportNamespace11:0:6	WRONG	typed-where-native-any
conformance/exportNamespace12:0:11	WRONG	typed-where-native-any
conformance/exportNamespace12:0:13	WRONG	typed-where-native-any
conformance/exportNamespace1:1:0	WRONG	import-qualifier-missing
conformance/exportNamespace1:3:0	WRONG	import-qualifier-extra
conformance/exportNamespace1:3:1	WRONG	import-qualifier-extra
conformance/exportNamespace1:3:2	WRONG	import-qualifier-extra
conformance/exportNamespace3:1:0	WRONG	import-qualifier-missing
conformance/exportNamespace5:1:0	WRONG	import-qualifier-missing
conformance/exportNamespace5:2:10	WRONG	any:type-reference-error
conformance/exportNamespace5:2:11	WRONG	import-qualifier-extra
conformance/exportNamespace5:2:12	WRONG	import-qualifier-extra
conformance/exportNamespace5:2:3	WRONG	import-qualifier-extra
conformance/exportNamespace5:2:7	WRONG	any:type-reference-error
conformance/exportNamespace9:3:2	WRONG	any:type-reference-error
conformance/exportNestedNamespaces2:1:11	WRONG	js:any:function-expression-error
conformance/exportNestedNamespaces2:1:5	WRONG	js:any:binary-operand
conformance/exportNestedNamespaces2:2:11	WRONG	js:any:function-expression-error
conformance/exportNestedNamespaces2:2:5	WRONG	js:any:binary-operand
conformance/exportTypeMergedWithExportStarAsNamespace:0:0	WRONG	alias-port-kept
conformance/exportTypeMergedWithExportStarAsNamespace:0:2	WRONG	import-qualifier-missing
conformance/exportTypeMergedWithExportStarAsNamespace:0:3	WRONG	import-qualifier-missing
conformance/exportTypeMergedWithExportStarAsNamespace:0:4	WRONG	alias-port-kept
conformance/exportTypeMergedWithExportStarAsNamespace:0:5	WRONG	import-qualifier-missing
conformance/exportTypeMergedWithExportStarAsNamespace:0:7	GAP	gap:identifier
conformance/exportsAndImports1-es6:1:2	WRONG	import-qualifier-missing
conformance/exportsAndImports1-es6:1:4	WRONG	import-qualifier-missing
conformance/exportsAndImports1-es6:1:5	WRONG	import-qualifier-missing
conformance/exportsAndImports1-es6:1:6	WRONG	import-qualifier-missing
conformance/exportsAndImports1:1:2	WRONG	import-qualifier-missing
conformance/exportsAndImports1:1:4	WRONG	import-qualifier-missing
conformance/exportsAndImports1:1:5	WRONG	import-qualifier-missing
conformance/exportsAndImports1:1:6	WRONG	import-qualifier-missing
conformance/exportsAndImports3-es6:1:10	WRONG	import-qualifier-missing
conformance/exportsAndImports3-es6:1:11	WRONG	import-qualifier-missing
conformance/exportsAndImports3-es6:1:12	WRONG	import-qualifier-missing
conformance/exportsAndImports3-es6:1:13	WRONG	import-qualifier-missing
conformance/exportsAndImports3-es6:1:4	WRONG	import-qualifier-missing
conformance/exportsAndImports3-es6:1:5	WRONG	import-qualifier-missing
conformance/exportsAndImports3-es6:1:8	WRONG	import-qualifier-missing
conformance/exportsAndImports3-es6:1:9	WRONG	import-qualifier-missing
conformance/exportsAndImports3:1:10	WRONG	import-qualifier-missing
conformance/exportsAndImports3:1:11	WRONG	import-qualifier-missing
conformance/exportsAndImports3:1:12	WRONG	import-qualifier-missing
conformance/exportsAndImports3:1:13	WRONG	import-qualifier-missing
conformance/exportsAndImports3:1:4	WRONG	import-qualifier-missing
conformance/exportsAndImports3:1:5	WRONG	import-qualifier-missing
conformance/exportsAndImports3:1:8	WRONG	import-qualifier-missing
conformance/exportsAndImports3:1:9	WRONG	import-qualifier-missing
conformance/exportsAndImports4(target=es2015):0:14	WRONG	typeof-name-choice
conformance/exportsAndImports4(target=es2015):0:17	WRONG	typeof-name-choice
conformance/exportsAndImports4(target=es2015):0:26	WRONG	typeof-name-choice
conformance/exportsAndImports4(target=es2015):0:29	WRONG	typeof-name-choice
conformance/exportsAndImports4(target=es2015):0:6	WRONG	typeof-name-choice
conformance/exportsAndImports4(target=es2015):0:8	WRONG	typeof-name-choice
conformance/exportsAndImports4-es6:0:14	WRONG	typeof-name-choice
conformance/exportsAndImports4-es6:0:17	WRONG	typeof-name-choice
conformance/exportsAndImports4-es6:0:26	WRONG	typeof-name-choice
conformance/exportsAndImports4-es6:0:29	WRONG	typeof-name-choice
conformance/exportsAndImports4-es6:0:6	WRONG	typeof-name-choice
conformance/exportsAndImports4-es6:0:8	WRONG	typeof-name-choice
conformance/extendsTag5:0:10	WRONG	js:type-argument-differs
conformance/extendsTag5:0:4	WRONG	js:type-argument-differs
conformance/extendsTag5:0:6	WRONG	js:type-argument-differs
conformance/extendsTag5:0:8	WRONG	js:type-argument-differs
conformance/for-of37:0:3	WRONG	literal-widened
conformance/for-of37:0:4	WRONG	literal-widened
conformance/for-of38:0:3	WRONG	literal-widened
conformance/for-of38:0:4	WRONG	literal-widened
conformance/for-of40:0:3	WRONG	literal-widened
conformance/for-of40:0:4	WRONG	literal-widened
conformance/for-of45:0:18	WRONG	literal-not-widened
conformance/for-of45:0:5	WRONG	literal-widened
conformance/for-of45:0:6	WRONG	literal-widened
conformance/for-of46:0:5	WRONG	literal-widened
conformance/for-of46:0:6	WRONG	literal-widened
conformance/for-of49:0:5	WRONG	literal-widened
conformance/for-of49:0:6	WRONG	literal-widened
conformance/for-of50:0:3	WRONG	literal-widened
conformance/for-of50:0:4	WRONG	literal-widened
conformance/for-of58:0:11	WRONG	undefined-optionality
conformance/for-of58:0:5	WRONG	undefined-optionality
conformance/for-of58:0:8	WRONG	undefined-optionality
conformance/functionConstraintSatisfaction:0:15	GAP	gap:identifier
conformance/functionConstraintSatisfaction:0:16	GAP	gap:call
conformance/functionConstraintSatisfaction:0:18	GAP	gap:function-expression
conformance/functionConstraintSatisfaction:0:27	GAP	gap:identifier
conformance/functionConstraintSatisfaction:0:28	GAP	gap:call
conformance/functionConstraintSatisfaction:0:30	GAP	gap:function-expression
conformance/functionExpressionContextualTyping3:0:4	WRONG	literal-widened
conformance/functionImplementationErrors(target=es2015):0:22	WRONG	signature-differs
conformance/functionImplementationErrors(target=es2015):0:23	WRONG	typed-where-native-any
conformance/functionImplementationErrors(target=es2015):0:24	WRONG	typed-where-native-any
conformance/generatedContextualTyping:0:1621	WRONG	array-sugar
conformance/generatorAssignability:0:58	WRONG	any:other
conformance/generatorAssignability:0:60	WRONG	any:other
conformance/generatorImplicitAny:0:10	WRONG	any:function-declaration-error
conformance/generatorImplicitAny:0:39	WRONG	any:function-declaration-error
conformance/generatorImplicitAny:0:43	WRONG	any:function-declaration-error
conformance/generatorReturnContextualType:0:22	WRONG	literal-widened
conformance/generatorReturnContextualType:0:26	WRONG	literal-widened
conformance/generatorReturnContextualType:0:27	WRONG	literal-widened
conformance/generatorReturnContextualType:0:31	WRONG	literal-widened
conformance/generatorReturnContextualType:0:35	WRONG	literal-widened
conformance/generatorReturnContextualType:0:36	WRONG	literal-widened
conformance/generatorReturnTypeIndirectReferenceToGlobalType:0:1	GAP	gap:identifier
conformance/generatorReturnTypeIndirectReferenceToGlobalType:0:2	GAP	gap:other-expression
conformance/generatorReturnTypeInference:0:117	WRONG	any:function-declaration-error
conformance/generatorReturnTypeInference:0:53	WRONG	any:function-declaration-error
conformance/generatorReturnTypeInference:0:61	WRONG	any:function-declaration-error
conformance/generatorReturnTypeInferenceNonStrict:0:117	WRONG	any:function-declaration-error
conformance/generatorReturnTypeInferenceNonStrict:0:53	WRONG	any:function-declaration-error
conformance/generatorReturnTypeInferenceNonStrict:0:61	WRONG	any:function-declaration-error
conformance/generatorTypeCheck31:0:3	WRONG	any:call-error
conformance/generatorTypeCheck31:0:4	WRONG	any:function-expression-error
conformance/generatorTypeCheck31:0:6	WRONG	any:function-expression-error
conformance/generatorTypeCheck39:0:4	WRONG	any:function-declaration-error
conformance/generatorTypeCheck61:0:0	GAP	gap:identifier
conformance/generatorTypeCheck62:0:6	WRONG	any:function-expression-error
conformance/generatorTypeCheck63:0:6	WRONG	any:function-expression-error
conformance/generatorYieldContextualType:0:13	GAP	gap:function-expression
conformance/generatorYieldContextualType:0:14	GAP	gap:identifier
conformance/generatorYieldContextualType:0:15	GAP	gap:other-expression
conformance/generatorYieldContextualType:0:25	WRONG	union-order
conformance/generatorYieldContextualType:0:29	WRONG	union-order
conformance/generatorYieldContextualType:0:32	WRONG	alias-port-kept
conformance/generatorYieldContextualType:0:4	GAP	gap:function-expression
conformance/generatorYieldContextualType:0:69	WRONG	union-order
conformance/generatorYieldContextualType:0:89	WRONG	alias-port-kept
conformance/generatorYieldContextualType:0:91	GAP	gap:other-expression
conformance/generatorYieldContextualType:0:98	WRONG	alias-port-kept
conformance/generic:1:6	WRONG	any:type-reference-error
conformance/genericCallToOverloadedMethodWithOverloadedArguments:0:111	WRONG	optional-param-undefined-not-printed
conformance/genericCallToOverloadedMethodWithOverloadedArguments:0:113	WRONG	optional-param-undefined-not-printed
conformance/genericCallToOverloadedMethodWithOverloadedArguments:0:42	WRONG	optional-param-undefined-not-printed
conformance/genericCallToOverloadedMethodWithOverloadedArguments:0:44	WRONG	optional-param-undefined-not-printed
conformance/genericCallToOverloadedMethodWithOverloadedArguments:0:62	WRONG	optional-param-undefined-not-printed
conformance/genericCallToOverloadedMethodWithOverloadedArguments:0:64	WRONG	optional-param-undefined-not-printed
conformance/genericCallToOverloadedMethodWithOverloadedArguments:0:89	WRONG	optional-param-undefined-not-printed
conformance/genericCallToOverloadedMethodWithOverloadedArguments:0:91	WRONG	optional-param-undefined-not-printed
conformance/genericCallWithConstructorTypedArguments5:0:53	WRONG	any:variable-initialiser-error
conformance/genericCallWithConstructorTypedArguments5:0:54	WRONG	any:call-error
conformance/genericCallWithFunctionTypedArguments5:0:18	WRONG	typed-where-native-unknown
conformance/genericCallWithFunctionTypedArguments5:0:19	WRONG	typed-where-native-unknown
conformance/genericCallWithFunctionTypedArguments5:0:65	WRONG	any:variable-initialiser-error
conformance/genericCallWithFunctionTypedArguments5:0:66	WRONG	any:call-error
conformance/genericCallWithGenericSignatureArguments3:0:124	WRONG	literal-widened
conformance/genericCallWithGenericSignatureArguments3:0:125	WRONG	literal-widened
conformance/genericCallWithGenericSignatureArguments3:0:128	WRONG	literal-widened
conformance/genericCallWithGenericSignatureArguments3:0:131	WRONG	literal-widened
conformance/genericCallWithGenericSignatureArguments3:0:138	WRONG	literal-widened
conformance/genericCallWithGenericSignatureArguments3:0:139	WRONG	literal-widened
conformance/genericCallWithGenericSignatureArguments3:0:142	WRONG	literal-widened
conformance/genericCallWithGenericSignatureArguments3:0:145	WRONG	literal-widened
conformance/genericCallWithOverloadedConstructorTypedArguments2:0:46	WRONG	undefined-optionality
conformance/genericCallWithOverloadedConstructorTypedArguments2:0:47	WRONG	undefined-optionality
conformance/genericCallWithOverloadedConstructorTypedArguments2:0:54	WRONG	undefined-optionality
conformance/genericCallWithOverloadedConstructorTypedArguments2:0:55	WRONG	undefined-optionality
conformance/genericCallWithOverloadedConstructorTypedArguments:0:45	WRONG	undefined-optionality
conformance/genericCallWithOverloadedConstructorTypedArguments:0:46	WRONG	undefined-optionality
conformance/genericCallWithOverloadedConstructorTypedArguments:0:49	WRONG	undefined-optionality
conformance/genericCallWithOverloadedConstructorTypedArguments:0:50	WRONG	undefined-optionality
conformance/genericCallWithOverloadedConstructorTypedArguments:0:60	WRONG	undefined-optionality
conformance/genericCallWithOverloadedConstructorTypedArguments:0:61	WRONG	undefined-optionality
conformance/genericCallWithOverloadedConstructorTypedArguments:0:71	WRONG	undefined-optionality
conformance/genericCallWithOverloadedConstructorTypedArguments:0:72	WRONG	undefined-optionality
conformance/genericCallWithOverloadedConstructorTypedArguments:0:76	WRONG	undefined-optionality
conformance/genericCallWithOverloadedConstructorTypedArguments:0:77	WRONG	undefined-optionality
conformance/genericCallWithOverloadedFunctionTypedArguments:0:30	GAP	gap:identifier
conformance/genericCallWithOverloadedFunctionTypedArguments:0:31	GAP	gap:call
conformance/genericCallWithOverloadedFunctionTypedArguments:0:33	GAP	gap:function-expression
conformance/genericCallWithOverloadedFunctionTypedArguments:0:49	GAP	gap:identifier
conformance/genericCallWithOverloadedFunctionTypedArguments:0:50	GAP	gap:call
conformance/genericCallWithOverloadedFunctionTypedArguments:0:52	GAP	gap:function-expression
conformance/genericCallWithOverloadedFunctionTypedArguments:0:75	WRONG	object-members-differ
conformance/genericCallWithOverloadedFunctionTypedArguments:0:76	WRONG	object-members-differ
conformance/genericCallWithOverloadedFunctionTypedArguments:0:79	GAP	gap:function-expression
conformance/genericContextualTypes1:0:181	GAP	gap:function-expression
conformance/genericContextualTypes1:0:40	GAP	gap:function-expression
conformance/genericFunctionParameters:0:10	WRONG	typed-where-native-unknown
conformance/genericFunctionParameters:0:12	WRONG	signature-type-params-dropped
conformance/genericFunctionParameters:0:15	WRONG	different-name
conformance/genericFunctionParameters:0:16	WRONG	different-name
conformance/genericFunctionParameters:0:18	WRONG	signature-type-params-dropped
conformance/genericFunctionParameters:0:21	WRONG	different-name
conformance/genericFunctionParameters:0:22	WRONG	different-name
conformance/genericFunctionParameters:0:24	WRONG	signature-type-params-dropped
conformance/genericFunctionParameters:0:31	WRONG	typed-where-native-unknown
conformance/genericFunctionParameters:0:32	WRONG	typed-where-native-unknown
conformance/genericFunctionParameters:0:34	WRONG	signature-type-params-dropped
conformance/genericFunctionParameters:0:9	WRONG	typed-where-native-unknown
conformance/genericObjectRest:0:42	GAP	gap:identifier
conformance/genericObjectRest:0:44	GAP	gap:identifier
conformance/genericRestParameters1:0:106	WRONG	any:other
conformance/genericRestParameters1:0:166	WRONG	any:other
conformance/genericRestParameters1:0:244	WRONG	any:other
conformance/genericRestParameters1:0:328	WRONG	unknown-where-native-typed
conformance/genericRestParameters1:0:329	WRONG	unknown-where-native-typed
conformance/genericRestParameters1:0:456	WRONG	signature-differs
conformance/genericRestParameters1:0:457	WRONG	signature-differs
conformance/genericRestParameters1:0:460	WRONG	any:function-expression-error
conformance/genericRestParameters1:0:461	WRONG	any:contextual-parameter
conformance/genericRestParameters1:0:464	WRONG	any:contextual-parameter
conformance/genericRestParameters1:0:465	WRONG	any:function-expression-error
conformance/genericRestParameters1:0:466	WRONG	any:contextual-parameter
conformance/genericRestParameters1:0:467	WRONG	any:binary-operand
conformance/genericRestParameters1:0:468	WRONG	any:contextual-parameter
conformance/genericRestParameters1:0:482	WRONG	alias-name-native-reassigned
conformance/genericRestParameters1:0:484	WRONG	alias-port-kept
conformance/genericRestParameters1:0:486	WRONG	alias-name-native-reassigned
conformance/genericRestParameters1:0:488	WRONG	alias-name-native-reassigned
conformance/genericRestParameters1:0:501	WRONG	any:call-error
conformance/genericRestParameters1:0:502	WRONG	any:property-lookup-error
conformance/genericRestParameters1:0:504	WRONG	any:property-lookup-error
conformance/genericRestParameters1:0:508	WRONG	any:call-error
conformance/genericRestParameters1:0:509	WRONG	any:property-lookup-error
conformance/genericRestParameters1:0:511	WRONG	any:property-lookup-error
conformance/genericRestParameters1:0:515	WRONG	any:call-error
conformance/genericRestParameters1:0:516	WRONG	any:property-lookup-error
conformance/genericRestParameters1:0:518	WRONG	any:property-lookup-error
conformance/genericRestParameters1:0:521	WRONG	any:call-error
conformance/genericRestParameters1:0:522	WRONG	any:property-lookup-error
conformance/genericRestParameters1:0:524	WRONG	any:property-lookup-error
conformance/genericRestParameters1:0:54	WRONG	any:other
conformance/genericRestParameters2:0:147	GAP	gap:property-access
conformance/genericRestParameters2:0:154	GAP	gap:property-access
conformance/genericRestParameters2:0:208	GAP	gap:property-access
conformance/genericRestParameters2:0:215	GAP	gap:property-access
conformance/genericRestParameters2:0:269	GAP	gap:property-access
conformance/genericRestParameters2:0:276	GAP	gap:property-access
conformance/genericRestParameters2:0:317	WRONG	alias-port-kept
conformance/genericRestParameters2:0:86	GAP	gap:property-access
conformance/genericRestParameters2:0:93	GAP	gap:property-access
conformance/genericRestParameters3:0:149	WRONG	union-order
conformance/genericTypeAliases:0:100	WRONG	alias-port-kept
conformance/genericTypeAliases:0:101	WRONG	alias-port-kept
conformance/genericTypeAliases:0:102	WRONG	alias-port-kept
conformance/genericTypeAliases:0:103	WRONG	alias-port-kept
conformance/genericTypeAliases:0:104	WRONG	alias-port-kept
conformance/genericTypeAliases:0:105	WRONG	alias-port-kept
conformance/genericTypeAliases:0:106	WRONG	union-members-differ
conformance/genericTypeAliases:0:107	WRONG	alias-port-kept
conformance/genericTypeAliases:0:108	WRONG	alias-port-kept
conformance/genericTypeAliases:0:109	WRONG	union-members-differ
conformance/genericTypeAliases:0:110	WRONG	alias-port-kept
conformance/genericTypeAliases:0:111	WRONG	alias-port-kept
conformance/genericTypeAliases:0:112	WRONG	alias-port-kept
conformance/genericTypeAliases:0:80	WRONG	any:property-lookup-error
conformance/genericTypeAliases:0:82	WRONG	any:property-lookup-error
conformance/genericTypeAliases:0:85	WRONG	any:property-lookup-error
conformance/genericTypeAliases:0:87	WRONG	any:property-lookup-error
conformance/genericTypeAliases:0:94	WRONG	union-members-differ
conformance/genericTypeAliases:0:95	WRONG	alias-port-kept
conformance/genericTypeAliases:0:96	WRONG	alias-port-kept
conformance/genericTypeAliases:0:97	WRONG	alias-port-kept
conformance/genericTypeAliases:0:98	WRONG	alias-port-kept
conformance/genericTypeAliases:0:99	WRONG	union-members-differ
conformance/genericTypeReferenceWithoutTypeArgument.d:0:7	WRONG	any:type-reference-error
conformance/genericTypeReferenceWithoutTypeArgument2:0:39	WRONG	typed-where-native-any
conformance/genericTypeReferenceWithoutTypeArgument2:0:40	WRONG	typed-where-native-any
conformance/genericTypeReferenceWithoutTypeArgument2:0:6	WRONG	any:type-reference-error
conformance/genericTypeReferenceWithoutTypeArgument3:0:7	WRONG	any:type-reference-error
conformance/genericTypeReferenceWithoutTypeArgument:0:43	WRONG	typed-where-native-any
conformance/genericTypeReferenceWithoutTypeArgument:0:44	WRONG	typed-where-native-any
conformance/genericTypeReferenceWithoutTypeArgument:0:7	WRONG	any:type-reference-error
conformance/globalThisAmbientModules:0:11	WRONG	alias-port-kept
conformance/globalThisAmbientModules:0:9	WRONG	any:type-reference-error
conformance/globalThisBlockscopedProperties:0:15	WRONG	any:property-lookup-error
conformance/globalThisBlockscopedProperties:0:30	WRONG	any:type-reference-error
conformance/globalThisBlockscopedProperties:0:36	WRONG	any:type-reference-error
conformance/globalThisGlobalExportAsGlobal:0:2	WRONG	any:alias-target
conformance/globalThisTypeIndexAccess:0:0	GAP	gap:identifier
conformance/heterogeneousArrayLiterals:0:240	WRONG	alias-native-kept
conformance/heterogeneousArrayLiterals:0:241	WRONG	alias-native-kept
conformance/heterogeneousArrayLiterals:0:248	WRONG	alias-native-kept
conformance/heterogeneousArrayLiterals:0:249	WRONG	alias-native-kept
conformance/heterogeneousArrayLiterals:0:252	WRONG	alias-native-kept
conformance/heterogeneousArrayLiterals:0:253	WRONG	alias-native-kept
conformance/heterogeneousArrayLiterals:0:287	WRONG	alias-native-kept
conformance/heterogeneousArrayLiterals:0:288	WRONG	alias-native-kept
conformance/heterogeneousArrayLiterals:0:291	WRONG	alias-native-kept
conformance/heterogeneousArrayLiterals:0:292	WRONG	alias-native-kept
conformance/heterogeneousArrayLiterals:0:295	WRONG	alias-native-kept
conformance/heterogeneousArrayLiterals:0:296	WRONG	alias-native-kept
conformance/heterogeneousArrayLiterals:0:299	WRONG	alias-native-kept
conformance/heterogeneousArrayLiterals:0:300	WRONG	alias-native-kept
conformance/heterogeneousArrayLiterals:0:334	WRONG	alias-native-kept
conformance/heterogeneousArrayLiterals:0:335	WRONG	alias-native-kept
conformance/heterogeneousArrayLiterals:0:342	WRONG	alias-native-kept
conformance/heterogeneousArrayLiterals:0:343	WRONG	alias-native-kept
conformance/importAssertion3(module=es2015):1:1	WRONG	import-qualifier-missing
conformance/importAssertion3(module=esnext):1:1	WRONG	import-qualifier-missing
conformance/importAttributes10:1:2	WRONG	any:type-reference-error
conformance/importAttributes10:1:4	WRONG	any:type-reference-error
conformance/importAttributes10:1:6	WRONG	any:type-reference-error
conformance/importAttributes10:1:8	WRONG	any:type-reference-error
conformance/importAttributes11:1:2	WRONG	any:alias-target
conformance/importAttributes3(module=es2015):1:1	WRONG	import-qualifier-missing
conformance/importAttributes3(module=esnext):1:1	WRONG	import-qualifier-missing
conformance/importAttributes7:1:0	WRONG	any:alias-target
conformance/importAttributes8:1:0	WRONG	any:alias-target
conformance/importAttributes9:1:10	WRONG	literal-widened
conformance/importAttributes9:1:11	WRONG	literal-widened
conformance/importAttributes9:1:12	WRONG	literal-widened
conformance/importAttributes9:1:13	WRONG	literal-widened
conformance/importAttributes9:1:7	WRONG	alias-port-kept
conformance/importAttributes9:1:8	WRONG	type-argument-differs
conformance/importCallExpression3ES2020:1:11	GAP	gap:call
conformance/importCallExpression3ES2020:1:12	GAP	gap:property-access
conformance/importCallExpression3ES2020:1:14	WRONG	any:property-lookup-error
conformance/importCallExpressionInCJS4:1:11	GAP	gap:call
conformance/importCallExpressionInCJS4:1:12	GAP	gap:property-access
conformance/importCallExpressionInCJS4:1:14	WRONG	any:property-lookup-error
conformance/importCallExpressionInExportEqualsCJS:1:1	WRONG	module-object-default-shape
conformance/importCallExpressionInExportEqualsCJS:1:2	WRONG	module-object-default-shape
conformance/importCallExpressionInExportEqualsCJS:1:3	WRONG	type-argument-differs
conformance/importCallExpressionReturnPromiseOfAny:1:56	GAP	gap:identifier
conformance/importCallExpressionWithTypeArgument:1:4	WRONG	alias-name-port-reassigned
conformance/importCallExpressionWithTypeArgument:1:5	WRONG	alias-name-port-reassigned
conformance/importDefaultNamedType2:1:0	WRONG	different-name
conformance/importMetaNarrowing(module=es2020):0:10	WRONG	undefined-optionality
conformance/importMetaNarrowing(module=es2020):0:6	GAP	gap:call
conformance/importMetaNarrowing(module=es2020):0:7	WRONG	undefined-optionality
conformance/importMetaNarrowing(module=esnext):0:10	WRONG	undefined-optionality
conformance/importMetaNarrowing(module=esnext):0:6	GAP	gap:call
conformance/importMetaNarrowing(module=esnext):0:7	WRONG	undefined-optionality
conformance/importTag24:1:12	WRONG	js:type-argument-differs
conformance/importTag24:1:2	WRONG	js:signature-differs
conformance/importTag24:1:3	WRONG	js:type-argument-differs
conformance/importTag24:1:9	WRONG	js:type-argument-differs
conformance/importTypeAmbient:0:33	WRONG	any:type-reference-error
conformance/importTypeAmbient:0:4	WRONG	any:type-reference-error
conformance/importTypeGeneric:2:0	WRONG	any:function-declaration-error
conformance/importTypeGeneric:2:4	WRONG	any:function-declaration-error
conformance/importTypeGenericTypes:2:0	WRONG	any:type-reference-error
conformance/importTypeGenericTypes:2:11	WRONG	any:type-reference-error
conformance/importTypeGenericTypes:2:30	WRONG	any:type-reference-error
conformance/importTypeLocal:2:0	WRONG	any:type-reference-error
conformance/importTypeLocal:2:19	WRONG	any:type-reference-error
conformance/importTypeLocal:2:6	WRONG	any:type-reference-error
conformance/indexSignatureTypeInference:0:18	WRONG	any:call-error
conformance/indexSignatures1:0:125	WRONG	any:type-reference-error
conformance/indexSignatures1:0:258	WRONG	any:type-reference-error
conformance/indexSignatures1:0:293	WRONG	any:type-reference-error
conformance/indexSignatures1:0:295	WRONG	any:property-lookup-error
conformance/indexSignatures1:0:296	WRONG	any:type-reference-error
conformance/indexSignatures1:0:298	WRONG	any:property-lookup-error
conformance/indexSignatures1:0:299	WRONG	any:type-reference-error
conformance/indexSignatures1:0:301	WRONG	any:property-lookup-error
conformance/indexSignatures1:0:302	WRONG	any:type-reference-error
conformance/indexSignatures1:0:304	WRONG	any:property-lookup-error
conformance/indexSignatures1:0:305	WRONG	any:type-reference-error
conformance/indexSignatures1:0:325	WRONG	any:binary-operand
conformance/indexSignatures1:0:327	WRONG	any:type-reference-error
conformance/indexSignatures1:0:334	WRONG	any:binary-operand
conformance/indexSignatures1:0:336	WRONG	any:type-reference-error
conformance/indexSignatures1:0:341	WRONG	any:type-reference-error
conformance/indexSignatures1:0:344	WRONG	any:type-reference-error
conformance/indexSignatures1:0:347	WRONG	any:type-reference-error
conformance/indexSignatures1:0:355	WRONG	any:binary-operand
conformance/indexSignatures1:0:357	WRONG	any:type-reference-error
conformance/indexSignatures1:0:485	WRONG	literal-widened
conformance/indexSignatures1:0:486	WRONG	literal-widened
conformance/indexSignatures1:0:488	WRONG	literal-widened
conformance/indexSignatures1:0:506	WRONG	literal-widened
conformance/indexSignatures1:0:519	WRONG	literal-widened
conformance/indexSignatures1:0:521	WRONG	literal-widened
conformance/indexSignatures1:0:564	WRONG	alias-name-native-reassigned
conformance/indexSignatures1:0:565	WRONG	alias-name-native-reassigned
conformance/indexSignatures1:0:572	WRONG	alias-name-native-reassigned
conformance/indexSignatures1:0:604	WRONG	alias-name-native-reassigned
conformance/indexerWithTuple:0:121	WRONG	alias-native-kept
conformance/indexerWithTuple:0:58	WRONG	alias-native-kept
conformance/indexerWithTuple:0:59	WRONG	alias-native-kept
conformance/inferThis:0:10	WRONG	js:different-name
conformance/inferThis:0:14	WRONG	js:different-name
conformance/inferThis:0:15	WRONG	js:different-name
conformance/inferThis:0:19	WRONG	js:different-name
conformance/inferThis:0:5	WRONG	js:different-name
conformance/inferThis:0:6	WRONG	js:different-name
conformance/inferTypes2:0:0	GAP	gap:identifier
conformance/inferTypes2:0:11	WRONG	partial-any
conformance/inferTypes2:0:13	GAP	gap:call
conformance/inferTypes2:0:2	WRONG	partial-any
conformance/inferTypes2:0:4	GAP	gap:call
conformance/inferTypes2:0:5	GAP	gap:identifier
conformance/inferTypesWithExtends1:0:121	GAP	gap:identifier
conformance/inferTypesWithExtends1:0:122	WRONG	conditional-type-resolved-where-native-deferred
conformance/inferTypesWithExtends1:0:123	GAP	gap:identifier
conformance/inferTypesWithExtends1:0:99	WRONG	alias-port-kept
conformance/inferingFromAny:1:13	GAP	js:gap:call
conformance/inferingFromAny:1:17	GAP	js:gap:call
conformance/inferingFromAny:1:21	GAP	js:gap:call
conformance/inferingFromAny:1:25	GAP	js:gap:call
conformance/inferingFromAny:1:29	GAP	js:gap:call
conformance/inferingFromAny:1:33	GAP	js:gap:call
conformance/inferingFromAny:1:37	GAP	js:gap:call
conformance/inferingFromAny:1:41	GAP	js:gap:call
conformance/inferingFromAny:1:49	GAP	js:gap:call
conformance/inferingFromAny:1:5	GAP	js:gap:call
conformance/inferingFromAny:1:53	GAP	js:gap:call
conformance/inferingFromAny:1:57	GAP	js:gap:call
conformance/inferingFromAny:1:61	GAP	js:gap:call
conformance/inferingFromAny:1:65	GAP	js:gap:call
conformance/inferingFromAny:1:69	GAP	js:gap:call
conformance/inferingFromAny:1:73	GAP	js:gap:call
conformance/inferingFromAny:1:9	GAP	js:gap:call
conformance/inlineJsxAndJsxFragPragmaOverridesCompilerOptions:3:2	GAP	gap:jsx-or-assertion
conformance/inlineJsxAndJsxFragPragmaOverridesCompilerOptions:4:2	GAP	gap:jsx-or-assertion
conformance/inlineJsxAndJsxFragPragmaOverridesCompilerOptions:5:1	GAP	gap:jsx-or-assertion
conformance/inlineJsxAndJsxFragPragmaOverridesCompilerOptions:6:2	GAP	gap:jsx-or-assertion
conformance/inlineJsxFactoryDeclarationsLocalTypes:3:1	WRONG	import-specifier-differs
conformance/inlineJsxFactoryDeclarationsLocalTypes:3:102	WRONG	import-qualifier-missing
conformance/inlineJsxFactoryDeclarationsLocalTypes:3:119	WRONG	import-qualifier-missing
conformance/inlineJsxFactoryDeclarationsLocalTypes:3:127	WRONG	import-specifier-differs
conformance/inlineJsxFactoryDeclarationsLocalTypes:3:128	WRONG	import-specifier-differs
conformance/inlineJsxFactoryDeclarationsLocalTypes:3:2	WRONG	import-qualifier-missing
conformance/inlineJsxFactoryDeclarationsLocalTypes:3:4	WRONG	import-specifier-differs
conformance/inlineJsxFactoryDeclarationsLocalTypes:3:5	WRONG	import-specifier-differs
conformance/inlineJsxFactoryDeclarationsLocalTypes:3:6	WRONG	import-specifier-differs
conformance/inlineJsxFactoryDeclarationsLocalTypes:3:8	WRONG	import-specifier-differs
conformance/inlineJsxFactoryLocalTypeGlobalFallback:3:1	WRONG	import-specifier-differs
conformance/inlineJsxFactoryLocalTypeGlobalFallback:3:2	WRONG	import-specifier-differs
conformance/inlineJsxFactoryLocalTypeGlobalFallback:3:3	WRONG	import-specifier-differs
conformance/inlineJsxFactoryLocalTypeGlobalFallback:3:5	WRONG	import-specifier-differs
conformance/instanceMemberInitialization:0:23	WRONG	type-param-rename
conformance/instanceMemberInitialization:0:26	WRONG	type-param-rename
conformance/instanceMemberInitialization:0:28	WRONG	type-param-rename
conformance/instancePropertiesInheritedIntoClassType:0:60	WRONG	different-name
conformance/instancePropertiesInheritedIntoClassType:0:61	WRONG	different-name
conformance/instancePropertiesInheritedIntoClassType:0:62	WRONG	signature-differs
conformance/instancePropertiesInheritedIntoClassType:0:64	WRONG	signature-differs
conformance/instancePropertiesInheritedIntoClassType:0:67	WRONG	different-name
conformance/instancePropertiesInheritedIntoClassType:0:71	WRONG	different-name
conformance/instancePropertiesInheritedIntoClassType:0:75	WRONG	different-name
conformance/instanceofOperatorWithRHSHasSymbolHasInstance:0:389	GAP	gap:array-literal
conformance/instantiateTemplateTagTypeParameterOnVariableStatement:0:3	GAP	js:gap:function-expression
conformance/instantiationExpressionErrors:0:10	WRONG	any:variable-initialiser-error
conformance/instantiationExpressionErrors:0:11	WRONG	any:property-lookup-error
conformance/instantiationExpressionErrors:0:116	WRONG	any:variable-initialiser-error
conformance/instantiationExpressionErrors:0:117	WRONG	any:type-reference-error
conformance/instantiationExpressionErrors:0:12	WRONG	any:type-reference-error
conformance/instantiationExpressionErrors:0:121	WRONG	any:variable-initialiser-error
conformance/instantiationExpressionErrors:0:122	WRONG	any:type-reference-error
conformance/instantiationExpressionErrors:0:126	WRONG	any:variable-initialiser-error
conformance/instantiationExpressionErrors:0:127	WRONG	any:type-reference-error
conformance/instantiationExpressionErrors:0:131	WRONG	any:variable-initialiser-error
conformance/instantiationExpressionErrors:0:132	WRONG	any:type-reference-error
conformance/instantiationExpressionErrors:0:137	WRONG	any:variable-initialiser-error
conformance/instantiationExpressionErrors:0:138	WRONG	any:type-reference-error
conformance/instantiationExpressionErrors:0:14	WRONG	any:property-lookup-error
conformance/instantiationExpressionErrors:0:141	WRONG	any:variable-initialiser-error
conformance/instantiationExpressionErrors:0:142	WRONG	any:type-reference-error
conformance/instantiationExpressionErrors:0:149	WRONG	any:variable-initialiser-error
conformance/instantiationExpressionErrors:0:15	WRONG	any:variable-initialiser-error
conformance/instantiationExpressionErrors:0:150	WRONG	any:type-reference-error
conformance/instantiationExpressionErrors:0:154	WRONG	any:variable-initialiser-error
conformance/instantiationExpressionErrors:0:155	WRONG	any:type-reference-error
conformance/instantiationExpressionErrors:0:159	WRONG	any:variable-initialiser-error
conformance/instantiationExpressionErrors:0:16	WRONG	any:type-reference-error
conformance/instantiationExpressionErrors:0:160	WRONG	any:type-reference-error
conformance/instantiationExpressionErrors:0:165	WRONG	any:variable-initialiser-error
conformance/instantiationExpressionErrors:0:166	WRONG	any:type-reference-error
conformance/instantiationExpressionErrors:0:17	WRONG	any:property-lookup-error
conformance/instantiationExpressionErrors:0:173	WRONG	any:variable-initialiser-error
conformance/instantiationExpressionErrors:0:174	WRONG	any:type-reference-error
conformance/instantiationExpressionErrors:0:179	WRONG	any:variable-initialiser-error
conformance/instantiationExpressionErrors:0:18	WRONG	any:type-reference-error
conformance/instantiationExpressionErrors:0:180	WRONG	any:type-reference-error
conformance/instantiationExpressionErrors:0:185	WRONG	any:variable-initialiser-error
conformance/instantiationExpressionErrors:0:186	WRONG	any:type-reference-error
conformance/instantiationExpressionErrors:0:191	WRONG	any:variable-initialiser-error
conformance/instantiationExpressionErrors:0:192	WRONG	any:type-reference-error
conformance/instantiationExpressionErrors:0:2	WRONG	any:variable-initialiser-error
conformance/instantiationExpressionErrors:0:20	WRONG	any:property-lookup-error
conformance/instantiationExpressionErrors:0:21	WRONG	any:variable-initialiser-error
conformance/instantiationExpressionErrors:0:22	WRONG	any:type-reference-error
conformance/instantiationExpressionErrors:0:3	WRONG	any:type-reference-error
conformance/instantiationExpressionErrors:0:33	WRONG	any:variable-initialiser-error
conformance/instantiationExpressionErrors:0:34	WRONG	any:property-lookup-error
conformance/instantiationExpressionErrors:0:35	WRONG	any:other
conformance/instantiationExpressionErrors:0:36	WRONG	any:type-reference-error
conformance/instantiationExpressionErrors:0:46	WRONG	any:variable-initialiser-error
conformance/instantiationExpressionErrors:0:47	WRONG	any:type-reference-error
conformance/instantiationExpressionErrors:0:48	WRONG	any:other
conformance/instantiationExpressionErrors:0:49	WRONG	any:type-reference-error
conformance/instantiationExpressionErrors:0:5	WRONG	any:variable-initialiser-error
conformance/instantiationExpressionErrors:0:57	WRONG	any:variable-initialiser-error
conformance/instantiationExpressionErrors:0:58	WRONG	any:call-error
conformance/instantiationExpressionErrors:0:59	WRONG	any:type-reference-error
conformance/instantiationExpressionErrors:0:6	WRONG	any:type-reference-error
conformance/instantiationExpressionErrors:0:61	WRONG	any:variable-initialiser-error
conformance/instantiationExpressionErrors:0:62	WRONG	any:call-error
conformance/instantiationExpressionErrors:0:63	WRONG	any:type-reference-error
conformance/instantiationExpressionErrors:0:67	WRONG	any:variable-initialiser-error
conformance/instantiationExpressionErrors:0:68	WRONG	any:binary-operand
conformance/instantiationExpressionErrors:0:69	WRONG	any:type-reference-error
conformance/instantiationExpressionErrors:0:75	WRONG	any:variable-initialiser-error
conformance/instantiationExpressionErrors:0:76	WRONG	any:binary-operand
conformance/instantiationExpressionErrors:0:77	WRONG	any:type-reference-error
conformance/instantiationExpressionErrors:0:83	WRONG	any:variable-initialiser-error
conformance/instantiationExpressionErrors:0:84	WRONG	any:binary-operand
conformance/instantiationExpressionErrors:0:85	WRONG	any:type-reference-error
conformance/interfaceExtendsObjectIntersectionErrors:0:23	WRONG	different-name
conformance/interfaceExtendsObjectIntersectionErrors:0:27	WRONG	alias-port-kept
conformance/intersectionIncludingPropFromGlobalAugmentation:0:5	WRONG	object-members-differ
conformance/intersectionNarrowing:0:26	WRONG	alias-native-kept
conformance/intersectionReduction:0:53	WRONG	alias-name-native-reassigned
conformance/intersectionReduction:0:54	WRONG	alias-name-native-reassigned
conformance/intersectionReduction:0:55	WRONG	any:type-reference-error
conformance/intersectionReduction:0:58	WRONG	union-members-differ
conformance/intersectionReduction:0:67	WRONG	alias-name-native-reassigned
conformance/intersectionReduction:0:72	WRONG	alias-name-native-reassigned
conformance/intersectionReductionStrict:0:53	WRONG	alias-name-native-reassigned
conformance/intersectionReductionStrict:0:54	WRONG	alias-name-native-reassigned
conformance/intersectionReductionStrict:0:55	WRONG	any:type-reference-error
conformance/intersectionReductionStrict:0:58	WRONG	union-members-differ
conformance/intersectionReductionStrict:0:67	WRONG	alias-name-native-reassigned
conformance/intersectionReductionStrict:0:72	WRONG	alias-name-native-reassigned
conformance/intersectionThisTypes:0:29	GAP	gap:call
conformance/intersectionThisTypes:0:31	GAP	gap:call
conformance/intersectionThisTypes:0:32	GAP	gap:property-access
conformance/intersectionThisTypes:0:34	WRONG	any:property-lookup-error
conformance/intersectionThisTypes:0:35	GAP	gap:call
conformance/intersectionThisTypes:0:37	GAP	gap:call
conformance/intersectionThisTypes:0:38	GAP	gap:call
conformance/intersectionThisTypes:0:39	WRONG	any:call-error
conformance/intersectionThisTypes:0:40	GAP	gap:call
conformance/intersectionThisTypes:0:41	WRONG	any:call-error
conformance/intersectionThisTypes:0:42	GAP	gap:property-access
conformance/intersectionThisTypes:0:44	WRONG	any:property-lookup-error
conformance/intersectionThisTypes:0:45	WRONG	any:property-lookup-error
conformance/intersectionThisTypes:0:46	WRONG	any:property-lookup-error
conformance/intersectionTypeInference2:0:13	WRONG	never-where-native-typed
conformance/intersectionTypeInference2:0:20	GAP	gap:call
conformance/intersectionTypeInference2:0:24	GAP	gap:call
conformance/intersectionTypeInference2:0:6	WRONG	never-where-native-typed
conformance/intersectionTypeInference3:0:10	WRONG	object-members-differ
conformance/intersectionTypeInference3:0:11	WRONG	alias-name-native-reassigned
conformance/intersectionTypeInference3:0:15	WRONG	type-argument-differs
conformance/intersectionTypeInference3:0:16	WRONG	object-members-differ
conformance/intersectionTypeInference3:0:17	WRONG	alias-name-native-reassigned
conformance/intersectionTypeInference3:0:21	WRONG	type-argument-differs
conformance/intersectionTypeInference3:0:23	WRONG	other
conformance/intersectionTypeInference3:0:24	WRONG	alias-name-native-reassigned
conformance/intersectionTypeInference3:0:5	WRONG	alias-name-native-reassigned
conformance/intersectionTypeInference3:0:6	WRONG	type-argument-differs
conformance/intersectionTypeInference3:0:7	WRONG	type-argument-differs
conformance/intersectionTypeInference3:0:8	WRONG	alias-name-native-reassigned
conformance/intersectionTypeInference3:0:9	WRONG	alias-name-native-reassigned
conformance/intersectionWithIndexSignatures:0:35	WRONG	alias-name-native-reassigned
conformance/intersectionWithIndexSignatures:0:38	WRONG	alias-name-native-reassigned
conformance/intersectionWithIndexSignatures:0:39	WRONG	any:call-error
conformance/intersectionWithIndexSignatures:0:40	WRONG	any:property-lookup-error
conformance/intersectionWithIndexSignatures:0:41	WRONG	any:property-lookup-error
conformance/intersectionWithIndexSignatures:0:42	WRONG	any:property-lookup-error
conformance/intersectionWithIndexSignatures:0:43	WRONG	alias-name-native-reassigned
conformance/intersectionWithIndexSignatures:0:45	WRONG	any:property-lookup-error
conformance/intersectionWithIndexSignatures:0:46	WRONG	any:property-lookup-error
conformance/intersectionWithIndexSignatures:0:49	WRONG	any:property-lookup-error
conformance/intersectionWithIndexSignatures:0:50	WRONG	alias-name-native-reassigned
conformance/intersectionWithIndexSignatures:0:57	WRONG	alias-name-native-reassigned
conformance/intersectionWithUnionConstraint:0:29	WRONG	any:type-reference-error
conformance/intersectionsAndEmptyObjects:0:100	WRONG	other
conformance/intersectionsAndEmptyObjects:0:102	WRONG	type-argument-differs
conformance/intersectionsAndEmptyObjects:0:87	WRONG	alias-port-kept
conformance/intersectionsAndEmptyObjects:0:88	WRONG	alias-port-kept
conformance/intersectionsAndEmptyObjects:0:91	WRONG	alias-port-kept
conformance/intersectionsAndEmptyObjects:0:92	WRONG	alias-port-kept
conformance/intlNumberFormatES2020:0:1	WRONG	qualified-name-choice
conformance/intlNumberFormatES2020:0:2	WRONG	qualified-name-choice
conformance/intlNumberFormatES2020:0:81	WRONG	qualified-name-choice
conformance/intlNumberFormatES2023:0:186	WRONG	qualified-name-choice
conformance/intlNumberFormatES2023:0:193	WRONG	qualified-name-choice
conformance/intlNumberFormatES2023:0:197	WRONG	qualified-name-choice
conformance/intlNumberFormatES2023:0:199	WRONG	qualified-name-choice
conformance/intlNumberFormatES2023:0:31	WRONG	qualified-name-choice
conformance/intlNumberFormatES2023:0:4	WRONG	union-members-differ
conformance/intraExpressionInferences:0:120	WRONG	literal-widened
conformance/intraExpressionInferences:0:121	WRONG	literal-widened
conformance/intraExpressionInferences:0:122	WRONG	literal-widened
conformance/intraExpressionInferences:0:124	WRONG	literal-widened
conformance/intraExpressionInferences:0:125	WRONG	literal-widened
conformance/intraExpressionInferences:0:128	WRONG	literal-widened
conformance/intraExpressionInferences:0:129	WRONG	literal-widened
conformance/intraExpressionInferences:0:130	WRONG	literal-widened
conformance/intraExpressionInferences:0:132	WRONG	literal-widened
conformance/intraExpressionInferences:0:133	WRONG	literal-widened
conformance/intraExpressionInferences:0:136	WRONG	literal-widened
conformance/intraExpressionInferences:0:137	WRONG	literal-widened
conformance/intraExpressionInferences:0:139	WRONG	literal-widened
conformance/intraExpressionInferences:0:140	WRONG	literal-widened
conformance/intraExpressionInferences:0:181	WRONG	partial-any
conformance/intraExpressionInferences:0:193	WRONG	object-members-differ
conformance/intraExpressionInferences:0:212	WRONG	signature-differs
conformance/intraExpressionInferences:0:214	WRONG	any:literal-expression-error
conformance/intraExpressionInferences:0:388	WRONG	unknown-where-native-typed
conformance/intraExpressionInferences:0:389	WRONG	unknown-where-native-typed
conformance/intraExpressionInferences:0:394	WRONG	unknown-where-native-typed
conformance/intraExpressionInferences:0:395	WRONG	unknown-where-native-typed
conformance/intraExpressionInferences:0:396	WRONG	unknown-where-native-typed
conformance/intraExpressionInferences:0:397	WRONG	any:call-error
conformance/intraExpressionInferences:0:398	WRONG	any:property-lookup-error
conformance/intraExpressionInferences:0:399	WRONG	unknown-where-native-typed
conformance/intraExpressionInferences:0:400	WRONG	any:property-lookup-error
conformance/intraExpressionInferencesJsx:0:117	GAP	gap:object-literal
conformance/intraExpressionInferencesJsx:0:122	GAP	gap:identifier
conformance/intraExpressionInferencesJsx:0:123	GAP	gap:function-expression
conformance/intraExpressionInferencesJsx:0:124	WRONG	any:contextual-parameter
conformance/intraExpressionInferencesJsx:0:125	WRONG	any:call-error
conformance/intraExpressionInferencesJsx:0:126	WRONG	any:contextual-parameter
conformance/intraExpressionInferencesJsx:0:127	WRONG	any:contextual-parameter
conformance/intraExpressionInferencesJsx:0:128	WRONG	any:contextual-parameter
conformance/intraExpressionInferencesJsx:0:20	WRONG	binding-pattern-print
conformance/intraExpressionInferencesJsx:0:21	WRONG	binding-pattern-print
conformance/intraExpressionInferencesJsx:0:26	WRONG	binding-pattern-print
conformance/intraExpressionInferencesJsx:0:42	WRONG	binding-pattern-print
conformance/intraExpressionInferencesJsx:0:62	WRONG	binding-pattern-print
conformance/intrinsicKeyword:0:4	WRONG	alias-name-native-reassigned
conformance/intrinsicKeyword:0:6	WRONG	alias-name-native-reassigned
conformance/intrinsicTypes:0:24	WRONG	alias-port-kept
conformance/intrinsicTypes:0:25	WRONG	alias-port-kept
conformance/intrinsicTypes:0:26	WRONG	alias-port-kept
conformance/intrinsicTypes:0:27	WRONG	alias-port-kept
conformance/intrinsicTypes:0:29	WRONG	alias-name-native-reassigned
conformance/invalidNewTarget.es5(target=es2015):0:46	WRONG	any:configured:identifier
conformance/invalidNewTarget.es5(target=es2015):0:47	WRONG	any:configured:object-literal
conformance/invalidNewTarget.es6:0:46	WRONG	any:variable-initialiser-error
conformance/invalidNewTarget.es6:0:47	WRONG	any:literal-expression-error
conformance/isomorphicMappedTypeInference:0:20	GAP	gap:call
conformance/isomorphicMappedTypeInference:0:21	GAP	gap:property-access
conformance/isomorphicMappedTypeInference:0:213	WRONG	undefined-optionality
conformance/isomorphicMappedTypeInference:0:217	WRONG	undefined-optionality
conformance/isomorphicMappedTypeInference:0:24	GAP	gap:call
conformance/isomorphicMappedTypeInference:0:26	GAP	gap:property-access
conformance/isomorphicMappedTypeInference:0:318	WRONG	unknown-where-native-typed
conformance/isomorphicMappedTypeInference:0:319	WRONG	unknown-where-native-typed
conformance/isomorphicMappedTypeInference:0:338	WRONG	unknown-where-native-typed
conformance/isomorphicMappedTypeInference:0:339	WRONG	unknown-where-native-typed
conformance/isomorphicMappedTypeInference:0:37	GAP	gap:call
conformance/isomorphicMappedTypeInference:0:38	GAP	gap:property-access
conformance/isomorphicMappedTypeInference:0:41	GAP	gap:call
conformance/isomorphicMappedTypeInference:0:43	GAP	gap:property-access
conformance/isomorphicMappedTypeInference:0:52	GAP	gap:property-access
conformance/isomorphicMappedTypeInference:0:53	GAP	gap:property-access
conformance/isomorphicMappedTypeInference:0:54	WRONG	any:property-lookup-error
conformance/isomorphicMappedTypeInference:0:57	WRONG	any:property-lookup-error
conformance/isomorphicMappedTypeInference:0:58	GAP	gap:property-access
conformance/iterableArrayPattern14:0:18	WRONG	binding-pattern-parameter-type
conformance/iterableArrayPattern14:0:22	WRONG	binding-pattern-parameter-type
conformance/iterableArrayPattern25:0:0	WRONG	binding-pattern-parameter-type
conformance/iterableArrayPattern25:0:6	WRONG	binding-pattern-parameter-type
conformance/iterableArrayPattern29:0:10	WRONG	literal-widened
conformance/iterableArrayPattern29:0:11	WRONG	literal-widened
conformance/iterableArrayPattern29:0:14	WRONG	literal-widened
conformance/iterableArrayPattern30:0:10	WRONG	literal-widened
conformance/iterableArrayPattern30:0:6	WRONG	literal-widened
conformance/iterableArrayPattern30:0:7	WRONG	literal-widened
conformance/iteratorSpreadInCall10:0:18	WRONG	any:call-error
conformance/jsDeclarationsClasses(target=es2015):0:11	WRONG	js:any:configured:identifier
conformance/jsDeclarationsClasses(target=es2015):0:12	WRONG	js:any:configured:identifier
conformance/jsDeclarationsClasses(target=es2015):0:25	WRONG	js:any:configured:identifier
conformance/jsDeclarationsClasses(target=es2015):0:26	WRONG	js:any:configured:identifier
conformance/jsDeclarationsClasses(target=es2015):0:38	WRONG	js:any:configured:identifier
conformance/jsDeclarationsClasses(target=es2015):0:41	WRONG	js:partial-any
conformance/jsDeclarationsClasses(target=es2015):0:44	WRONG	js:partial-any
conformance/jsDeclarationsComputedNames(target=es2015):0:10	GAP	js:gap:object-literal
conformance/jsDeclarationsComputedNames(target=es2015):0:16	GAP	js:gap:identifier
conformance/jsDeclarationsComputedNames(target=es2015):0:17	GAP	js:gap:object-literal
conformance/jsDeclarationsComputedNames(target=es2015):0:18	GAP	js:gap:array-literal
conformance/jsDeclarationsComputedNames(target=es2015):0:20	GAP	js:gap:function-expression
conformance/jsDeclarationsComputedNames(target=es2015):0:6	GAP	js:gap:other-expression
conformance/jsDeclarationsComputedNames(target=es2015):0:7	GAP	js:gap:property-access
conformance/jsDeclarationsComputedNames(target=es2015):0:8	WRONG	js:signature-differs
conformance/jsDeclarationsComputedNames(target=es2015):0:9	WRONG	js:any:configured:identifier
conformance/jsDeclarationsComputedNames(target=es2015):1:13	GAP	js:gap:identifier
conformance/jsDeclarationsDefault(target=es2015):1:0	WRONG	js:signature-differs
conformance/jsDeclarationsDefault(target=es2015):1:1	WRONG	js:signature-differs
conformance/jsDeclarationsDefault(target=es2015):1:2	WRONG	js:signature-differs
conformance/jsDeclarationsDefault(target=es2015):1:3	WRONG	js:signature-differs
conformance/jsDeclarationsDefault(target=es2015):1:4	WRONG	js:signature-differs
conformance/jsDeclarationsDefault(target=es2015):1:5	WRONG	js:signature-differs
conformance/jsDeclarationsDefault(target=es2015):2:3	WRONG	js:any:configured:identifier
conformance/jsDeclarationsDefault(target=es2015):2:4	WRONG	js:any:configured:identifier
conformance/jsDeclarationsDefault(target=es2015):2:5	WRONG	js:any:configured:identifier
conformance/jsDeclarationsDefault(target=es2015):2:6	WRONG	js:any:configured:identifier
conformance/jsDeclarationsDefault(target=es2015):3:2	WRONG	js:different-name
conformance/jsDeclarationsExportAssignedClassExpressionAnonymous(target=es2015):0:0	WRONG	js:import-specifier-differs
conformance/jsDeclarationsExportAssignedClassExpressionAnonymous(target=es2015):0:1	WRONG	js:import-specifier-differs
conformance/jsDeclarationsExportAssignedClassExpressionAnonymous(target=es2015):0:2	WRONG	js:import-specifier-differs
conformance/jsDeclarationsExportAssignedClassExpressionAnonymous(target=es2015):0:3	WRONG	js:import-specifier-differs
conformance/jsDeclarationsExportAssignedClassExpressionAnonymous(target=es2015):0:4	WRONG	js:import-specifier-differs
conformance/jsDeclarationsExportSpecifierNonlocal(target=es2015):1:0	WRONG	js:import-qualifier-missing
conformance/jsDeclarationsExportSpecifierNonlocal(target=es2015):1:1	WRONG	js:import-qualifier-missing
conformance/jsDeclarationsExportSpecifierNonlocal(target=es2015):1:2	WRONG	js:import-qualifier-missing
conformance/jsDeclarationsFunctionJSDoc(target=es2015):0:10	WRONG	js:any:configured:identifier
conformance/jsDeclarationsFunctionJSDoc(target=es2015):0:5	WRONG	js:any:configured:identifier
conformance/jsDeclarationsFunctionJSDoc(target=es2015):0:6	WRONG	js:any:configured:other-expression
conformance/jsDeclarationsImportNamespacedType:0:1	WRONG	js:any:unannotated-declaration
conformance/jsDeclarationsNonIdentifierInferredNames:0:3	GAP	js:gap:identifier
conformance/jsDeclarationsNonIdentifierInferredNames:0:4	GAP	js:gap:function-expression
conformance/jsDeclarationsParameterTagReusesInputNodeInEmit2:1:0	WRONG	js:partial-any
conformance/jsDeclarationsParameterTagReusesInputNodeInEmit2:1:1	WRONG	js:partial-any
conformance/jsDeclarationsParameterTagReusesInputNodeInEmit2:1:2	WRONG	js:any:contextual-parameter
conformance/jsDeclarationsParameterTagReusesInputNodeInEmit2:1:3	WRONG	js:any:contextual-parameter
conformance/jsDeclarationsReexportAliases(target=es2015):1:2	WRONG	js:different-name
conformance/jsDeclarationsReexportAliases(target=es2015):1:3	WRONG	js:different-name
conformance/jsDeclarationsTypeReassignmentFromDeclaration:1:0	WRONG	js:partial-any
conformance/jsDeclarationsTypeReassignmentFromDeclaration:1:2	WRONG	js:partial-any
conformance/jsDeclarationsTypeReassignmentFromDeclaration:1:3	WRONG	js:partial-any
conformance/jsDeclarationsTypeReassignmentFromDeclaration:1:4	WRONG	js:partial-any
conformance/jsDeclarationsTypeReassignmentFromDeclaration:1:5	WRONG	js:partial-any
conformance/jsDeclarationsTypeReassignmentFromDeclaration:1:6	WRONG	js:partial-any
conformance/jsDeclarationsTypedefFunction:0:10	WRONG	js:tuple-vs-array
conformance/jsDeclarationsTypedefFunction:0:15	WRONG	js:tuple-vs-array
conformance/jsDeclarationsUniqueSymbolUsage:1:0	WRONG	js:partial-any
conformance/jsDeclarationsUniqueSymbolUsage:1:1	WRONG	js:any:uncontextual-parameter
conformance/jsDeclarationsUniqueSymbolUsage:1:2	WRONG	js:any:uncontextual-parameter
conformance/jsdocCatchClauseWithTypeAnnotation:0:18	WRONG	js:any:unannotated-declaration
conformance/jsdocCatchClauseWithTypeAnnotation:0:23	WRONG	js:any:unannotated-declaration
conformance/jsdocCatchClauseWithTypeAnnotation:0:24	WRONG	js:any:unannotated-declaration
conformance/jsdocCatchClauseWithTypeAnnotation:0:29	WRONG	js:any:unannotated-declaration
conformance/jsdocCatchClauseWithTypeAnnotation:0:30	WRONG	js:any:unannotated-declaration
conformance/jsdocCatchClauseWithTypeAnnotation:0:32	WRONG	js:any:unannotated-declaration
conformance/jsdocCatchClauseWithTypeAnnotation:0:34	WRONG	js:any:unannotated-declaration
conformance/jsdocCatchClauseWithTypeAnnotation:0:36	WRONG	js:any:unannotated-declaration
conformance/jsdocCatchClauseWithTypeAnnotation:0:4	WRONG	js:any:unannotated-declaration
conformance/jsdocCatchClauseWithTypeAnnotation:0:5	WRONG	js:any:unannotated-declaration
conformance/jsdocImportType:0:0	WRONG	js:any:unannotated-declaration
conformance/jsdocImportType:0:1	WRONG	js:any:any-receiver-propagated
conformance/jsdocImportType:0:10	WRONG	js:different-name
conformance/jsdocImportType:0:11	WRONG	js:any:any-receiver-propagated
conformance/jsdocImportType:0:2	WRONG	js:different-name
conformance/jsdocImportType:0:3	WRONG	js:any:any-receiver-propagated
conformance/jsdocImportType:0:5	WRONG	js:any:call-error
conformance/jsdocImportType:0:9	WRONG	js:any:any-receiver-propagated
conformance/jsdocParseBackquotedParamName:0:0	WRONG	js:signature-differs
conformance/jsdocPostfixEqualsAddsOptionality:0:20	WRONG	js:signature-differs
conformance/jsdocPostfixEqualsAddsOptionality:0:31	WRONG	js:signature-differs
conformance/jsdocPostfixEqualsAddsOptionality:0:33	WRONG	js:signature-differs
conformance/jsdocPostfixEqualsAddsOptionality:0:35	WRONG	js:signature-differs
conformance/jsdocPostfixEqualsAddsOptionality:0:38	WRONG	js:signature-differs
conformance/jsdocPrivateName1:0:1	WRONG	js:different-name
conformance/jsdocSignatureOnReturnedFunction:0:0	WRONG	js:partial-any
conformance/jsdocSignatureOnReturnedFunction:0:1	WRONG	js:partial-any
conformance/jsdocSignatureOnReturnedFunction:0:10	WRONG	js:any:contextual-parameter
conformance/jsdocSignatureOnReturnedFunction:0:11	WRONG	js:any:binary-operand
conformance/jsdocSignatureOnReturnedFunction:0:12	WRONG	js:any:contextual-parameter
conformance/jsdocSignatureOnReturnedFunction:0:13	WRONG	js:any:contextual-parameter
conformance/jsdocSignatureOnReturnedFunction:0:14	WRONG	js:partial-any
conformance/jsdocSignatureOnReturnedFunction:0:15	WRONG	js:partial-any
conformance/jsdocSignatureOnReturnedFunction:0:16	WRONG	js:any:contextual-parameter
conformance/jsdocSignatureOnReturnedFunction:0:17	WRONG	js:any:contextual-parameter
conformance/jsdocSignatureOnReturnedFunction:0:18	WRONG	js:any:binary-operand
conformance/jsdocSignatureOnReturnedFunction:0:19	WRONG	js:any:contextual-parameter
conformance/jsdocSignatureOnReturnedFunction:0:2	WRONG	js:any:contextual-parameter
conformance/jsdocSignatureOnReturnedFunction:0:20	WRONG	js:any:contextual-parameter
conformance/jsdocSignatureOnReturnedFunction:0:21	WRONG	js:partial-any
conformance/jsdocSignatureOnReturnedFunction:0:22	WRONG	js:partial-any
conformance/jsdocSignatureOnReturnedFunction:0:23	WRONG	js:any:contextual-parameter
conformance/jsdocSignatureOnReturnedFunction:0:24	WRONG	js:any:contextual-parameter
conformance/jsdocSignatureOnReturnedFunction:0:25	WRONG	js:any:binary-operand
conformance/jsdocSignatureOnReturnedFunction:0:26	WRONG	js:any:contextual-parameter
conformance/jsdocSignatureOnReturnedFunction:0:27	WRONG	js:any:contextual-parameter
conformance/jsdocSignatureOnReturnedFunction:0:3	WRONG	js:any:contextual-parameter
conformance/jsdocSignatureOnReturnedFunction:0:4	WRONG	js:any:binary-operand
conformance/jsdocSignatureOnReturnedFunction:0:5	WRONG	js:any:contextual-parameter
conformance/jsdocSignatureOnReturnedFunction:0:6	WRONG	js:any:contextual-parameter
conformance/jsdocSignatureOnReturnedFunction:0:7	WRONG	js:partial-any
conformance/jsdocSignatureOnReturnedFunction:0:8	WRONG	js:partial-any
conformance/jsdocSignatureOnReturnedFunction:0:9	WRONG	js:any:contextual-parameter
conformance/jsdocTemplateTag3:0:0	WRONG	js:type-param-constraint
conformance/jsdocTemplateTag3:0:11	WRONG	js:any:uncontextual-parameter
conformance/jsdocTemplateTag3:0:12	WRONG	js:any:uncontextual-parameter
conformance/jsdocTemplateTag3:0:13	WRONG	js:any:uncontextual-parameter
conformance/jsdocTemplateTag3:0:15	WRONG	js:any:uncontextual-parameter
conformance/jsdocTemplateTag3:0:16	WRONG	js:any:uncontextual-parameter
conformance/jsdocTemplateTag3:0:26	WRONG	js:any:uncontextual-parameter
conformance/jsdocTemplateTag3:0:28	WRONG	js:any:uncontextual-parameter
conformance/jsdocTemplateTag3:0:32	WRONG	js:type-param-constraint
conformance/jsdocTemplateTag3:0:40	WRONG	js:literal-widened
conformance/jsdocTemplateTag3:0:41	WRONG	js:literal-widened
conformance/jsdocTemplateTag3:0:50	WRONG	js:type-param-constraint
conformance/jsdocTemplateTag3:0:6	WRONG	js:any:binary-operand
conformance/jsdocTemplateTag3:0:8	WRONG	js:any:binary-operand
conformance/jsdocTemplateTag3:0:9	WRONG	js:any:uncontextual-parameter
conformance/jsdocTemplateTag6:0:108	WRONG	js:union-missing-members
conformance/jsdocTemplateTag6:0:109	WRONG	js:union-missing-members
conformance/jsdocTemplateTag6:0:120	WRONG	js:union-missing-members
conformance/jsdocTemplateTag6:0:121	WRONG	js:union-missing-members
conformance/jsdocTemplateTag6:0:167	WRONG	js:type-param-constraint
conformance/jsdocTemplateTag6:0:172	WRONG	js:type-param-constraint
conformance/jsdocTemplateTag6:0:79	WRONG	js:union-missing-members
conformance/jsdocTemplateTag6:0:80	WRONG	js:union-missing-members
conformance/jsdocTemplateTag6:0:89	WRONG	js:union-missing-members
conformance/jsdocTemplateTag6:0:90	WRONG	js:union-missing-members
conformance/jsdocTemplateTag7:0:1	WRONG	js:any:function-declaration-error
conformance/jsdocTemplateTag8:0:47	WRONG	js:any:function-declaration-error
conformance/jsdocTemplateTagDefault:0:1	WRONG	js:tuple-vs-array
conformance/jsdocTemplateTagDefault:0:10	WRONG	js:tuple-vs-array
conformance/jsdocTemplateTagDefault:0:15	WRONG	js:signature-differs
conformance/jsdocTemplateTagDefault:0:4	WRONG	js:tuple-vs-array
conformance/jsdocTemplateTagDefault:0:7	WRONG	js:tuple-vs-array
conformance/jsdocTemplateTagNameResolution:0:4	WRONG	js:alias-name-native-reassigned
conformance/jsdocTypeDefAtStartOfFile:1:1	WRONG	js:different-name
conformance/keyofAndForIn:0:36	GAP	gap:identifier
conformance/keyofAndForIn:0:37	GAP	gap:property-access
conformance/keyofAndIndexedAccessErrors:0:10	WRONG	any:type-reference-error
conformance/keyofAndIndexedAccessErrors:0:11	WRONG	any:type-reference-error
conformance/keyofAndIndexedAccessErrors:0:12	WRONG	any:type-reference-error
conformance/keyofAndIndexedAccessErrors:0:13	WRONG	any:type-reference-error
conformance/keyofAndIndexedAccessErrors:0:181	WRONG	any:property-lookup-error
conformance/keyofAndIndexedAccessErrors:0:185	WRONG	any:binary-operand
conformance/keyofAndIndexedAccessErrors:0:187	WRONG	any:property-lookup-error
conformance/keyofAndIndexedAccessErrors:0:7	WRONG	any:type-reference-error
conformance/keyofAndIndexedAccessErrors:0:9	WRONG	any:type-reference-error
conformance/keyofInferenceLowerPriorityThanReturn:0:30	WRONG	literal-widened
conformance/keyofIntersection:0:10	WRONG	alias-native-kept
conformance/keyofIntersection:0:12	WRONG	alias-native-kept
conformance/keyofIntersection:0:19	WRONG	alias-native-kept
conformance/keyofIntersection:0:8	WRONG	alias-native-kept
conformance/keyofIntersection:0:9	WRONG	alias-native-kept
conformance/leaveOptionalParameterAsWritten:1:6	WRONG	qualified-name-choice
conformance/leaveOptionalParameterAsWritten:2:0	WRONG	import-qualifier-missing
conformance/leaveOptionalParameterAsWritten:2:5	GAP	gap:identifier
conformance/legacyNodeModulesExportsSpecifierGenerationConditions:0:4	WRONG	import-qualifier-missing
conformance/legacyNodeModulesExportsSpecifierGenerationConditions:0:5	WRONG	import-qualifier-missing
conformance/legacyNodeModulesExportsSpecifierGenerationConditions:0:6	WRONG	import-qualifier-missing
conformance/literalTypeWidening:0:144	WRONG	literal-widened
conformance/literalTypeWidening:0:161	WRONG	signature-differs
conformance/literalTypeWidening:0:163	WRONG	signature-differs
conformance/literalTypeWidening:0:199	GAP	gap:function-expression
conformance/literalTypeWidening:0:249	GAP	gap:object-literal
conformance/literalTypes2:0:183	GAP	gap:identifier
conformance/literalTypes2:0:299	WRONG	alias-port-kept
conformance/literalTypes2:0:301	WRONG	alias-port-kept
conformance/literalTypes2:0:303	WRONG	literal-widened
conformance/literalTypes2:0:304	WRONG	literal-widened
conformance/literalTypes2:0:306	WRONG	literal-widened
conformance/literalTypes2:0:308	WRONG	literal-widened
conformance/literalTypes2:0:316	WRONG	literal-widened
conformance/literalTypes2:0:317	WRONG	literal-widened
conformance/literalTypes2:0:472	WRONG	alias-native-kept
conformance/literalTypes2:0:474	WRONG	alias-native-kept
conformance/literalTypesAndTypeAssertions:0:20	WRONG	alias-port-kept
conformance/literalTypesAndTypeAssertions:0:23	WRONG	literal-widened
conformance/literalTypesAndTypeAssertions:0:24	WRONG	literal-widened
conformance/logicalAssignment5(target=es2015):0:33	WRONG	any:configured:call
conformance/logicalAssignment5(target=es2015):0:87	WRONG	any:configured:call
conformance/logicalAssignment5(target=es2020):0:33	WRONG	any:configured:call
conformance/logicalAssignment5(target=es2020):0:87	WRONG	any:configured:call
conformance/logicalAssignment5(target=es2021):0:33	WRONG	any:configured:call
conformance/logicalAssignment5(target=es2021):0:87	WRONG	any:configured:call
conformance/logicalAssignment5(target=esnext):0:33	WRONG	any:configured:call
conformance/logicalAssignment5(target=esnext):0:87	WRONG	any:configured:call
conformance/logicalOrOperatorWithEveryType:0:232	WRONG	union-order
conformance/logicalOrOperatorWithEveryType:0:233	WRONG	union-order
conformance/logicalOrOperatorWithEveryType:0:236	WRONG	union-order
conformance/logicalOrOperatorWithEveryType:0:237	WRONG	union-order
conformance/logicalOrOperatorWithTypeParameters:0:11	WRONG	any:variable-initialiser-error
conformance/logicalOrOperatorWithTypeParameters:0:12	WRONG	any:binary-operand
conformance/logicalOrOperatorWithTypeParameters:0:16	WRONG	any:binary-operand
conformance/logicalOrOperatorWithTypeParameters:0:23	WRONG	any:variable-initialiser-error
conformance/logicalOrOperatorWithTypeParameters:0:24	WRONG	any:binary-operand
conformance/logicalOrOperatorWithTypeParameters:0:35	WRONG	any:variable-initialiser-error
conformance/logicalOrOperatorWithTypeParameters:0:36	WRONG	any:binary-operand
conformance/logicalOrOperatorWithTypeParameters:0:40	WRONG	any:binary-operand
conformance/looseThisTypeInFunctions:0:50	WRONG	this-type
conformance/mappedTypeAsClauseRecursiveNoCrash1:0:13	WRONG	union-missing-members
conformance/mappedTypeAsClauseRecursiveNoCrash1:0:15	WRONG	union-missing-members
conformance/mappedTypeAsClauses:0:1	WRONG	alias-name-native-reassigned
conformance/mappedTypeAsClauses:0:10	WRONG	alias-name-native-reassigned
conformance/mappedTypeAsClauses:0:100	WRONG	mapped-type-resolved-where-native-deferred
conformance/mappedTypeAsClauses:0:103	WRONG	parenthesization
conformance/mappedTypeAsClauses:0:106	WRONG	literal-mixed
conformance/mappedTypeAsClauses:0:107	WRONG	mapped-type-resolved-where-native-deferred
conformance/mappedTypeAsClauses:0:108	WRONG	mapped-type-resolved-where-native-deferred
conformance/mappedTypeAsClauses:0:121	WRONG	literal-mixed
conformance/mappedTypeAsClauses:0:17	WRONG	alias-name-native-reassigned
conformance/mappedTypeAsClauses:0:18	WRONG	alias-name-native-reassigned
conformance/mappedTypeAsClauses:0:26	WRONG	alias-name-native-reassigned
conformance/mappedTypeAsClauses:0:72	WRONG	mapped-type-resolved-where-native-deferred
conformance/mappedTypeAsClauses:0:81	WRONG	conditional-type-unresolved
conformance/mappedTypeAsClauses:0:82	WRONG	any:type-reference-error
conformance/mappedTypeAsClauses:0:83	WRONG	any:type-reference-error
conformance/mappedTypeAsClauses:0:97	WRONG	other
conformance/mappedTypeAsClauses:0:98	WRONG	mapped-type-resolved-where-native-deferred
conformance/mappedTypeAsClauses:0:99	WRONG	literal-mixed
conformance/mappedTypeConstraints2:0:109	WRONG	any:property-lookup-error
conformance/mappedTypeConstraints2:0:17	WRONG	any:property-lookup-error
conformance/mappedTypeConstraints2:0:27	WRONG	any:property-lookup-error
conformance/mappedTypeConstraints2:0:67	WRONG	any:property-lookup-error
conformance/mappedTypeConstraints2:0:77	WRONG	any:binding-element
conformance/mappedTypeConstraints2:0:79	WRONG	any:call-error
conformance/mappedTypeConstraints2:0:88	WRONG	any:binding-element
conformance/mappedTypeConstraints2:0:90	WRONG	any:binding-element
conformance/mappedTypeConstraints2:0:91	WRONG	any:binding-element
conformance/mappedTypeConstraints2:0:92	WRONG	alias-port-kept
conformance/mappedTypeConstraints2:0:95	WRONG	any:binding-element
conformance/mappedTypeConstraints2:0:98	WRONG	any:binding-element
conformance/mappedTypeConstraints:0:11	GAP	gap:property-access
conformance/mappedTypeConstraints:0:13	WRONG	any:property-lookup-error
conformance/mappedTypeConstraints:0:20	GAP	gap:property-access
conformance/mappedTypeConstraints:0:22	WRONG	any:property-lookup-error
conformance/mappedTypeConstraints:0:29	GAP	gap:property-access
conformance/mappedTypeConstraints:0:31	WRONG	any:property-lookup-error
conformance/mappedTypeConstraints:0:32	GAP	gap:property-access
conformance/mappedTypeConstraints:0:34	WRONG	any:property-lookup-error
conformance/mappedTypeConstraints:0:35	GAP	gap:property-access
conformance/mappedTypeConstraints:0:37	WRONG	any:property-lookup-error
conformance/mappedTypeConstraints:0:4	GAP	gap:property-access
conformance/mappedTypeConstraints:0:42	GAP	gap:property-access
conformance/mappedTypeConstraints:0:44	WRONG	any:property-lookup-error
conformance/mappedTypeConstraints:0:45	GAP	gap:property-access
conformance/mappedTypeConstraints:0:47	WRONG	any:property-lookup-error
conformance/mappedTypeConstraints:0:6	WRONG	any:property-lookup-error
conformance/mappedTypeIndexSignatureModifiers:0:1	WRONG	alias-name-native-reassigned
conformance/mappedTypeIndexSignatureModifiers:0:10	WRONG	alias-name-native-reassigned
conformance/mappedTypeIndexSignatureModifiers:0:13	WRONG	alias-name-native-reassigned
conformance/mappedTypeIndexSignatureModifiers:0:25	WRONG	alias-name-native-reassigned
conformance/mappedTypeIndexSignatureModifiers:0:28	WRONG	alias-name-native-reassigned
conformance/mappedTypeIndexSignatureModifiers:0:31	WRONG	alias-name-native-reassigned
conformance/mappedTypeIndexSignatureModifiers:0:34	WRONG	alias-name-native-reassigned
conformance/mappedTypeIndexSignatureModifiers:0:4	WRONG	alias-name-native-reassigned
conformance/mappedTypeIndexSignatureModifiers:0:7	WRONG	alias-name-native-reassigned
conformance/mappedTypeInferenceErrors:0:17	WRONG	typed-where-native-unknown
conformance/mappedTypeInferenceErrors:0:18	WRONG	typed-where-native-unknown
conformance/mappedTypeInferenceErrors:0:19	WRONG	object-members-differ
conformance/mappedTypeInferenceErrors:0:20	WRONG	typed-where-native-unknown
conformance/mappedTypeModifiers:0:100	WRONG	undefined-optionality
conformance/mappedTypeModifiers:0:130	WRONG	mapped-type-unresolved
conformance/mappedTypeModifiers:0:132	WRONG	mapped-type-unresolved
conformance/mappedTypeModifiers:0:137	WRONG	mapped-type-unresolved
conformance/mappedTypeOverlappingStringEnumKeys:0:19	WRONG	object-members-differ
conformance/mappedTypeOverlappingStringEnumKeys:0:20	WRONG	signature-differs
conformance/mappedTypeOverlappingStringEnumKeys:0:21	WRONG	signature-differs
conformance/mappedTypeOverlappingStringEnumKeys:0:22	WRONG	object-members-differ
conformance/mappedTypeOverlappingStringEnumKeys:0:23	WRONG	enum-member-vs-enum
conformance/mappedTypeProperties:0:8	WRONG	any:other
conformance/mappedTypeRelationships:0:426	WRONG	alias-name-native-reassigned
conformance/mappedTypeRelationships:0:427	WRONG	alias-name-native-reassigned
conformance/mappedTypeWithAny:0:24	WRONG	different-name
conformance/mappedTypeWithAny:0:28	WRONG	different-name
conformance/mappedTypeWithAny:0:3	WRONG	any:type-reference-error
conformance/mappedTypeWithAny:0:36	WRONG	different-name
conformance/mappedTypeWithAny:0:38	WRONG	different-name
conformance/mappedTypeWithAny:0:4	WRONG	mapped-type-unresolved
conformance/mappedTypeWithAny:0:5	WRONG	mapped-type-unresolved
conformance/mappedTypeWithAny:0:6	WRONG	mapped-type-unresolved
conformance/mappedTypes1:0:40	WRONG	object-members-differ
conformance/mappedTypes1:0:41	WRONG	object-members-differ
conformance/mappedTypes4:0:11	WRONG	alias-name-port-reassigned
conformance/mappedTypes4:0:13	GAP	gap:property-access
conformance/mappedTypes4:0:14	GAP	gap:property-access
conformance/mappedTypes4:0:16	WRONG	alias-name-port-reassigned
conformance/mappedTypes4:0:17	GAP	gap:object-literal
conformance/mappedTypes4:0:18	GAP	gap:identifier
conformance/mappedTypes4:0:19	GAP	gap:property-access
conformance/mappedTypes4:0:21	WRONG	alias-name-port-reassigned
conformance/mappedTypes4:0:64	WRONG	alias-name-native-reassigned
conformance/mappedTypesAndObjects:0:36	WRONG	undefined-optionality
conformance/mappedTypesArraysTuples:0:34	GAP	gap:identifier
conformance/mappedTypesArraysTuples:0:35	GAP	gap:call
conformance/mappedTypesArraysTuples:0:53	GAP	gap:identifier
conformance/mappedTypesArraysTuples:0:54	GAP	gap:call
conformance/mappedTypesArraysTuples:0:78	WRONG	type-argument-differs
conformance/mappedTypesArraysTuples:0:79	WRONG	type-argument-differs
conformance/mappedTypesArraysTuples:0:82	WRONG	type-argument-differs
conformance/mappedTypesArraysTuples:0:83	WRONG	type-argument-differs
conformance/mappedTypesArraysTuples:0:87	WRONG	type-argument-differs
conformance/mappedTypesArraysTuples:0:88	WRONG	type-argument-differs
conformance/mappedTypesArraysTuples:0:93	WRONG	type-argument-differs
conformance/mappedTypesArraysTuples:0:94	WRONG	type-argument-differs
conformance/mappedTypesGenericTuples2:0:13	WRONG	signature-differs
conformance/mappedTypesGenericTuples2:0:14	WRONG	partial-any
conformance/mappedTypesGenericTuples2:0:15	WRONG	partial-any
conformance/mappedTypesGenericTuples2:0:16	WRONG	any:any-initialiser-propagated
conformance/mappedTypesGenericTuples2:0:17	WRONG	any:other
conformance/mappedTypesGenericTuples2:0:18	WRONG	partial-any
conformance/mappedTypesGenericTuples2:0:2	WRONG	signature-differs
conformance/mappedTypesGenericTuples2:0:23	WRONG	partial-any
conformance/mappedTypesGenericTuples2:0:3	WRONG	partial-any
conformance/mappedTypesGenericTuples2:0:7	WRONG	partial-any
conformance/methodSignaturesWithOverloads:0:0	WRONG	object-members-differ
conformance/mixinAccessModifiers:0:109	WRONG	any:property-lookup-error
conformance/mixinAccessModifiers:0:111	WRONG	any:property-lookup-error
conformance/mixinAccessModifiers:0:112	WRONG	any:property-lookup-error
conformance/mixinAccessModifiers:0:114	WRONG	any:property-lookup-error
conformance/mixinAccessModifiers:0:115	WRONG	any:property-lookup-error
conformance/mixinAccessModifiers:0:117	WRONG	any:property-lookup-error
conformance/mixinAccessModifiers:0:137	WRONG	any:property-lookup-error
conformance/mixinAccessModifiers:0:139	WRONG	any:property-lookup-error
conformance/mixinAccessModifiers:0:140	WRONG	any:property-lookup-error
conformance/mixinAccessModifiers:0:142	WRONG	any:property-lookup-error
conformance/mixinAccessModifiers:0:143	WRONG	any:property-lookup-error
conformance/mixinAccessModifiers:0:145	WRONG	any:property-lookup-error
conformance/mixinAccessModifiers:0:191	WRONG	signature-differs
conformance/mixinAccessModifiers:0:193	WRONG	signature-differs
conformance/mixinAccessModifiers:0:195	WRONG	signature-differs
conformance/mixinAccessModifiers:0:197	WRONG	signature-differs
conformance/mixinAccessModifiers:0:81	WRONG	any:property-lookup-error
conformance/mixinAccessModifiers:0:83	WRONG	any:property-lookup-error
conformance/mixinAccessModifiers:0:84	WRONG	any:property-lookup-error
conformance/mixinAccessModifiers:0:86	WRONG	any:property-lookup-error
conformance/mixinAccessModifiers:0:87	WRONG	any:property-lookup-error
conformance/mixinAccessModifiers:0:89	WRONG	any:property-lookup-error
conformance/mixinClassesMembers:0:162	GAP	gap:property-access
conformance/mixinClassesMembers:0:164	WRONG	any:property-lookup-error
conformance/mixinClassesMembers:0:165	GAP	gap:property-access
conformance/mixinClassesMembers:0:167	WRONG	any:property-lookup-error
conformance/mixinClassesMembers:0:168	GAP	gap:property-access
conformance/mixinClassesMembers:0:170	WRONG	any:property-lookup-error
conformance/mixinClassesMembers:0:176	GAP	gap:property-access
conformance/mixinClassesMembers:0:178	WRONG	any:property-lookup-error
conformance/mixinClassesMembers:0:179	GAP	gap:property-access
conformance/mixinClassesMembers:0:181	WRONG	any:property-lookup-error
conformance/mixinClassesMembers:0:182	GAP	gap:property-access
conformance/mixinClassesMembers:0:184	WRONG	any:property-lookup-error
conformance/multipleDefaultExports01(target=es2015):0:1	WRONG	any:configured:identifier
conformance/multipleDefaultExports03(target=es2015):0:1	WRONG	alias-port-kept
conformance/multipleDefaultExports05(target=es2015):0:1	WRONG	alias-port-kept
conformance/multipleDefaultExports05(target=es2015):0:2	WRONG	alias-port-kept
conformance/multipleExportDefault3:0:3	WRONG	alias-port-kept
conformance/multipleExportDefault5:0:0	WRONG	any:function-declaration-error
conformance/nameCollision:0:14	WRONG	qualified-name-choice
conformance/nameCollision:0:17	WRONG	qualified-name-choice
conformance/namedTupleMembers:0:52	WRONG	alias-name-native-reassigned
conformance/namedTupleMembersErrors:0:10	WRONG	alias-port-kept
conformance/namedTupleMembersErrors:0:11	WRONG	typed-where-native-any
conformance/namedTupleMembersErrors:0:12	WRONG	typed-where-native-any
conformance/namedTupleMembersErrors:0:2	WRONG	alias-port-kept
conformance/namedTupleMembersErrors:0:3	WRONG	alias-port-kept
conformance/namedTupleMembersErrors:0:8	WRONG	any:type-reference-error
conformance/namespaceImportTypeQuery:1:1	WRONG	any:type-reference-error
conformance/namespaceImportTypeQuery:1:2	WRONG	any:other
conformance/namespaceImportTypeQuery:1:4	WRONG	any:type-reference-error
conformance/neverReturningFunctions1:0:281	WRONG	literal-widened
conformance/neverReturningFunctions1:0:317	WRONG	other
conformance/neverReturningFunctions1:0:324	WRONG	other
conformance/neverType:0:52	WRONG	partial-any
conformance/neverType:0:54	GAP	gap:call
conformance/noInfer:0:0	WRONG	noinfer-not-substituted
conformance/noInfer:0:1	WRONG	noinfer-not-substituted
conformance/noInfer:0:10	WRONG	different-name
conformance/noInfer:0:11	WRONG	alias-port-kept
conformance/noInfer:0:12	WRONG	different-name
conformance/noInfer:0:13	WRONG	any:type-reference-error
conformance/noInfer:0:16	WRONG	different-name
conformance/noInfer:0:174	WRONG	noinfer-not-substituted
conformance/noInfer:0:176	WRONG	noinfer-not-substituted
conformance/noInfer:0:2	WRONG	noinfer-not-substituted
conformance/noInfer:0:3	WRONG	noinfer-not-substituted
conformance/noInfer:0:4	WRONG	noinfer-not-substituted
conformance/noInfer:0:48	WRONG	literal-widened
conformance/noInfer:0:5	WRONG	noinfer-not-substituted
conformance/noInfer:0:53	WRONG	literal-widened
conformance/noInfer:0:6	WRONG	noinfer-not-substituted
conformance/noInfer:0:64	WRONG	literal-widened
conformance/noInfer:0:65	WRONG	literal-widened
conformance/noUncheckedIndexedAccess:0:119	WRONG	undefined-optionality
conformance/noUncheckedIndexedAccess:0:121	WRONG	undefined-optionality
conformance/noUncheckedIndexedAccess:0:237	WRONG	type-param-constraint
conformance/noUncheckedIndexedAccess:0:238	WRONG	type-param-constraint
conformance/noUncheckedIndexedAccess:0:244	WRONG	type-param-constraint
conformance/noUncheckedIndexedAccess:0:245	WRONG	type-param-constraint
conformance/noUncheckedIndexedAccess:0:251	WRONG	type-param-constraint
conformance/noUncheckedIndexedAccess:0:252	WRONG	type-param-constraint
conformance/noUncheckedIndexedAccessDestructuring:0:108	WRONG	tuple-vs-array
conformance/nodeModulesAllowJsDynamicImport(module=node16):0:1	GAP	js:gap:identifier
conformance/nodeModulesAllowJsDynamicImport(module=node16):0:2	WRONG	js:typed-where-native-any
conformance/nodeModulesAllowJsDynamicImport(module=node16):0:3	WRONG	js:type-argument-differs
conformance/nodeModulesAllowJsDynamicImport(module=node16):1:1	GAP	js:gap:identifier
conformance/nodeModulesAllowJsDynamicImport(module=node16):1:2	WRONG	js:typed-where-native-any
conformance/nodeModulesAllowJsDynamicImport(module=node16):1:3	WRONG	js:type-argument-differs
conformance/nodeModulesAllowJsDynamicImport(module=node18):0:1	GAP	js:gap:identifier
conformance/nodeModulesAllowJsDynamicImport(module=node18):0:2	WRONG	js:typed-where-native-any
conformance/nodeModulesAllowJsDynamicImport(module=node18):0:3	WRONG	js:type-argument-differs
conformance/nodeModulesAllowJsDynamicImport(module=node18):1:1	GAP	js:gap:identifier
conformance/nodeModulesAllowJsDynamicImport(module=node18):1:2	WRONG	js:typed-where-native-any
conformance/nodeModulesAllowJsDynamicImport(module=node18):1:3	WRONG	js:type-argument-differs
conformance/nodeModulesAllowJsDynamicImport(module=node20):0:1	GAP	js:gap:identifier
conformance/nodeModulesAllowJsDynamicImport(module=node20):0:2	WRONG	js:typed-where-native-any
conformance/nodeModulesAllowJsDynamicImport(module=node20):0:3	WRONG	js:type-argument-differs
conformance/nodeModulesAllowJsDynamicImport(module=node20):1:1	GAP	js:gap:identifier
conformance/nodeModulesAllowJsDynamicImport(module=node20):1:2	WRONG	js:typed-where-native-any
conformance/nodeModulesAllowJsDynamicImport(module=node20):1:3	WRONG	js:type-argument-differs
conformance/nodeModulesAllowJsDynamicImport(module=nodenext):0:1	GAP	js:gap:identifier
conformance/nodeModulesAllowJsDynamicImport(module=nodenext):0:2	WRONG	js:typed-where-native-any
conformance/nodeModulesAllowJsDynamicImport(module=nodenext):0:3	WRONG	js:type-argument-differs
conformance/nodeModulesAllowJsDynamicImport(module=nodenext):1:1	GAP	js:gap:identifier
conformance/nodeModulesAllowJsDynamicImport(module=nodenext):1:2	WRONG	js:typed-where-native-any
conformance/nodeModulesAllowJsDynamicImport(module=nodenext):1:3	WRONG	js:type-argument-differs
conformance/nodeModulesAllowJsSynchronousCallErrors(module=node16):0:10	WRONG	js:alias-port-kept
conformance/nodeModulesAllowJsSynchronousCallErrors(module=node16):0:11	WRONG	js:alias-port-kept
conformance/nodeModulesAllowJsSynchronousCallErrors(module=node16):0:12	WRONG	js:type-argument-differs
conformance/nodeModulesAllowJsSynchronousCallErrors(module=node16):1:10	WRONG	js:alias-port-kept
conformance/nodeModulesAllowJsSynchronousCallErrors(module=node18):0:10	WRONG	js:alias-port-kept
conformance/nodeModulesAllowJsSynchronousCallErrors(module=node18):0:11	WRONG	js:alias-port-kept
conformance/nodeModulesAllowJsSynchronousCallErrors(module=node18):0:12	WRONG	js:type-argument-differs
conformance/nodeModulesAllowJsSynchronousCallErrors(module=node18):1:10	WRONG	js:alias-port-kept
conformance/nodeModulesAllowJsSynchronousCallErrors(module=node20):0:10	WRONG	js:alias-port-kept
conformance/nodeModulesAllowJsSynchronousCallErrors(module=node20):0:11	WRONG	js:alias-port-kept
conformance/nodeModulesAllowJsSynchronousCallErrors(module=node20):0:12	WRONG	js:type-argument-differs
conformance/nodeModulesAllowJsSynchronousCallErrors(module=node20):1:10	WRONG	js:alias-port-kept
conformance/nodeModulesAllowJsSynchronousCallErrors(module=nodenext):0:10	WRONG	js:alias-port-kept
conformance/nodeModulesAllowJsSynchronousCallErrors(module=nodenext):0:11	WRONG	js:alias-port-kept
conformance/nodeModulesAllowJsSynchronousCallErrors(module=nodenext):0:12	WRONG	js:type-argument-differs
conformance/nodeModulesAllowJsSynchronousCallErrors(module=nodenext):1:10	WRONG	js:alias-port-kept
conformance/nodeModulesDeclarationEmitDynamicImportWithPackageExports(module=node18):3:0	WRONG	module-object-default-shape
conformance/nodeModulesDeclarationEmitDynamicImportWithPackageExports(module=node18):3:1	WRONG	module-object-default-shape
conformance/nodeModulesDeclarationEmitDynamicImportWithPackageExports(module=node18):3:12	WRONG	other
conformance/nodeModulesDeclarationEmitDynamicImportWithPackageExports(module=node18):3:13	WRONG	other
conformance/nodeModulesDeclarationEmitDynamicImportWithPackageExports(module=node18):3:14	WRONG	type-argument-differs
conformance/nodeModulesDeclarationEmitDynamicImportWithPackageExports(module=node18):3:2	WRONG	type-argument-differs
conformance/nodeModulesDeclarationEmitDynamicImportWithPackageExports(module=node18):4:0	WRONG	other
conformance/nodeModulesDeclarationEmitDynamicImportWithPackageExports(module=node18):4:1	WRONG	other
conformance/nodeModulesDeclarationEmitDynamicImportWithPackageExports(module=node18):4:2	WRONG	type-argument-differs
conformance/nodeModulesDeclarationEmitDynamicImportWithPackageExports(module=node18):5:0	WRONG	module-object-default-shape
conformance/nodeModulesDeclarationEmitDynamicImportWithPackageExports(module=node18):5:1	WRONG	module-object-default-shape
conformance/nodeModulesDeclarationEmitDynamicImportWithPackageExports(module=node18):5:12	WRONG	other
conformance/nodeModulesDeclarationEmitDynamicImportWithPackageExports(module=node18):5:13	WRONG	other
conformance/nodeModulesDeclarationEmitDynamicImportWithPackageExports(module=node18):5:14	WRONG	type-argument-differs
conformance/nodeModulesDeclarationEmitDynamicImportWithPackageExports(module=node18):5:2	WRONG	type-argument-differs
conformance/nodeModulesDeclarationEmitDynamicImportWithPackageExports(module=node18):6:0	WRONG	other
conformance/nodeModulesDeclarationEmitDynamicImportWithPackageExports(module=node18):6:1	WRONG	other
conformance/nodeModulesDeclarationEmitDynamicImportWithPackageExports(module=node18):6:2	WRONG	type-argument-differs
conformance/nodeModulesDeclarationEmitDynamicImportWithPackageExports(module=node18):7:0	WRONG	type-argument-differs
conformance/nodeModulesDeclarationEmitDynamicImportWithPackageExports(module=node18):7:1	WRONG	type-argument-differs
conformance/nodeModulesDeclarationEmitDynamicImportWithPackageExports(module=node18):7:10	WRONG	type-argument-differs
conformance/nodeModulesDeclarationEmitDynamicImportWithPackageExports(module=node18):7:3	WRONG	type-argument-differs
conformance/nodeModulesDeclarationEmitDynamicImportWithPackageExports(module=node18):7:4	WRONG	type-argument-differs
conformance/nodeModulesDeclarationEmitDynamicImportWithPackageExports(module=node18):7:6	WRONG	type-argument-differs
conformance/nodeModulesDeclarationEmitDynamicImportWithPackageExports(module=node18):7:7	WRONG	type-argument-differs
conformance/nodeModulesDeclarationEmitDynamicImportWithPackageExports(module=node18):7:9	WRONG	type-argument-differs
conformance/nodeModulesDeclarationEmitDynamicImportWithPackageExports(module=node18):8:0	WRONG	type-argument-differs
conformance/nodeModulesDeclarationEmitDynamicImportWithPackageExports(module=node18):8:1	WRONG	type-argument-differs
conformance/nodeModulesDeclarationEmitDynamicImportWithPackageExports(module=node18):8:3	WRONG	type-argument-differs
conformance/nodeModulesDeclarationEmitDynamicImportWithPackageExports(module=node18):8:4	WRONG	type-argument-differs
conformance/nodeModulesDeclarationEmitDynamicImportWithPackageExports(module=node20):3:0	WRONG	module-object-default-shape
conformance/nodeModulesDeclarationEmitDynamicImportWithPackageExports(module=node20):3:1	WRONG	module-object-default-shape
conformance/nodeModulesDeclarationEmitDynamicImportWithPackageExports(module=node20):3:12	WRONG	other
conformance/nodeModulesDeclarationEmitDynamicImportWithPackageExports(module=node20):3:13	WRONG	other
conformance/nodeModulesDeclarationEmitDynamicImportWithPackageExports(module=node20):3:14	WRONG	type-argument-differs
conformance/nodeModulesDeclarationEmitDynamicImportWithPackageExports(module=node20):3:2	WRONG	type-argument-differs
conformance/nodeModulesDeclarationEmitDynamicImportWithPackageExports(module=node20):4:0	WRONG	other
conformance/nodeModulesDeclarationEmitDynamicImportWithPackageExports(module=node20):4:1	WRONG	other
conformance/nodeModulesDeclarationEmitDynamicImportWithPackageExports(module=node20):4:2	WRONG	type-argument-differs
conformance/nodeModulesDeclarationEmitDynamicImportWithPackageExports(module=node20):5:0	WRONG	module-object-default-shape
conformance/nodeModulesDeclarationEmitDynamicImportWithPackageExports(module=node20):5:1	WRONG	module-object-default-shape
conformance/nodeModulesDeclarationEmitDynamicImportWithPackageExports(module=node20):5:12	WRONG	other
conformance/nodeModulesDeclarationEmitDynamicImportWithPackageExports(module=node20):5:13	WRONG	other
conformance/nodeModulesDeclarationEmitDynamicImportWithPackageExports(module=node20):5:14	WRONG	type-argument-differs
conformance/nodeModulesDeclarationEmitDynamicImportWithPackageExports(module=node20):5:2	WRONG	type-argument-differs
conformance/nodeModulesDeclarationEmitDynamicImportWithPackageExports(module=node20):6:0	WRONG	other
conformance/nodeModulesDeclarationEmitDynamicImportWithPackageExports(module=node20):6:1	WRONG	other
conformance/nodeModulesDeclarationEmitDynamicImportWithPackageExports(module=node20):6:2	WRONG	type-argument-differs
conformance/nodeModulesDeclarationEmitDynamicImportWithPackageExports(module=node20):7:0	WRONG	type-argument-differs
conformance/nodeModulesDeclarationEmitDynamicImportWithPackageExports(module=node20):7:1	WRONG	type-argument-differs
conformance/nodeModulesDeclarationEmitDynamicImportWithPackageExports(module=node20):7:10	WRONG	type-argument-differs
conformance/nodeModulesDeclarationEmitDynamicImportWithPackageExports(module=node20):7:3	WRONG	type-argument-differs
conformance/nodeModulesDeclarationEmitDynamicImportWithPackageExports(module=node20):7:4	WRONG	type-argument-differs
conformance/nodeModulesDeclarationEmitDynamicImportWithPackageExports(module=node20):7:6	WRONG	type-argument-differs
conformance/nodeModulesDeclarationEmitDynamicImportWithPackageExports(module=node20):7:7	WRONG	type-argument-differs
conformance/nodeModulesDeclarationEmitDynamicImportWithPackageExports(module=node20):7:9	WRONG	type-argument-differs
conformance/nodeModulesDeclarationEmitDynamicImportWithPackageExports(module=node20):8:0	WRONG	type-argument-differs
conformance/nodeModulesDeclarationEmitDynamicImportWithPackageExports(module=node20):8:1	WRONG	type-argument-differs
conformance/nodeModulesDeclarationEmitDynamicImportWithPackageExports(module=node20):8:3	WRONG	type-argument-differs
conformance/nodeModulesDeclarationEmitDynamicImportWithPackageExports(module=node20):8:4	WRONG	type-argument-differs
conformance/nodeModulesDeclarationEmitDynamicImportWithPackageExports(module=nodenext):3:0	WRONG	module-object-default-shape
conformance/nodeModulesDeclarationEmitDynamicImportWithPackageExports(module=nodenext):3:1	WRONG	module-object-default-shape
conformance/nodeModulesDeclarationEmitDynamicImportWithPackageExports(module=nodenext):3:12	WRONG	other
conformance/nodeModulesDeclarationEmitDynamicImportWithPackageExports(module=nodenext):3:13	WRONG	other
conformance/nodeModulesDeclarationEmitDynamicImportWithPackageExports(module=nodenext):3:14	WRONG	type-argument-differs
conformance/nodeModulesDeclarationEmitDynamicImportWithPackageExports(module=nodenext):3:2	WRONG	type-argument-differs
conformance/nodeModulesDeclarationEmitDynamicImportWithPackageExports(module=nodenext):4:0	WRONG	other
conformance/nodeModulesDeclarationEmitDynamicImportWithPackageExports(module=nodenext):4:1	WRONG	other
conformance/nodeModulesDeclarationEmitDynamicImportWithPackageExports(module=nodenext):4:2	WRONG	type-argument-differs
conformance/nodeModulesDeclarationEmitDynamicImportWithPackageExports(module=nodenext):5:0	WRONG	module-object-default-shape
conformance/nodeModulesDeclarationEmitDynamicImportWithPackageExports(module=nodenext):5:1	WRONG	module-object-default-shape
conformance/nodeModulesDeclarationEmitDynamicImportWithPackageExports(module=nodenext):5:12	WRONG	other
conformance/nodeModulesDeclarationEmitDynamicImportWithPackageExports(module=nodenext):5:13	WRONG	other
conformance/nodeModulesDeclarationEmitDynamicImportWithPackageExports(module=nodenext):5:14	WRONG	type-argument-differs
conformance/nodeModulesDeclarationEmitDynamicImportWithPackageExports(module=nodenext):5:2	WRONG	type-argument-differs
conformance/nodeModulesDeclarationEmitDynamicImportWithPackageExports(module=nodenext):6:0	WRONG	other
conformance/nodeModulesDeclarationEmitDynamicImportWithPackageExports(module=nodenext):6:1	WRONG	other
conformance/nodeModulesDeclarationEmitDynamicImportWithPackageExports(module=nodenext):6:2	WRONG	type-argument-differs
conformance/nodeModulesDeclarationEmitDynamicImportWithPackageExports(module=nodenext):7:0	WRONG	type-argument-differs
conformance/nodeModulesDeclarationEmitDynamicImportWithPackageExports(module=nodenext):7:1	WRONG	type-argument-differs
conformance/nodeModulesDeclarationEmitDynamicImportWithPackageExports(module=nodenext):7:10	WRONG	type-argument-differs
conformance/nodeModulesDeclarationEmitDynamicImportWithPackageExports(module=nodenext):7:3	WRONG	type-argument-differs
conformance/nodeModulesDeclarationEmitDynamicImportWithPackageExports(module=nodenext):7:4	WRONG	type-argument-differs
conformance/nodeModulesDeclarationEmitDynamicImportWithPackageExports(module=nodenext):7:6	WRONG	type-argument-differs
conformance/nodeModulesDeclarationEmitDynamicImportWithPackageExports(module=nodenext):7:7	WRONG	type-argument-differs
conformance/nodeModulesDeclarationEmitDynamicImportWithPackageExports(module=nodenext):7:9	WRONG	type-argument-differs
conformance/nodeModulesDeclarationEmitDynamicImportWithPackageExports(module=nodenext):8:0	WRONG	type-argument-differs
conformance/nodeModulesDeclarationEmitDynamicImportWithPackageExports(module=nodenext):8:1	WRONG	type-argument-differs
conformance/nodeModulesDeclarationEmitDynamicImportWithPackageExports(module=nodenext):8:3	WRONG	type-argument-differs
conformance/nodeModulesDeclarationEmitDynamicImportWithPackageExports(module=nodenext):8:4	WRONG	type-argument-differs
conformance/nodeModulesDynamicImport(module=node16):0:1	GAP	gap:identifier
conformance/nodeModulesDynamicImport(module=node16):0:2	WRONG	typed-where-native-any
conformance/nodeModulesDynamicImport(module=node16):0:3	WRONG	type-argument-differs
conformance/nodeModulesDynamicImport(module=node16):1:1	GAP	gap:identifier
conformance/nodeModulesDynamicImport(module=node16):1:2	WRONG	typed-where-native-any
conformance/nodeModulesDynamicImport(module=node16):1:3	WRONG	type-argument-differs
conformance/nodeModulesDynamicImport(module=node18):0:1	GAP	gap:identifier
conformance/nodeModulesDynamicImport(module=node18):0:2	WRONG	typed-where-native-any
conformance/nodeModulesDynamicImport(module=node18):0:3	WRONG	type-argument-differs
conformance/nodeModulesDynamicImport(module=node18):1:1	GAP	gap:identifier
conformance/nodeModulesDynamicImport(module=node18):1:2	WRONG	typed-where-native-any
conformance/nodeModulesDynamicImport(module=node18):1:3	WRONG	type-argument-differs
conformance/nodeModulesDynamicImport(module=node20):0:1	GAP	gap:identifier
conformance/nodeModulesDynamicImport(module=node20):0:2	WRONG	typed-where-native-any
conformance/nodeModulesDynamicImport(module=node20):0:3	WRONG	type-argument-differs
conformance/nodeModulesDynamicImport(module=node20):1:1	GAP	gap:identifier
conformance/nodeModulesDynamicImport(module=node20):1:2	WRONG	typed-where-native-any
conformance/nodeModulesDynamicImport(module=node20):1:3	WRONG	type-argument-differs
conformance/nodeModulesDynamicImport(module=nodenext):0:1	GAP	gap:identifier
conformance/nodeModulesDynamicImport(module=nodenext):0:2	WRONG	typed-where-native-any
conformance/nodeModulesDynamicImport(module=nodenext):0:3	WRONG	type-argument-differs
conformance/nodeModulesDynamicImport(module=nodenext):1:1	GAP	gap:identifier
conformance/nodeModulesDynamicImport(module=nodenext):1:2	WRONG	typed-where-native-any
conformance/nodeModulesDynamicImport(module=nodenext):1:3	WRONG	type-argument-differs
conformance/nodeModulesImportAssertions(module=node16):0:0	WRONG	any:configured:identifier
conformance/nodeModulesImportAssertions(module=node16):1:0	WRONG	any:configured:identifier
conformance/nodeModulesImportAssertions(module=node16):1:2	WRONG	type-argument-differs
conformance/nodeModulesImportAssertions(module=node16):1:3	WRONG	type-argument-differs
conformance/nodeModulesImportAssertions(module=node18):0:0	WRONG	any:configured:identifier
conformance/nodeModulesImportAssertions(module=node18):1:0	WRONG	any:configured:identifier
conformance/nodeModulesImportAssertions(module=node18):1:2	WRONG	type-argument-differs
conformance/nodeModulesImportAssertions(module=node18):1:3	WRONG	type-argument-differs
conformance/nodeModulesImportAssertions(module=node20):0:0	WRONG	any:configured:identifier
conformance/nodeModulesImportAssertions(module=node20):1:0	WRONG	any:configured:identifier
conformance/nodeModulesImportAssertions(module=node20):1:2	WRONG	type-argument-differs
conformance/nodeModulesImportAssertions(module=node20):1:3	WRONG	type-argument-differs
conformance/nodeModulesImportAssertions(module=nodenext):0:0	WRONG	any:configured:identifier
conformance/nodeModulesImportAssertions(module=nodenext):1:0	WRONG	any:configured:identifier
conformance/nodeModulesImportAssertions(module=nodenext):1:2	WRONG	type-argument-differs
conformance/nodeModulesImportAssertions(module=nodenext):1:3	WRONG	type-argument-differs
conformance/nodeModulesImportAttributes(module=node16):0:0	WRONG	any:configured:identifier
conformance/nodeModulesImportAttributes(module=node16):1:0	WRONG	any:configured:identifier
conformance/nodeModulesImportAttributes(module=node16):1:2	WRONG	type-argument-differs
conformance/nodeModulesImportAttributes(module=node16):1:3	WRONG	type-argument-differs
conformance/nodeModulesImportAttributes(module=node18):0:0	WRONG	any:configured:identifier
conformance/nodeModulesImportAttributes(module=node18):1:0	WRONG	any:configured:identifier
conformance/nodeModulesImportAttributes(module=node18):1:2	WRONG	type-argument-differs
conformance/nodeModulesImportAttributes(module=node18):1:3	WRONG	type-argument-differs
conformance/nodeModulesImportAttributes(module=node20):0:0	WRONG	any:configured:identifier
conformance/nodeModulesImportAttributes(module=node20):1:0	WRONG	any:configured:identifier
conformance/nodeModulesImportAttributes(module=node20):1:2	WRONG	type-argument-differs
conformance/nodeModulesImportAttributes(module=node20):1:3	WRONG	type-argument-differs
conformance/nodeModulesImportAttributes(module=nodenext):0:0	WRONG	any:configured:identifier
conformance/nodeModulesImportAttributes(module=nodenext):1:0	WRONG	any:configured:identifier
conformance/nodeModulesImportAttributes(module=nodenext):1:2	WRONG	type-argument-differs
conformance/nodeModulesImportAttributes(module=nodenext):1:3	WRONG	type-argument-differs
conformance/nodeModulesImportAttributesTypeModeDeclarationEmit(module=node16):0:5	WRONG	import-specifier-differs
conformance/nodeModulesImportAttributesTypeModeDeclarationEmit(module=node16):0:6	WRONG	import-specifier-differs
conformance/nodeModulesImportAttributesTypeModeDeclarationEmit(module=node16):0:7	WRONG	import-specifier-differs
conformance/nodeModulesImportAttributesTypeModeDeclarationEmit(module=node18):0:5	WRONG	import-specifier-differs
conformance/nodeModulesImportAttributesTypeModeDeclarationEmit(module=node18):0:6	WRONG	import-specifier-differs
conformance/nodeModulesImportAttributesTypeModeDeclarationEmit(module=node18):0:7	WRONG	import-specifier-differs
conformance/nodeModulesImportAttributesTypeModeDeclarationEmit(module=node20):0:5	WRONG	import-specifier-differs
conformance/nodeModulesImportAttributesTypeModeDeclarationEmit(module=node20):0:6	WRONG	import-specifier-differs
conformance/nodeModulesImportAttributesTypeModeDeclarationEmit(module=node20):0:7	WRONG	import-specifier-differs
conformance/nodeModulesImportAttributesTypeModeDeclarationEmit(module=nodenext):0:5	WRONG	import-specifier-differs
conformance/nodeModulesImportAttributesTypeModeDeclarationEmit(module=nodenext):0:6	WRONG	import-specifier-differs
conformance/nodeModulesImportAttributesTypeModeDeclarationEmit(module=nodenext):0:7	WRONG	import-specifier-differs
conformance/nodeModulesImportAttributesTypeModeDeclarationEmitErrors(module=node16):2:5	WRONG	import-specifier-differs
conformance/nodeModulesImportAttributesTypeModeDeclarationEmitErrors(module=node16):2:6	WRONG	import-specifier-differs
conformance/nodeModulesImportAttributesTypeModeDeclarationEmitErrors(module=node16):2:7	WRONG	import-specifier-differs
conformance/nodeModulesImportAttributesTypeModeDeclarationEmitErrors(module=node16):3:6	WRONG	type-argument-differs
conformance/nodeModulesImportAttributesTypeModeDeclarationEmitErrors(module=node16):5:5	WRONG	type-argument-differs
conformance/nodeModulesImportAttributesTypeModeDeclarationEmitErrors(module=node16):6:11	WRONG	type-argument-differs
conformance/nodeModulesImportAttributesTypeModeDeclarationEmitErrors(module=node18):2:5	WRONG	import-specifier-differs
conformance/nodeModulesImportAttributesTypeModeDeclarationEmitErrors(module=node18):2:6	WRONG	import-specifier-differs
conformance/nodeModulesImportAttributesTypeModeDeclarationEmitErrors(module=node18):2:7	WRONG	import-specifier-differs
conformance/nodeModulesImportAttributesTypeModeDeclarationEmitErrors(module=node18):3:6	WRONG	type-argument-differs
conformance/nodeModulesImportAttributesTypeModeDeclarationEmitErrors(module=node18):5:5	WRONG	type-argument-differs
conformance/nodeModulesImportAttributesTypeModeDeclarationEmitErrors(module=node18):6:11	WRONG	type-argument-differs
conformance/nodeModulesImportAttributesTypeModeDeclarationEmitErrors(module=node20):2:5	WRONG	import-specifier-differs
conformance/nodeModulesImportAttributesTypeModeDeclarationEmitErrors(module=node20):2:6	WRONG	import-specifier-differs
conformance/nodeModulesImportAttributesTypeModeDeclarationEmitErrors(module=node20):2:7	WRONG	import-specifier-differs
conformance/nodeModulesImportAttributesTypeModeDeclarationEmitErrors(module=node20):3:6	WRONG	type-argument-differs
conformance/nodeModulesImportAttributesTypeModeDeclarationEmitErrors(module=node20):5:5	WRONG	type-argument-differs
conformance/nodeModulesImportAttributesTypeModeDeclarationEmitErrors(module=node20):6:11	WRONG	type-argument-differs
conformance/nodeModulesImportAttributesTypeModeDeclarationEmitErrors(module=nodenext):2:5	WRONG	import-specifier-differs
conformance/nodeModulesImportAttributesTypeModeDeclarationEmitErrors(module=nodenext):2:6	WRONG	import-specifier-differs
conformance/nodeModulesImportAttributesTypeModeDeclarationEmitErrors(module=nodenext):2:7	WRONG	import-specifier-differs
conformance/nodeModulesImportAttributesTypeModeDeclarationEmitErrors(module=nodenext):3:6	WRONG	type-argument-differs
conformance/nodeModulesImportAttributesTypeModeDeclarationEmitErrors(module=nodenext):5:5	WRONG	type-argument-differs
conformance/nodeModulesImportAttributesTypeModeDeclarationEmitErrors(module=nodenext):6:11	WRONG	type-argument-differs
conformance/nodeModulesImportTypeModeDeclarationEmit1(module=node16):0:5	WRONG	import-specifier-differs
conformance/nodeModulesImportTypeModeDeclarationEmit1(module=node16):0:6	WRONG	import-specifier-differs
conformance/nodeModulesImportTypeModeDeclarationEmit1(module=node16):0:7	WRONG	import-specifier-differs
conformance/nodeModulesImportTypeModeDeclarationEmit1(module=node18):0:5	WRONG	import-specifier-differs
conformance/nodeModulesImportTypeModeDeclarationEmit1(module=node18):0:6	WRONG	import-specifier-differs
conformance/nodeModulesImportTypeModeDeclarationEmit1(module=node18):0:7	WRONG	import-specifier-differs
conformance/nodeModulesImportTypeModeDeclarationEmit1(module=node20):0:5	WRONG	import-specifier-differs
conformance/nodeModulesImportTypeModeDeclarationEmit1(module=node20):0:6	WRONG	import-specifier-differs
conformance/nodeModulesImportTypeModeDeclarationEmit1(module=node20):0:7	WRONG	import-specifier-differs
conformance/nodeModulesImportTypeModeDeclarationEmit1(module=nodenext):0:5	WRONG	import-specifier-differs
conformance/nodeModulesImportTypeModeDeclarationEmit1(module=nodenext):0:6	WRONG	import-specifier-differs
conformance/nodeModulesImportTypeModeDeclarationEmit1(module=nodenext):0:7	WRONG	import-specifier-differs
conformance/nodeModulesJson(module=node16):4:14	WRONG	module-object-default-shape
conformance/nodeModulesJson(module=node16):4:16	WRONG	typed-where-native-any
conformance/nodeModulesJson(module=node16):4:17	WRONG	module-object-default-shape
conformance/nodeModulesJson(module=node16):4:18	WRONG	typed-where-native-any
conformance/nodeModulesJson(module=node16):4:19	WRONG	any:configured:property-access
conformance/nodeModulesJson(module=node16):4:2	WRONG	alias-native-kept
conformance/nodeModulesJson(module=node16):4:20	WRONG	module-object-default-shape
conformance/nodeModulesJson(module=node16):4:21	WRONG	any:configured:identifier
conformance/nodeModulesJson(module=node16):4:3	WRONG	any:configured:identifier
conformance/nodeModulesJson(module=node16):4:5	WRONG	any:configured:identifier
conformance/nodeModulesJson(module=node16):4:6	WRONG	any:configured:identifier
conformance/nodeModulesJson(module=node16):5:0	WRONG	any:configured:identifier
conformance/nodeModulesJson(module=node18):4:14	WRONG	module-object-default-shape
conformance/nodeModulesJson(module=node18):4:16	WRONG	typed-where-native-any
conformance/nodeModulesJson(module=node18):4:17	WRONG	module-object-default-shape
conformance/nodeModulesJson(module=node18):4:18	WRONG	typed-where-native-any
conformance/nodeModulesJson(module=node18):4:19	WRONG	any:configured:property-access
conformance/nodeModulesJson(module=node18):4:2	WRONG	alias-native-kept
conformance/nodeModulesJson(module=node18):4:20	WRONG	module-object-default-shape
conformance/nodeModulesJson(module=node18):4:21	WRONG	any:configured:identifier
conformance/nodeModulesJson(module=node18):4:3	WRONG	any:configured:identifier
conformance/nodeModulesJson(module=node18):4:5	WRONG	any:configured:identifier
conformance/nodeModulesJson(module=node18):4:6	WRONG	any:configured:identifier
conformance/nodeModulesJson(module=node18):5:0	WRONG	any:configured:identifier
conformance/nodeModulesJson(module=node20):4:14	WRONG	module-object-default-shape
conformance/nodeModulesJson(module=node20):4:16	WRONG	typed-where-native-any
conformance/nodeModulesJson(module=node20):4:17	WRONG	module-object-default-shape
conformance/nodeModulesJson(module=node20):4:18	WRONG	typed-where-native-any
conformance/nodeModulesJson(module=node20):4:19	WRONG	any:configured:property-access
conformance/nodeModulesJson(module=node20):4:2	WRONG	alias-native-kept
conformance/nodeModulesJson(module=node20):4:20	WRONG	module-object-default-shape
conformance/nodeModulesJson(module=node20):4:21	WRONG	any:configured:identifier
conformance/nodeModulesJson(module=node20):4:3	WRONG	any:configured:identifier
conformance/nodeModulesJson(module=node20):4:5	WRONG	any:configured:identifier
conformance/nodeModulesJson(module=node20):4:6	WRONG	any:configured:identifier
conformance/nodeModulesJson(module=node20):5:0	WRONG	any:configured:identifier
conformance/nodeModulesJson(module=nodenext):4:14	WRONG	module-object-default-shape
conformance/nodeModulesJson(module=nodenext):4:16	WRONG	typed-where-native-any
conformance/nodeModulesJson(module=nodenext):4:17	WRONG	module-object-default-shape
conformance/nodeModulesJson(module=nodenext):4:18	WRONG	typed-where-native-any
conformance/nodeModulesJson(module=nodenext):4:19	WRONG	any:configured:property-access
conformance/nodeModulesJson(module=nodenext):4:2	WRONG	alias-native-kept
conformance/nodeModulesJson(module=nodenext):4:20	WRONG	module-object-default-shape
conformance/nodeModulesJson(module=nodenext):4:21	WRONG	any:configured:identifier
conformance/nodeModulesJson(module=nodenext):4:3	WRONG	any:configured:identifier
conformance/nodeModulesJson(module=nodenext):4:5	WRONG	any:configured:identifier
conformance/nodeModulesJson(module=nodenext):4:6	WRONG	any:configured:identifier
conformance/nodeModulesJson(module=nodenext):5:0	WRONG	any:configured:identifier
conformance/nodeModulesResolveJsonModule(module=node16):0:0	WRONG	any:configured:identifier
conformance/nodeModulesResolveJsonModule(module=node16):0:10	WRONG	any:configured:identifier
conformance/nodeModulesResolveJsonModule(module=node16):0:11	WRONG	any:configured:property-access
conformance/nodeModulesResolveJsonModule(module=node16):0:12	WRONG	alias-port-kept
conformance/nodeModulesResolveJsonModule(module=node16):0:13	WRONG	module-object-default-shape
conformance/nodeModulesResolveJsonModule(module=node16):0:14	WRONG	alias-port-kept
conformance/nodeModulesResolveJsonModule(module=node16):0:15	WRONG	any:configured:identifier
conformance/nodeModulesResolveJsonModule(module=node16):0:2	WRONG	any:configured:identifier
conformance/nodeModulesResolveJsonModule(module=node16):0:3	WRONG	any:configured:property-access
conformance/nodeModulesResolveJsonModule(module=node16):0:4	WRONG	any:configured:identifier
conformance/nodeModulesResolveJsonModule(module=node16):0:5	WRONG	any:configured:identifier
conformance/nodeModulesResolveJsonModule(module=node16):0:6	WRONG	module-object-default-shape
conformance/nodeModulesResolveJsonModule(module=node16):0:8	WRONG	module-object-default-shape
conformance/nodeModulesResolveJsonModule(module=node16):0:9	WRONG	module-object-default-shape
conformance/nodeModulesResolveJsonModule(module=node16):1:10	WRONG	alias-port-kept
conformance/nodeModulesResolveJsonModule(module=node16):1:11	WRONG	object-members-differ
conformance/nodeModulesResolveJsonModule(module=node16):1:12	WRONG	alias-port-kept
conformance/nodeModulesResolveJsonModule(module=node16):1:13	WRONG	any:configured:identifier
conformance/nodeModulesResolveJsonModule(module=node16):1:5	WRONG	object-members-differ
conformance/nodeModulesResolveJsonModule(module=node16):1:6	WRONG	object-members-differ
conformance/nodeModulesResolveJsonModule(module=node16):1:7	WRONG	object-members-differ
conformance/nodeModulesResolveJsonModule(module=node16):1:8	WRONG	any:configured:identifier
conformance/nodeModulesResolveJsonModule(module=node16):1:9	WRONG	any:configured:property-access
conformance/nodeModulesResolveJsonModule(module=node16):2:0	WRONG	any:configured:identifier
conformance/nodeModulesResolveJsonModule(module=node16):2:10	WRONG	any:configured:identifier
conformance/nodeModulesResolveJsonModule(module=node16):2:11	WRONG	any:configured:property-access
conformance/nodeModulesResolveJsonModule(module=node16):2:12	WRONG	alias-port-kept
conformance/nodeModulesResolveJsonModule(module=node16):2:13	WRONG	module-object-default-shape
conformance/nodeModulesResolveJsonModule(module=node16):2:14	WRONG	alias-port-kept
conformance/nodeModulesResolveJsonModule(module=node16):2:15	WRONG	any:configured:identifier
conformance/nodeModulesResolveJsonModule(module=node16):2:2	WRONG	any:configured:identifier
conformance/nodeModulesResolveJsonModule(module=node16):2:3	WRONG	any:configured:property-access
conformance/nodeModulesResolveJsonModule(module=node16):2:4	WRONG	any:configured:identifier
conformance/nodeModulesResolveJsonModule(module=node16):2:5	WRONG	any:configured:identifier
conformance/nodeModulesResolveJsonModule(module=node16):2:6	WRONG	module-object-default-shape
conformance/nodeModulesResolveJsonModule(module=node16):2:8	WRONG	module-object-default-shape
conformance/nodeModulesResolveJsonModule(module=node16):2:9	WRONG	module-object-default-shape
conformance/nodeModulesResolveJsonModule(module=node18):0:0	WRONG	any:configured:identifier
conformance/nodeModulesResolveJsonModule(module=node18):0:10	WRONG	any:configured:identifier
conformance/nodeModulesResolveJsonModule(module=node18):0:11	WRONG	any:configured:property-access
conformance/nodeModulesResolveJsonModule(module=node18):0:12	WRONG	alias-port-kept
conformance/nodeModulesResolveJsonModule(module=node18):0:13	WRONG	module-object-default-shape
conformance/nodeModulesResolveJsonModule(module=node18):0:14	WRONG	alias-port-kept
conformance/nodeModulesResolveJsonModule(module=node18):0:15	WRONG	any:configured:identifier
conformance/nodeModulesResolveJsonModule(module=node18):0:2	GAP	gap:identifier
conformance/nodeModulesResolveJsonModule(module=node18):0:3	GAP	gap:property-access
conformance/nodeModulesResolveJsonModule(module=node18):0:4	WRONG	any:configured:identifier
conformance/nodeModulesResolveJsonModule(module=node18):0:5	WRONG	any:configured:identifier
conformance/nodeModulesResolveJsonModule(module=node18):0:6	WRONG	module-object-default-shape
conformance/nodeModulesResolveJsonModule(module=node18):0:8	WRONG	module-object-default-shape
conformance/nodeModulesResolveJsonModule(module=node18):0:9	WRONG	module-object-default-shape
conformance/nodeModulesResolveJsonModule(module=node18):1:10	WRONG	alias-port-kept
conformance/nodeModulesResolveJsonModule(module=node18):1:11	WRONG	object-members-differ
conformance/nodeModulesResolveJsonModule(module=node18):1:12	WRONG	alias-port-kept
conformance/nodeModulesResolveJsonModule(module=node18):1:13	WRONG	any:configured:identifier
conformance/nodeModulesResolveJsonModule(module=node18):1:5	WRONG	object-members-differ
conformance/nodeModulesResolveJsonModule(module=node18):1:6	WRONG	object-members-differ
conformance/nodeModulesResolveJsonModule(module=node18):1:7	WRONG	object-members-differ
conformance/nodeModulesResolveJsonModule(module=node18):1:8	WRONG	any:configured:identifier
conformance/nodeModulesResolveJsonModule(module=node18):1:9	WRONG	any:configured:property-access
conformance/nodeModulesResolveJsonModule(module=node18):2:0	WRONG	any:configured:identifier
conformance/nodeModulesResolveJsonModule(module=node18):2:10	WRONG	any:configured:identifier
conformance/nodeModulesResolveJsonModule(module=node18):2:11	WRONG	any:configured:property-access
conformance/nodeModulesResolveJsonModule(module=node18):2:12	WRONG	alias-port-kept
conformance/nodeModulesResolveJsonModule(module=node18):2:13	WRONG	module-object-default-shape
conformance/nodeModulesResolveJsonModule(module=node18):2:14	WRONG	alias-port-kept
conformance/nodeModulesResolveJsonModule(module=node18):2:15	WRONG	any:configured:identifier
conformance/nodeModulesResolveJsonModule(module=node18):2:2	GAP	gap:identifier
conformance/nodeModulesResolveJsonModule(module=node18):2:3	GAP	gap:property-access
conformance/nodeModulesResolveJsonModule(module=node18):2:4	WRONG	any:configured:identifier
conformance/nodeModulesResolveJsonModule(module=node18):2:5	WRONG	any:configured:identifier
conformance/nodeModulesResolveJsonModule(module=node18):2:6	WRONG	module-object-default-shape
conformance/nodeModulesResolveJsonModule(module=node18):2:8	WRONG	module-object-default-shape
conformance/nodeModulesResolveJsonModule(module=node18):2:9	WRONG	module-object-default-shape
conformance/nodeModulesResolveJsonModule(module=node20):0:0	WRONG	any:configured:identifier
conformance/nodeModulesResolveJsonModule(module=node20):0:10	WRONG	any:configured:identifier
conformance/nodeModulesResolveJsonModule(module=node20):0:11	WRONG	any:configured:property-access
conformance/nodeModulesResolveJsonModule(module=node20):0:12	WRONG	alias-port-kept
conformance/nodeModulesResolveJsonModule(module=node20):0:13	WRONG	module-object-default-shape
conformance/nodeModulesResolveJsonModule(module=node20):0:14	WRONG	alias-port-kept
conformance/nodeModulesResolveJsonModule(module=node20):0:15	WRONG	any:configured:identifier
conformance/nodeModulesResolveJsonModule(module=node20):0:2	GAP	gap:identifier
conformance/nodeModulesResolveJsonModule(module=node20):0:3	GAP	gap:property-access
conformance/nodeModulesResolveJsonModule(module=node20):0:4	WRONG	any:configured:identifier
conformance/nodeModulesResolveJsonModule(module=node20):0:5	WRONG	any:configured:identifier
conformance/nodeModulesResolveJsonModule(module=node20):0:6	WRONG	module-object-default-shape
conformance/nodeModulesResolveJsonModule(module=node20):0:8	WRONG	module-object-default-shape
conformance/nodeModulesResolveJsonModule(module=node20):0:9	WRONG	module-object-default-shape
conformance/nodeModulesResolveJsonModule(module=node20):1:10	WRONG	alias-port-kept
conformance/nodeModulesResolveJsonModule(module=node20):1:11	WRONG	object-members-differ
conformance/nodeModulesResolveJsonModule(module=node20):1:12	WRONG	alias-port-kept
conformance/nodeModulesResolveJsonModule(module=node20):1:13	WRONG	any:configured:identifier
conformance/nodeModulesResolveJsonModule(module=node20):1:5	WRONG	object-members-differ
conformance/nodeModulesResolveJsonModule(module=node20):1:6	WRONG	object-members-differ
conformance/nodeModulesResolveJsonModule(module=node20):1:7	WRONG	object-members-differ
conformance/nodeModulesResolveJsonModule(module=node20):1:8	WRONG	any:configured:identifier
conformance/nodeModulesResolveJsonModule(module=node20):1:9	WRONG	any:configured:property-access
conformance/nodeModulesResolveJsonModule(module=node20):2:0	WRONG	any:configured:identifier
conformance/nodeModulesResolveJsonModule(module=node20):2:10	WRONG	any:configured:identifier
conformance/nodeModulesResolveJsonModule(module=node20):2:11	WRONG	any:configured:property-access
conformance/nodeModulesResolveJsonModule(module=node20):2:12	WRONG	alias-port-kept
conformance/nodeModulesResolveJsonModule(module=node20):2:13	WRONG	module-object-default-shape
conformance/nodeModulesResolveJsonModule(module=node20):2:14	WRONG	alias-port-kept
conformance/nodeModulesResolveJsonModule(module=node20):2:15	WRONG	any:configured:identifier
conformance/nodeModulesResolveJsonModule(module=node20):2:2	GAP	gap:identifier
conformance/nodeModulesResolveJsonModule(module=node20):2:3	GAP	gap:property-access
conformance/nodeModulesResolveJsonModule(module=node20):2:4	WRONG	any:configured:identifier
conformance/nodeModulesResolveJsonModule(module=node20):2:5	WRONG	any:configured:identifier
conformance/nodeModulesResolveJsonModule(module=node20):2:6	WRONG	module-object-default-shape
conformance/nodeModulesResolveJsonModule(module=node20):2:8	WRONG	module-object-default-shape
conformance/nodeModulesResolveJsonModule(module=node20):2:9	WRONG	module-object-default-shape
conformance/nodeModulesResolveJsonModule(module=nodenext):0:0	WRONG	any:configured:identifier
conformance/nodeModulesResolveJsonModule(module=nodenext):0:10	WRONG	any:configured:identifier
conformance/nodeModulesResolveJsonModule(module=nodenext):0:11	WRONG	any:configured:property-access
conformance/nodeModulesResolveJsonModule(module=nodenext):0:12	WRONG	alias-port-kept
conformance/nodeModulesResolveJsonModule(module=nodenext):0:13	WRONG	module-object-default-shape
conformance/nodeModulesResolveJsonModule(module=nodenext):0:14	WRONG	alias-port-kept
conformance/nodeModulesResolveJsonModule(module=nodenext):0:15	WRONG	any:configured:identifier
conformance/nodeModulesResolveJsonModule(module=nodenext):0:2	GAP	gap:identifier
conformance/nodeModulesResolveJsonModule(module=nodenext):0:3	GAP	gap:property-access
conformance/nodeModulesResolveJsonModule(module=nodenext):0:4	WRONG	any:configured:identifier
conformance/nodeModulesResolveJsonModule(module=nodenext):0:5	WRONG	any:configured:identifier
conformance/nodeModulesResolveJsonModule(module=nodenext):0:6	WRONG	module-object-default-shape
conformance/nodeModulesResolveJsonModule(module=nodenext):0:8	WRONG	module-object-default-shape
conformance/nodeModulesResolveJsonModule(module=nodenext):0:9	WRONG	module-object-default-shape
conformance/nodeModulesResolveJsonModule(module=nodenext):1:10	WRONG	alias-port-kept
conformance/nodeModulesResolveJsonModule(module=nodenext):1:11	WRONG	object-members-differ
conformance/nodeModulesResolveJsonModule(module=nodenext):1:12	WRONG	alias-port-kept
conformance/nodeModulesResolveJsonModule(module=nodenext):1:13	WRONG	any:configured:identifier
conformance/nodeModulesResolveJsonModule(module=nodenext):1:5	WRONG	object-members-differ
conformance/nodeModulesResolveJsonModule(module=nodenext):1:6	WRONG	object-members-differ
conformance/nodeModulesResolveJsonModule(module=nodenext):1:7	WRONG	object-members-differ
conformance/nodeModulesResolveJsonModule(module=nodenext):1:8	WRONG	any:configured:identifier
conformance/nodeModulesResolveJsonModule(module=nodenext):1:9	WRONG	any:configured:property-access
conformance/nodeModulesResolveJsonModule(module=nodenext):2:0	WRONG	any:configured:identifier
conformance/nodeModulesResolveJsonModule(module=nodenext):2:10	WRONG	any:configured:identifier
conformance/nodeModulesResolveJsonModule(module=nodenext):2:11	WRONG	any:configured:property-access
conformance/nodeModulesResolveJsonModule(module=nodenext):2:12	WRONG	alias-port-kept
conformance/nodeModulesResolveJsonModule(module=nodenext):2:13	WRONG	module-object-default-shape
conformance/nodeModulesResolveJsonModule(module=nodenext):2:14	WRONG	alias-port-kept
conformance/nodeModulesResolveJsonModule(module=nodenext):2:15	WRONG	any:configured:identifier
conformance/nodeModulesResolveJsonModule(module=nodenext):2:2	GAP	gap:identifier
conformance/nodeModulesResolveJsonModule(module=nodenext):2:3	GAP	gap:property-access
conformance/nodeModulesResolveJsonModule(module=nodenext):2:4	WRONG	any:configured:identifier
conformance/nodeModulesResolveJsonModule(module=nodenext):2:5	WRONG	any:configured:identifier
conformance/nodeModulesResolveJsonModule(module=nodenext):2:6	WRONG	module-object-default-shape
conformance/nodeModulesResolveJsonModule(module=nodenext):2:8	WRONG	module-object-default-shape
conformance/nodeModulesResolveJsonModule(module=nodenext):2:9	WRONG	module-object-default-shape
conformance/nodeModulesSynchronousCallErrors(module=node16):0:10	WRONG	alias-port-kept
conformance/nodeModulesSynchronousCallErrors(module=node16):0:11	WRONG	alias-port-kept
conformance/nodeModulesSynchronousCallErrors(module=node16):0:12	WRONG	type-argument-differs
conformance/nodeModulesSynchronousCallErrors(module=node16):1:10	WRONG	alias-port-kept
conformance/nodeModulesSynchronousCallErrors(module=node18):0:10	WRONG	alias-port-kept
conformance/nodeModulesSynchronousCallErrors(module=node18):0:11	WRONG	alias-port-kept
conformance/nodeModulesSynchronousCallErrors(module=node18):0:12	WRONG	type-argument-differs
conformance/nodeModulesSynchronousCallErrors(module=node18):1:10	WRONG	alias-port-kept
conformance/nodeModulesSynchronousCallErrors(module=node20):0:10	WRONG	alias-port-kept
conformance/nodeModulesSynchronousCallErrors(module=node20):0:11	WRONG	alias-port-kept
conformance/nodeModulesSynchronousCallErrors(module=node20):0:12	WRONG	type-argument-differs
conformance/nodeModulesSynchronousCallErrors(module=node20):1:10	WRONG	alias-port-kept
conformance/nodeModulesSynchronousCallErrors(module=nodenext):0:10	WRONG	alias-port-kept
conformance/nodeModulesSynchronousCallErrors(module=nodenext):0:11	WRONG	alias-port-kept
conformance/nodeModulesSynchronousCallErrors(module=nodenext):0:12	WRONG	type-argument-differs
conformance/nodeModulesSynchronousCallErrors(module=nodenext):1:10	WRONG	alias-port-kept
conformance/nonPrimitiveAccessProperty:0:12	WRONG	any:binding-element
conformance/nonPrimitiveAndEmptyObject:0:3	WRONG	other
conformance/nonPrimitiveAndEmptyObject:0:6	GAP	gap:property-access
conformance/nonPrimitiveAndEmptyObject:0:7	WRONG	other
conformance/nonPrimitiveAndEmptyObject:0:8	WRONG	any:property-lookup-error
conformance/nullishCoalescingOperator_not_strict:0:35	GAP	gap:identifier
conformance/nullishCoalescingOperator_not_strict:0:36	GAP	gap:other-expression
conformance/numericStringLiteralTypes:0:3	WRONG	alias-port-kept
conformance/numericStringLiteralTypes:0:4	WRONG	alias-port-kept
conformance/numericStringNamedPropertyEquivalence:0:10	WRONG	object-members-differ
conformance/numericStringNamedPropertyEquivalence:0:11	WRONG	object-members-differ
conformance/numericStringNamedPropertyEquivalence:0:7	WRONG	object-members-differ
conformance/objectLiteralContextualTyping:0:41	WRONG	any:variable-initialiser-error
conformance/objectLiteralContextualTyping:0:42	WRONG	any:call-error
conformance/objectLiteralContextualTyping:0:45	WRONG	any:variable-initialiser-error
conformance/objectLiteralErrors(target=es2015):0:122	WRONG	object-members-differ
conformance/objectLiteralErrors(target=es2015):0:123	WRONG	object-members-differ
conformance/objectLiteralErrors(target=es2015):0:124	WRONG	different-name
conformance/objectLiteralErrors(target=es2015):0:126	WRONG	different-name
conformance/objectLiteralErrors(target=es2015):0:140	WRONG	any:configured:identifier
conformance/objectLiteralErrors(target=es2015):0:141	WRONG	any:configured:object-literal
conformance/objectLiteralErrors(target=es2015):0:152	WRONG	any:configured:identifier
conformance/objectLiteralErrors(target=es2015):0:153	WRONG	any:configured:object-literal
conformance/objectLiteralErrors(target=es2015):0:158	WRONG	any:configured:identifier
conformance/objectLiteralErrors(target=es2015):0:159	WRONG	any:configured:object-literal
conformance/objectLiteralErrors(target=es2015):0:164	WRONG	any:configured:identifier
conformance/objectLiteralErrors(target=es2015):0:165	WRONG	any:configured:object-literal
conformance/objectLiteralErrors(target=es2015):0:170	WRONG	any:configured:identifier
conformance/objectLiteralErrors(target=es2015):0:171	WRONG	any:configured:object-literal
conformance/objectLiteralErrors(target=es2015):0:176	WRONG	any:configured:identifier
conformance/objectLiteralErrors(target=es2015):0:177	WRONG	any:configured:object-literal
conformance/objectLiteralErrors(target=es2015):0:182	WRONG	any:configured:identifier
conformance/objectLiteralErrors(target=es2015):0:183	WRONG	any:configured:object-literal
conformance/objectLiteralErrors(target=es2015):0:188	WRONG	any:configured:identifier
conformance/objectLiteralErrors(target=es2015):0:189	WRONG	any:configured:object-literal
conformance/objectLiteralErrors(target=es2015):0:194	WRONG	any:configured:identifier
conformance/objectLiteralErrors(target=es2015):0:195	WRONG	any:configured:object-literal
conformance/objectLiteralErrors(target=es2015):0:200	WRONG	any:configured:identifier
conformance/objectLiteralErrors(target=es2015):0:201	WRONG	any:configured:object-literal
conformance/objectLiteralErrors(target=es2015):0:206	WRONG	any:configured:identifier
conformance/objectLiteralErrors(target=es2015):0:207	WRONG	any:configured:object-literal
conformance/objectLiteralErrors(target=es2015):0:238	WRONG	any:configured:identifier
conformance/objectLiteralErrors(target=es2015):0:239	WRONG	any:configured:object-literal
conformance/objectLiteralErrors(target=es2015):0:90	WRONG	object-members-differ
conformance/objectLiteralErrors(target=es2015):0:91	WRONG	object-members-differ
conformance/objectLiteralGettersAndSetters:0:0	GAP	gap:identifier
conformance/objectLiteralGettersAndSetters:0:1	GAP	gap:object-literal
conformance/objectLiteralGettersAndSetters:0:10	GAP	gap:object-literal
conformance/objectLiteralGettersAndSetters:0:111	WRONG	array-sugar
conformance/objectLiteralGettersAndSetters:0:112	WRONG	array-sugar
conformance/objectLiteralGettersAndSetters:0:18	GAP	gap:identifier
conformance/objectLiteralGettersAndSetters:0:19	GAP	gap:object-literal
conformance/objectLiteralGettersAndSetters:0:27	GAP	gap:identifier
conformance/objectLiteralGettersAndSetters:0:28	GAP	gap:object-literal
conformance/objectLiteralGettersAndSetters:0:36	GAP	gap:identifier
conformance/objectLiteralGettersAndSetters:0:37	GAP	gap:object-literal
conformance/objectLiteralGettersAndSetters:0:45	GAP	gap:identifier
conformance/objectLiteralGettersAndSetters:0:46	GAP	gap:object-literal
conformance/objectLiteralGettersAndSetters:0:9	GAP	gap:identifier
conformance/objectLiteralShorthandPropertiesErrorFromNotUsingIdentifier:0:18	WRONG	object-members-differ
conformance/objectLiteralShorthandPropertiesErrorFromNotUsingIdentifier:0:19	WRONG	object-members-differ
conformance/objectLiteralShorthandPropertiesErrorWithModule:0:7	WRONG	object-members-differ
conformance/objectLiteralShorthandPropertiesErrorWithModule:0:8	WRONG	object-members-differ
conformance/objectRest:0:135	WRONG	any:literal-expression-error
conformance/objectRest:0:24	WRONG	any:binding-element
conformance/objectRest:0:25	WRONG	any:binding-element
conformance/objectTypesWithOptionalProperties2:0:13	WRONG	object-members-differ
conformance/objectTypesWithOptionalProperties2:0:14	WRONG	object-members-differ
conformance/objectTypesWithOptionalProperties2:0:15	WRONG	signature-differs
conformance/optionalBindingParameters3:0:0	WRONG	js:signature-differs
conformance/optionalBindingParameters4:0:0	WRONG	js:partial-any
conformance/optionalBindingParameters4:0:1	GAP	js:gap:identifier
conformance/optionalBindingParameters4:0:3	GAP	js:gap:identifier
conformance/overloadResolution:0:44	WRONG	different-name
conformance/overloadResolution:0:85	WRONG	any:call-error
conformance/overloadResolution:0:91	WRONG	any:call-error
conformance/overloadResolution:0:96	WRONG	any:call-error
conformance/overloadResolutionConstructors:0:39	WRONG	different-name
conformance/overloadTag1:0:0	WRONG	js:other
conformance/overloadTag1:0:1	WRONG	js:any:uncontextual-parameter
conformance/overloadTag1:0:10	WRONG	js:any:uncontextual-parameter
conformance/overloadTag1:0:18	WRONG	js:any:uncontextual-parameter
conformance/overloadTag1:0:2	WRONG	js:any:uncontextual-parameter
conformance/overloadTag1:0:22	WRONG	js:any:uncontextual-parameter
conformance/overloadTag1:0:32	WRONG	js:other
conformance/overloadTag1:0:35	WRONG	js:different-name
conformance/overloadTag1:0:36	WRONG	js:different-name
conformance/overloadTag1:0:37	WRONG	js:other
conformance/overloadTag1:0:40	WRONG	js:different-name
conformance/overloadTag1:0:41	WRONG	js:different-name
conformance/overloadTag1:0:42	WRONG	js:other
conformance/overloadTag1:0:45	WRONG	js:other
conformance/overloadTag1:0:52	WRONG	js:other
conformance/overloadTag1:0:55	WRONG	js:different-name
conformance/overloadTag1:0:56	WRONG	js:other
conformance/overloadTag1:0:6	WRONG	js:any:uncontextual-parameter
conformance/overloadTag2:0:12	WRONG	js:any:uncontextual-parameter
conformance/overloadTag2:0:7	WRONG	js:any:uncontextual-parameter
conformance/overloadTag2:0:9	WRONG	js:any:binary-operand
conformance/overloadTag3:0:4	WRONG	js:partial-any
conformance/overloadTag3:0:6	WRONG	js:partial-any
conformance/overrideInterfaceProperty:0:1	WRONG	parenthesization
conformance/paramTagTypeResolution:0:7	WRONG	js:signature-differs
conformance/paramTagTypeResolution:0:8	WRONG	js:different-name
conformance/parameterInitializersForwardReferencing1(target=es2015):0:10	WRONG	any:configured:function-expression
conformance/parameterInitializersForwardReferencing1(target=es2015):0:11	WRONG	different-name
conformance/parameterInitializersForwardReferencing1(target=es2015):0:12	WRONG	different-name
conformance/parameterInitializersForwardReferencing1(target=es2015):0:13	WRONG	different-name
conformance/parameterInitializersForwardReferencing1(target=es2015):0:16	WRONG	any:configured:call
conformance/parameterInitializersForwardReferencing1(target=es2015):0:17	WRONG	any:configured:identifier
conformance/parameterInitializersForwardReferencing1(target=es2015):0:2	WRONG	signature-differs
conformance/parameterInitializersForwardReferencing1(target=es2015):0:3	WRONG	different-name
conformance/parameterInitializersForwardReferencing1(target=es2015):0:37	WRONG	any:configured:identifier
conformance/parameterInitializersForwardReferencing1(target=es2015):0:38	WRONG	different-name
conformance/parameterInitializersForwardReferencing1(target=es2015):0:4	WRONG	different-name
conformance/parameterInitializersForwardReferencing1(target=es2015):0:7	WRONG	different-name
conformance/parameterInitializersForwardReferencing1(target=es2015):0:8	WRONG	any:configured:identifier
conformance/parameterInitializersForwardReferencing1(target=es2015):0:9	WRONG	any:configured:identifier
conformance/parameterInitializersForwardReferencing1_es6:0:10	WRONG	any:function-expression-error
conformance/parameterInitializersForwardReferencing1_es6:0:11	WRONG	different-name
conformance/parameterInitializersForwardReferencing1_es6:0:12	WRONG	different-name
conformance/parameterInitializersForwardReferencing1_es6:0:13	WRONG	different-name
conformance/parameterInitializersForwardReferencing1_es6:0:16	WRONG	any:call-error
conformance/parameterInitializersForwardReferencing1_es6:0:17	WRONG	any:variable-initialiser-error
conformance/parameterInitializersForwardReferencing1_es6:0:2	WRONG	signature-differs
conformance/parameterInitializersForwardReferencing1_es6:0:3	WRONG	different-name
conformance/parameterInitializersForwardReferencing1_es6:0:37	WRONG	any:function-declaration-error
conformance/parameterInitializersForwardReferencing1_es6:0:38	WRONG	different-name
conformance/parameterInitializersForwardReferencing1_es6:0:4	WRONG	different-name
conformance/parameterInitializersForwardReferencing1_es6:0:7	WRONG	different-name
conformance/parameterInitializersForwardReferencing1_es6:0:8	WRONG	any:function-declaration-error
conformance/parameterInitializersForwardReferencing1_es6:0:9	WRONG	any:variable-initialiser-error
conformance/parenthesizedContexualTyping2:0:201	WRONG	signature-differs
conformance/parenthesizedContexualTyping2:0:202	WRONG	typed-where-native-any
conformance/parenthesizedContexualTyping2:0:203	WRONG	typed-where-native-any
conformance/parenthesizedContexualTyping2:0:204	WRONG	typed-where-native-any
conformance/parenthesizedContexualTyping2:0:206	WRONG	typed-where-native-any
conformance/parenthesizedContexualTyping2:0:233	WRONG	signature-differs
conformance/parenthesizedContexualTyping2:0:234	WRONG	signature-differs
conformance/parenthesizedContexualTyping2:0:235	WRONG	signature-differs
conformance/parenthesizedContexualTyping2:0:236	WRONG	typed-where-native-any
conformance/parenthesizedContexualTyping2:0:237	WRONG	typed-where-native-any
conformance/parenthesizedContexualTyping2:0:238	WRONG	typed-where-native-any
conformance/parenthesizedContexualTyping2:0:240	WRONG	typed-where-native-any
conformance/parser.asyncGenerators.objectLiteralMethods.es2018(alwaysstrict=true):21:0	WRONG	unknown-where-native-typed
conformance/parser.asyncGenerators.objectLiteralMethods.es2018(alwaysstrict=true):21:1	WRONG	unknown-where-native-typed
conformance/parser.asyncGenerators.objectLiteralMethods.es2018(alwaysstrict=true):21:2	WRONG	unknown-where-native-typed
conformance/parser.asyncGenerators.objectLiteralMethods.es2018(alwaysstrict=true):22:0	WRONG	unknown-where-native-typed
conformance/parser.asyncGenerators.objectLiteralMethods.es2018(alwaysstrict=true):22:1	WRONG	unknown-where-native-typed
conformance/parser.asyncGenerators.objectLiteralMethods.es2018(alwaysstrict=true):22:2	WRONG	unknown-where-native-typed
conformance/parserCatchClauseWithTypeAnnotation1:0:0	WRONG	typed-where-native-any
conformance/parserClassDeclaration23:0:0	WRONG	string-escape-printing
conformance/parserComputedPropertyName14:0:0	WRONG	any:type-reference-error
conformance/parserComputedPropertyName18:0:0	WRONG	any:type-reference-error
conformance/parserComputedPropertyName19:0:0	WRONG	any:type-reference-error
conformance/parserEnumDeclaration4:0:0	WRONG	signature-differs
conformance/parserErrorRecovery_ParameterList6:0:1	WRONG	partial-any
conformance/parserErrorRecovery_ParameterList6:0:2	WRONG	any:type-reference-error
conformance/parserMemberAccessorDeclaration16(target=es2015):0:2	WRONG	any:configured:identifier
conformance/parserMemberAccessorDeclaration18(target=es2015):0:2	WRONG	any:configured:identifier
conformance/parserMissingLambdaOpenBrace1:0:18	WRONG	type-argument-differs
conformance/parserMissingLambdaOpenBrace1:0:2	WRONG	type-argument-differs
conformance/parserParameterList11:0:0	WRONG	optional-param-undefined-not-printed
conformance/parserParameterList11:0:1	WRONG	undefined-optionality
conformance/parserRealSource7:0:1256	WRONG	typed-where-native-any
conformance/parserRealSource7:0:13	WRONG	typed-where-native-any
conformance/parserRealSource7:0:1573	WRONG	typed-where-native-any
conformance/parserRealSource7:0:1577	WRONG	typed-where-native-any
conformance/parserRealSource7:0:1583	WRONG	typed-where-native-any
conformance/parserRealSource7:0:1592	WRONG	typed-where-native-any
conformance/parserRealSource7:0:1604	WRONG	typed-where-native-any
conformance/parserRealSource7:0:1607	WRONG	typed-where-native-any
conformance/parserRealSource7:0:2116	WRONG	typed-where-native-any
conformance/parserRealSource7:0:2120	WRONG	typed-where-native-any
conformance/parserRealSource7:0:2542	WRONG	typed-where-native-any
conformance/parserRealSource7:0:2547	WRONG	typed-where-native-any
conformance/parserRealSource7:0:2557	WRONG	typed-where-native-any
conformance/parserRealSource7:0:2644	WRONG	typed-where-native-any
conformance/parserRealSource7:0:2846	WRONG	typed-where-native-any
conformance/parserRealSource7:0:2858	WRONG	typed-where-native-any
conformance/parserRealSource7:0:2867	WRONG	typed-where-native-any
conformance/parserRealSource7:0:2885	WRONG	typed-where-native-any
conformance/parserRealSource7:0:2888	WRONG	typed-where-native-any
conformance/parserRealSource7:0:2892	WRONG	typed-where-native-any
conformance/parserRealSource7:0:2899	WRONG	typed-where-native-any
conformance/parserRealSource7:0:2912	WRONG	typed-where-native-any
conformance/parserRealSource7:0:2927	WRONG	typed-where-native-any
conformance/parserRealSource7:0:2961	WRONG	typed-where-native-any
conformance/parserRealSource7:0:2999	WRONG	typed-where-native-any
conformance/parserRealSource7:0:3029	WRONG	typed-where-native-any
conformance/parserRealSource7:0:3044	WRONG	typed-where-native-any
conformance/parserRealSource7:0:3110	WRONG	typed-where-native-any
conformance/parserRealSource7:0:3115	WRONG	typed-where-native-any
conformance/parserRealSource7:0:3122	WRONG	typed-where-native-any
conformance/parserRealSource7:0:3127	WRONG	typed-where-native-any
conformance/parserRealSource7:0:3172	WRONG	typed-where-native-any
conformance/parserRealSource7:0:34	WRONG	typed-where-native-any
conformance/parserRealSource7:0:364	WRONG	typed-where-native-any
conformance/parserRealSource7:0:366	WRONG	typed-where-native-any
conformance/parserStatementIsNotAMemberVariableDeclaration1(alwaysstrict=true):0:0	WRONG	any:configured:object-literal
conformance/parserStatementIsNotAMemberVariableDeclaration1(alwaysstrict=true):0:1	WRONG	any:configured:other-expression
conformance/parserStatementIsNotAMemberVariableDeclaration1(alwaysstrict=true):0:2	WRONG	any:configured:function-expression
conformance/parserTypeAssertionInObjectCreationExpression1:0:0	WRONG	any:call-error
conformance/parserUnfinishedTypeNameBeforeKeyword1:0:0	WRONG	typed-where-native-any
conformance/parserX_ArrowFunction3:0:0	WRONG	typed-where-native-any
conformance/partiallyAnnotatedFunctionInferenceError:0:11	WRONG	any:function-expression-error
conformance/partiallyAnnotatedFunctionInferenceError:0:17	WRONG	any:function-expression-error
conformance/partiallyAnnotatedFunctionInferenceError:0:23	WRONG	any:function-expression-error
conformance/partiallyAnnotatedFunctionInferenceWithTypeParameter:0:30	WRONG	any:call-error
conformance/partiallyAnnotatedFunctionInferenceWithTypeParameter:0:41	WRONG	never-where-native-typed
conformance/partiallyAnnotatedFunctionInferenceWithTypeParameter:0:65	WRONG	signature-differs
conformance/partiallyNamedTuples:0:16	WRONG	other
conformance/partiallyNamedTuples:0:17	WRONG	other
conformance/partiallyNamedTuples:0:18	WRONG	other
conformance/partiallyNamedTuples:0:20	WRONG	other
conformance/partiallyNamedTuples:0:21	WRONG	other
conformance/partiallyNamedTuples:0:22	WRONG	other
conformance/partiallyNamedTuples:0:26	WRONG	alias-port-kept
conformance/partiallyNamedTuples:0:27	WRONG	alias-port-kept
conformance/partiallyNamedTuples:0:28	WRONG	alias-port-kept
conformance/privateIdentifierExpando:0:3	GAP	js:gap:other-expression
conformance/privateNameAndPropertySignature:0:0	WRONG	any:type-reference-error
conformance/privateNameAndPropertySignature:0:12	WRONG	any:type-reference-error
conformance/privateNameAndPropertySignature:0:5	WRONG	any:type-reference-error
conformance/privateNameAndPropertySignature:0:7	WRONG	any:type-reference-error
conformance/privateNameComputedPropertyName3(target=es2015):0:31	WRONG	any:configured:new
conformance/privateNameComputedPropertyName3(target=es2022):0:31	WRONG	any:configured:new
conformance/privateNameComputedPropertyName3(target=esnext):0:31	WRONG	any:configured:new
conformance/privateNameInInExpression(target=es2022):0:104	WRONG	different-name
conformance/privateNameInInExpression(target=es2022):0:108	WRONG	different-name
conformance/privateNameInInExpression(target=es2022):0:112	WRONG	different-name
conformance/privateNameInInExpression(target=es2022):0:116	WRONG	alias-native-kept
conformance/privateNameInInExpression(target=es2022):0:117	WRONG	alias-native-kept
conformance/privateNameInInExpression(target=es2022):0:122	WRONG	different-name
conformance/privateNameInInExpression(target=es2022):0:126	WRONG	alias-port-kept
conformance/privateNameInInExpression(target=es2022):0:131	WRONG	alias-native-kept
conformance/privateNameInInExpression(target=es2022):0:132	WRONG	alias-native-kept
conformance/privateNameInInExpression(target=es2022):0:136	WRONG	union-extra-members
conformance/privateNameInInExpression(target=es2022):0:137	WRONG	alias-native-kept
conformance/privateNameInInExpression(target=es2022):0:144	WRONG	any:configured:identifier
conformance/privateNameInInExpression(target=es2022):0:92	WRONG	alias-native-kept
conformance/privateNameInInExpression(target=es2022):0:99	WRONG	different-name
conformance/privateNameInInExpression(target=esnext):0:104	WRONG	different-name
conformance/privateNameInInExpression(target=esnext):0:108	WRONG	different-name
conformance/privateNameInInExpression(target=esnext):0:112	WRONG	different-name
conformance/privateNameInInExpression(target=esnext):0:116	WRONG	alias-native-kept
conformance/privateNameInInExpression(target=esnext):0:117	WRONG	alias-native-kept
conformance/privateNameInInExpression(target=esnext):0:122	WRONG	different-name
conformance/privateNameInInExpression(target=esnext):0:126	WRONG	alias-port-kept
conformance/privateNameInInExpression(target=esnext):0:131	WRONG	alias-native-kept
conformance/privateNameInInExpression(target=esnext):0:132	WRONG	alias-native-kept
conformance/privateNameInInExpression(target=esnext):0:136	WRONG	union-extra-members
conformance/privateNameInInExpression(target=esnext):0:137	WRONG	alias-native-kept
conformance/privateNameInInExpression(target=esnext):0:144	WRONG	any:configured:identifier
conformance/privateNameInInExpression(target=esnext):0:92	WRONG	alias-native-kept
conformance/privateNameInInExpression(target=esnext):0:99	WRONG	different-name
conformance/privateNameInInExpressionTransform(target=es2020):0:55	WRONG	any:configured:identifier
conformance/privateNameInInExpressionTransform(target=es2022):0:55	WRONG	any:configured:identifier
conformance/privateNameInInExpressionTransform(target=esnext):0:55	WRONG	any:configured:identifier
conformance/privateNameInObjectLiteral-3(target=es2015):0:0	WRONG	partial-any
conformance/privateNameInObjectLiteral-3(target=es2015):0:1	WRONG	partial-any
conformance/privateNamesAndIndexedAccess:0:10	WRONG	typed-where-native-any
conformance/privateNamesAndIndexedAccess:0:7	WRONG	any:type-reference-error
conformance/privateNamesAssertion(target=es2022):0:17	WRONG	unknown-where-native-typed
conformance/privateNamesAssertion(target=es2022):0:33	WRONG	unknown-where-native-typed
conformance/privateNamesAssertion(target=esnext):0:17	WRONG	unknown-where-native-typed
conformance/privateNamesAssertion(target=esnext):0:33	WRONG	unknown-where-native-typed
conformance/privateNamesConstructorChain-1:0:6	WRONG	any:other
conformance/privateNamesConstructorChain-2:0:6	WRONG	any:other
conformance/privateNamesIncompatibleModifiersJs:0:16	WRONG	js:any:uncontextual-parameter
conformance/privateNamesIncompatibleModifiersJs:0:20	WRONG	js:any:uncontextual-parameter
conformance/privateNamesIncompatibleModifiersJs:0:24	WRONG	js:any:uncontextual-parameter
conformance/propertyAccessChain.2:0:13	WRONG	undefined-optionality
conformance/propertyAccessChain.2:0:18	WRONG	undefined-optionality
conformance/propertyAccessOnTypeParameterWithoutConstraints:0:1	WRONG	partial-any
conformance/propertyAccessOnTypeParameterWithoutConstraints:0:10	GAP	gap:call
conformance/propertyAccessOnTypeParameterWithoutConstraints:0:11	GAP	gap:property-access
conformance/propertyAccessOnTypeParameterWithoutConstraints:0:13	WRONG	any:property-lookup-error
conformance/propertyAccessOnTypeParameterWithoutConstraints:0:14	WRONG	any:any-initialiser-propagated
conformance/propertyAccessOnTypeParameterWithoutConstraints:0:15	WRONG	any:call-error
conformance/propertyAccessOnTypeParameterWithoutConstraints:0:16	WRONG	partial-any
conformance/propertyAccessOnTypeParameterWithoutConstraints:0:20	WRONG	partial-any
conformance/propertyAccessOnTypeParameterWithoutConstraints:0:3	GAP	gap:identifier
conformance/propertyAccessOnTypeParameterWithoutConstraints:0:4	GAP	gap:call
conformance/propertyAccessOnTypeParameterWithoutConstraints:0:5	GAP	gap:property-access
conformance/propertyAccessOnTypeParameterWithoutConstraints:0:50	WRONG	partial-any
conformance/propertyAccessOnTypeParameterWithoutConstraints:0:51	WRONG	partial-any
conformance/propertyAccessOnTypeParameterWithoutConstraints:0:52	WRONG	partial-any
conformance/propertyAccessOnTypeParameterWithoutConstraints:0:53	WRONG	partial-any
conformance/propertyAccessOnTypeParameterWithoutConstraints:0:55	GAP	gap:identifier
conformance/propertyAccessOnTypeParameterWithoutConstraints:0:56	GAP	gap:call
conformance/propertyAccessOnTypeParameterWithoutConstraints:0:57	GAP	gap:property-access
conformance/propertyAccessOnTypeParameterWithoutConstraints:0:60	GAP	gap:call
conformance/propertyAccessOnTypeParameterWithoutConstraints:0:61	GAP	gap:identifier
conformance/propertyAccessOnTypeParameterWithoutConstraints:0:62	GAP	gap:call
conformance/propertyAccessOnTypeParameterWithoutConstraints:0:63	GAP	gap:property-access
conformance/propertyAccessOnTypeParameterWithoutConstraints:0:65	WRONG	any:property-lookup-error
conformance/propertyAccessOnTypeParameterWithoutConstraints:0:66	WRONG	any:any-initialiser-propagated
conformance/propertyAccessOnTypeParameterWithoutConstraints:0:67	WRONG	any:call-error
conformance/propertyAccessOnTypeParameterWithoutConstraints:0:68	WRONG	partial-any
conformance/propertyAccessOnTypeParameterWithoutConstraints:0:69	WRONG	partial-any
conformance/propertyAccessOnTypeParameterWithoutConstraints:0:70	WRONG	partial-any
conformance/propertyAccessOnTypeParameterWithoutConstraints:0:8	GAP	gap:call
conformance/propertyAccessOnTypeParameterWithoutConstraints:0:9	GAP	gap:identifier
conformance/propertyAccessWidening:0:40	WRONG	any:variable-initialiser-error
conformance/propertyAccessWidening:0:41	WRONG	any:property-lookup-error
conformance/propertyAccessWidening:0:46	WRONG	any:property-lookup-error
conformance/propertyAccessWidening:0:47	WRONG	any:variable-initialiser-error
conformance/propertyAccessWidening:0:48	WRONG	any:property-lookup-error
conformance/propertyAndAccessorWithSameName:0:1	WRONG	any:other
conformance/propertyAndAccessorWithSameName:0:10	WRONG	any:other
conformance/propertyAndAccessorWithSameName:0:12	WRONG	any:other
conformance/propertyAndAccessorWithSameName:0:13	WRONG	any:uncontextual-parameter
conformance/propertyAndAccessorWithSameName:0:2	WRONG	any:other
conformance/propertyAndAccessorWithSameName:0:9	WRONG	any:other
conformance/readonlyArraysAndTuples:0:63	WRONG	any:other
conformance/readonlyArraysAndTuples:0:7	WRONG	alias-name-native-reassigned
conformance/readonlyArraysAndTuples:0:72	WRONG	any:other
conformance/readonlyArraysAndTuples:0:79	WRONG	any:other
conformance/recursiveMappedTypes:0:0	WRONG	typed-where-native-any
conformance/recursiveMappedTypes:0:1	WRONG	typed-where-native-any
conformance/recursiveMappedTypes:0:11	WRONG	other
conformance/recursiveMappedTypes:0:18	WRONG	parenthesization
conformance/recursiveMappedTypes:0:2	WRONG	typed-where-native-any
conformance/recursiveMappedTypes:0:20	WRONG	parenthesization
conformance/recursiveMappedTypes:0:24	WRONG	mapped-type-unresolved
conformance/recursiveMappedTypes:0:32	WRONG	alias-name-native-reassigned
conformance/recursiveMappedTypes:0:33	WRONG	alias-name-native-reassigned
conformance/recursiveMappedTypes:0:35	WRONG	alias-name-native-reassigned
conformance/recursiveMappedTypes:0:6	WRONG	typed-where-native-any
conformance/recursiveMappedTypes:0:7	WRONG	typed-where-native-any
conformance/recursiveTypeReferences1:0:131	WRONG	alias-native-kept
conformance/recursiveTypeReferences1:0:19	WRONG	other
conformance/recursiveTypeReferences1:0:24	WRONG	tuple-vs-array
conformance/recursiveTypeReferences1:0:30	WRONG	tuple-vs-array
conformance/recursiveTypeReferences1:0:39	WRONG	literal-widened
conformance/recursiveTypeReferences1:0:48	WRONG	literal-widened
conformance/recursiveTypeReferences1:0:49	WRONG	literal-widened
conformance/recursiveTypesWithTypeof:0:18	WRONG	object-members-differ
conformance/recursiveTypesWithTypeof:0:19	WRONG	object-members-differ
conformance/recursiveTypesWithTypeof:0:20	WRONG	object-members-differ
conformance/recursiveTypesWithTypeof:0:21	WRONG	object-members-differ
conformance/recursiveTypesWithTypeof:0:22	WRONG	object-members-differ
conformance/recursiveTypesWithTypeof:0:23	WRONG	object-members-differ
conformance/recursiveTypesWithTypeof:0:24	WRONG	object-members-differ
conformance/recursiveTypesWithTypeof:0:42	WRONG	any:call-error
conformance/recursiveTypesWithTypeof:0:62	WRONG	any:call-error
conformance/recursiveTypesWithTypeof:0:65	WRONG	object-members-differ
conformance/recursiveTypesWithTypeof:0:67	WRONG	object-members-differ
conformance/recursiveTypesWithTypeof:0:69	WRONG	object-members-differ
conformance/recursiveTypesWithTypeof:0:70	WRONG	object-members-differ
conformance/recursiveTypesWithTypeof:0:71	WRONG	object-members-differ
conformance/recursiveTypesWithTypeof:0:72	WRONG	object-members-differ
conformance/recursiveTypesWithTypeof:0:74	WRONG	object-members-differ
conformance/recursiveTypesWithTypeof:0:75	WRONG	object-members-differ
conformance/recursiveTypesWithTypeof:0:76	WRONG	object-members-differ
conformance/recursiveTypesWithTypeof:0:78	WRONG	any:type-reference-error
conformance/recursiveTypesWithTypeof:0:79	WRONG	any:type-reference-error
conformance/recursiveTypesWithTypeof:0:80	WRONG	any:type-reference-error
conformance/recursiveTypesWithTypeof:0:81	WRONG	any:type-reference-error
conformance/recursiveTypesWithTypeof:0:82	WRONG	any:property-lookup-error
conformance/recursiveTypesWithTypeof:0:83	WRONG	any:property-lookup-error
conformance/recursiveTypesWithTypeof:0:84	WRONG	any:type-reference-error
conformance/recursiveTypesWithTypeof:0:86	WRONG	any:property-lookup-error
conformance/recursiveTypesWithTypeof:0:87	WRONG	object-members-differ
conformance/recursiveTypesWithTypeof:0:88	WRONG	object-members-differ
conformance/recursiveTypesWithTypeof:0:89	WRONG	object-members-differ
conformance/recursiveTypesWithTypeof:0:90	WRONG	object-members-differ
conformance/recursiveTypesWithTypeof:0:91	WRONG	object-members-differ
conformance/recursiveTypesWithTypeof:0:92	WRONG	object-members-differ
conformance/recursiveTypesWithTypeof:0:93	WRONG	object-members-differ
conformance/recursiveTypesWithTypeof:0:94	WRONG	object-members-differ
conformance/reexportClassDefinition:0:2	WRONG	alias-port-kept
conformance/renamed:1:0	WRONG	alias-port-kept
conformance/renamed:1:1	WRONG	alias-port-kept
conformance/renamed:2:2	WRONG	any:type-reference-error
conformance/resolutionModeCache:2:2	WRONG	any:alias-target
conformance/resolutionModeCache:2:3	WRONG	any:alias-target
conformance/resolutionModeImportType1(moduleresolution=bundler):2:0	GAP	gap:identifier
conformance/resolutionModeImportType1(moduleresolution=bundler):2:2	GAP	gap:identifier
conformance/resolutionModeImportType1(moduleresolution=bundler):2:4	GAP	gap:identifier
conformance/resolutionModeImportType1(moduleresolution=bundler):2:6	GAP	gap:identifier
conformance/resolutionModeImportType1(moduleresolution=bundler):2:8	GAP	gap:identifier
conformance/restElementMustBeLast:0:11	WRONG	tuple-vs-array
conformance/restElementMustBeLast:0:6	WRONG	tuple-vs-array
conformance/restElementMustBeLast:0:7	WRONG	tuple-vs-array
conformance/restPropertyWithBindingPattern(target=es2015):0:13	WRONG	any:configured:object-literal
conformance/restPropertyWithBindingPattern(target=es2015):0:18	WRONG	any:configured:object-literal
conformance/restTupleElements1:0:76	WRONG	any:call-error
conformance/restTupleElements1:0:79	WRONG	any:call-error
conformance/restTupleElements1:0:8	WRONG	different-name
conformance/restTupleElements1:0:9	WRONG	any:type-reference-error
conformance/restTupleElements1:0:91	WRONG	literal-widened
conformance/restTuplesFromContextualTypes:0:122	WRONG	rest-tuple-params-not-expanded
conformance/restTuplesFromContextualTypes:0:126	WRONG	signature-differs
conformance/restTuplesFromContextualTypes:0:153	WRONG	rest-tuple-params-not-expanded
conformance/restTuplesFromContextualTypes:0:154	WRONG	rest-tuple-params-not-expanded
conformance/restTuplesFromContextualTypes:0:160	WRONG	signature-differs
conformance/restTuplesFromContextualTypes:0:161	WRONG	signature-differs
conformance/restTuplesFromContextualTypes:0:199	WRONG	rest-tuple-params-not-expanded
conformance/restTuplesFromContextualTypes:0:203	WRONG	signature-differs
conformance/restTuplesFromContextualTypes:0:236	WRONG	signature-differs
conformance/restTuplesFromContextualTypes:0:237	WRONG	signature-differs
conformance/restTuplesFromContextualTypes:0:250	WRONG	any:function-expression-error
conformance/restTuplesFromContextualTypes:0:254	WRONG	any:function-expression-error
conformance/restTuplesFromContextualTypes:0:259	WRONG	any:function-expression-error
conformance/restTuplesFromContextualTypes:0:81	WRONG	rest-tuple-params-not-expanded
conformance/restTuplesFromContextualTypes:0:82	WRONG	rest-tuple-params-not-expanded
conformance/restTuplesFromContextualTypes:0:87	WRONG	signature-differs
conformance/restTuplesFromContextualTypes:0:88	WRONG	signature-differs
conformance/returnTagTypeGuard:0:18	WRONG	js:partial-any
conformance/returnTagTypeGuard:0:20	GAP	js:gap:identifier
conformance/returnTagTypeGuard:0:21	WRONG	js:union-members-differ
conformance/returnTagTypeGuard:0:27	GAP	js:gap:property-access
conformance/returnTagTypeGuard:0:28	WRONG	js:alias-native-kept
conformance/returnTagTypeGuard:0:29	WRONG	js:any:uncontextual-parameter
conformance/returnTagTypeGuard:0:30	GAP	js:gap:property-access
conformance/returnTagTypeGuard:0:31	WRONG	js:alias-native-kept
conformance/returnTagTypeGuard:0:32	WRONG	js:any:uncontextual-parameter
conformance/returnTagTypeGuard:0:33	GAP	js:gap:identifier
conformance/returnTagTypeGuard:0:40	WRONG	js:union-order
conformance/returnTagTypeGuard:0:45	WRONG	js:alias-native-kept
conformance/scannerStringLiterals:0:8	WRONG	literal-mixed
conformance/scannerStringLiterals:0:9	WRONG	literal-mixed
conformance/sourceFileMergeWithFunction:0:0	WRONG	partial-any
conformance/spreadObjectOrFalsy:0:24	WRONG	type-param-constraint
conformance/staticIndexSignature5:0:15	WRONG	alias-name-native-reassigned
conformance/staticIndexSignature5:0:17	WRONG	alias-name-native-reassigned
conformance/staticIndexSignature5:0:18	WRONG	alias-name-native-reassigned
conformance/staticIndexSignature5:0:20	WRONG	alias-name-native-reassigned
conformance/staticIndexSignature6:0:26	WRONG	alias-port-kept
conformance/staticIndexSignature6:0:27	WRONG	alias-port-kept
conformance/staticIndexSignature6:0:31	WRONG	alias-port-kept
conformance/staticPropertyNameConflicts(target=es2015,usedefineforclassfields=false):0:191	WRONG	different-name
conformance/staticPropertyNameConflicts(target=es2015,usedefineforclassfields=false):0:195	WRONG	different-name
conformance/staticPropertyNameConflicts(target=es2015,usedefineforclassfields=false):0:327	WRONG	different-name
conformance/staticPropertyNameConflicts(target=es2015,usedefineforclassfields=false):0:330	WRONG	different-name
conformance/staticPropertyNameConflicts(target=es2015,usedefineforclassfields=false):0:62	WRONG	different-name
conformance/staticPropertyNameConflicts(target=es2015,usedefineforclassfields=false):0:65	WRONG	different-name
conformance/staticPropertyNameConflicts(target=es2015,usedefineforclassfields=true):0:191	WRONG	different-name
conformance/staticPropertyNameConflicts(target=es2015,usedefineforclassfields=true):0:195	WRONG	different-name
conformance/staticPropertyNameConflicts(target=es2015,usedefineforclassfields=true):0:327	WRONG	different-name
conformance/staticPropertyNameConflicts(target=es2015,usedefineforclassfields=true):0:330	WRONG	different-name
conformance/staticPropertyNameConflicts(target=es2015,usedefineforclassfields=true):0:62	WRONG	different-name
conformance/staticPropertyNameConflicts(target=es2015,usedefineforclassfields=true):0:65	WRONG	different-name
conformance/staticPropertyNameConflictsInAmbientContext:0:13	WRONG	different-name
conformance/staticPropertyNameConflictsInAmbientContext:0:16	WRONG	any:type-reference-error
conformance/strictBindCallApply1:0:398	WRONG	any:call-error
conformance/strictBindCallApply1:0:403	WRONG	any:call-error
conformance/strictBindCallApply1:0:423	WRONG	alias-port-kept
conformance/stringMappingDeferralInConditionalTypes:0:12	WRONG	different-name
conformance/stringMappingDeferralInConditionalTypes:0:13	WRONG	literal-mixed
conformance/stringMappingDeferralInConditionalTypes:0:15	WRONG	literal-mixed
conformance/stringMappingReduction:0:16	WRONG	alias-port-kept
conformance/stringMappingReduction:0:20	WRONG	alias-port-kept
conformance/stringMappingReduction:0:23	WRONG	alias-port-kept
conformance/stringMappingReduction:0:26	WRONG	alias-port-kept
conformance/subtypesOfTypeParameter:0:133	WRONG	type-param-rename
conformance/subtypesOfTypeParameter:0:134	WRONG	type-param-rename
conformance/subtypesOfTypeParameter:0:136	WRONG	type-param-rename
conformance/subtypesOfTypeParameter:0:140	WRONG	type-param-rename
conformance/subtypesOfTypeParameter:0:141	WRONG	type-param-rename
conformance/subtypesOfTypeParameter:0:144	WRONG	type-param-rename
conformance/subtypesOfTypeParameterWithConstraints2:0:216	WRONG	type-param-rename
conformance/subtypesOfTypeParameterWithConstraints2:0:217	WRONG	type-param-rename
conformance/subtypesOfTypeParameterWithConstraints2:0:219	WRONG	type-param-rename
conformance/subtypesOfTypeParameterWithConstraints2:0:223	WRONG	type-param-rename
conformance/subtypesOfTypeParameterWithConstraints2:0:224	WRONG	type-param-rename
conformance/subtypesOfTypeParameterWithConstraints2:0:227	WRONG	type-param-rename
conformance/subtypesOfUnion:0:32	WRONG	type-param-rename
conformance/subtypesOfUnion:0:56	WRONG	type-param-rename
conformance/subtypingWithCallSignatures2:0:414	WRONG	array-sugar
conformance/subtypingWithCallSignatures2:0:415	WRONG	array-sugar
conformance/subtypingWithCallSignatures2:0:419	WRONG	array-sugar
conformance/subtypingWithCallSignatures2:0:420	WRONG	array-sugar
conformance/subtypingWithCallSignatures2:0:427	WRONG	array-sugar
conformance/subtypingWithCallSignatures2:0:428	WRONG	array-sugar
conformance/subtypingWithCallSignatures2:0:429	WRONG	array-sugar
conformance/subtypingWithCallSignatures2:0:430	WRONG	array-sugar
conformance/subtypingWithCallSignatures2:0:431	WRONG	array-sugar
conformance/subtypingWithCallSignatures2:0:432	WRONG	array-sugar
conformance/subtypingWithCallSignatures2:0:433	WRONG	array-sugar
conformance/subtypingWithCallSignatures2:0:434	WRONG	array-sugar
conformance/subtypingWithCallSignatures2:0:435	WRONG	array-sugar
conformance/subtypingWithCallSignatures2:0:441	WRONG	array-sugar
conformance/subtypingWithCallSignatures2:0:442	WRONG	array-sugar
conformance/subtypingWithCallSignatures2:0:450	WRONG	array-sugar
conformance/subtypingWithCallSignatures2:0:451	WRONG	array-sugar
conformance/subtypingWithCallSignatures2:0:453	WRONG	array-sugar
conformance/subtypingWithCallSignatures2:0:454	WRONG	array-sugar
conformance/subtypingWithCallSignatures2:0:455	WRONG	array-sugar
conformance/subtypingWithCallSignatures2:0:456	WRONG	array-sugar
conformance/subtypingWithCallSignatures3:0:215	WRONG	array-sugar
conformance/subtypingWithCallSignatures3:0:216	WRONG	array-sugar
conformance/subtypingWithCallSignatures3:0:228	WRONG	array-sugar
conformance/subtypingWithCallSignatures3:0:229	WRONG	array-sugar
conformance/subtypingWithCallSignatures3:0:230	WRONG	array-sugar
conformance/subtypingWithCallSignatures3:0:232	WRONG	array-sugar
conformance/subtypingWithCallSignatures3:0:233	WRONG	array-sugar
conformance/subtypingWithCallSignatures3:0:234	WRONG	array-sugar
conformance/subtypingWithCallSignatures3:0:235	WRONG	array-sugar
conformance/superCallParameterContextualTyping1:0:11	WRONG	any:call-error
conformance/superCallParameterContextualTyping1:0:12	WRONG	any:contextual-parameter
conformance/superCallParameterContextualTyping1:0:13	WRONG	any:contextual-parameter
conformance/superCallParameterContextualTyping1:0:14	WRONG	any:contextual-parameter
conformance/superCallParameterContextualTyping1:0:7	GAP	gap:function-expression
conformance/superCallParameterContextualTyping1:0:8	WRONG	any:contextual-parameter
conformance/superCallParameterContextualTyping2:0:12	WRONG	any:contextual-parameter
conformance/superCallParameterContextualTyping2:0:7	WRONG	any:function-expression-error
conformance/superCallParameterContextualTyping2:0:8	WRONG	any:contextual-parameter
conformance/superCallParameterContextualTyping3:0:10	WRONG	partial-any
conformance/superCallParameterContextualTyping3:0:11	WRONG	partial-any
conformance/superCallParameterContextualTyping3:0:12	WRONG	any:contextual-parameter
conformance/superCallParameterContextualTyping3:0:13	WRONG	any:contextual-parameter
conformance/superCallParameterContextualTyping3:0:14	WRONG	any:contextual-parameter
conformance/superCallParameterContextualTyping3:0:15	WRONG	any:contextual-parameter
conformance/superPropertyAccessNoError(target=es2015):0:67	WRONG	this-type
conformance/superPropertyAccessNoError(target=es2015):0:68	WRONG	this-type
conformance/superPropertyAccessNoError(target=es2015):0:69	WRONG	this-type
conformance/superPropertyAccessNoError(target=es2015):0:71	WRONG	this-type
conformance/superPropertyAccessNoError(target=es2015):0:75	WRONG	any:configured:call
conformance/superPropertyAccessNoError(target=es2015):0:76	WRONG	any:configured:call
conformance/superPropertyAccessNoError(target=es2015):0:77	WRONG	different-name
conformance/superPropertyAccessNoError(target=es2015):0:78	WRONG	signature-differs
conformance/superPropertyAccessNoError(target=es2015):0:80	WRONG	signature-differs
conformance/superPropertyAccessNoError(target=es2015):0:81	WRONG	any:configured:identifier
conformance/symbolDeclarationEmit3:0:1	WRONG	object-members-differ
conformance/symbolDeclarationEmit3:0:11	WRONG	object-members-differ
conformance/symbolDeclarationEmit3:0:6	WRONG	object-members-differ
conformance/symbolProperty39:0:1	WRONG	partial-any
conformance/symbolProperty39:0:11	WRONG	partial-any
conformance/symbolProperty39:0:17	WRONG	partial-any
conformance/symbolProperty39:0:6	WRONG	partial-any
conformance/symbolProperty40:0:1	WRONG	partial-any
conformance/symbolProperty40:0:11	WRONG	partial-any
conformance/symbolProperty40:0:21	WRONG	partial-any
conformance/symbolProperty40:0:28	WRONG	partial-any
conformance/symbolProperty40:0:6	WRONG	partial-any
conformance/symbolProperty41:0:1	WRONG	partial-any
conformance/symbolProperty41:0:14	WRONG	partial-any
conformance/symbolProperty41:0:24	WRONG	partial-any
conformance/symbolProperty41:0:31	WRONG	partial-any
conformance/symbolProperty41:0:7	WRONG	partial-any
conformance/symbolProperty61:0:1	WRONG	literal-widened
conformance/symbolProperty61:0:2	WRONG	literal-widened
conformance/symbolProperty61:0:20	WRONG	literal-widened
conformance/symbolProperty61:0:24	WRONG	literal-widened
conformance/symbolProperty61:0:26	WRONG	literal-widened
conformance/symbolProperty61:0:3	WRONG	literal-widened
conformance/symbolProperty61:0:35	WRONG	literal-widened
conformance/symbolProperty61:0:37	WRONG	literal-widened
conformance/symbolProperty61:0:38	GAP	gap:call
conformance/symbolProperty61:0:5	WRONG	literal-widened
conformance/symbolProperty61:0:6	WRONG	literal-widened
conformance/symbolProperty61:0:8	WRONG	literal-widened
conformance/taggedTemplateContextualTyping2:0:45	WRONG	different-name
conformance/taggedTemplateStringsTypeArgumentInference:0:2	WRONG	any:call-error
conformance/taggedTemplateStringsTypeArgumentInference:0:7	WRONG	any:call-error
conformance/taggedTemplateStringsTypeArgumentInferenceES6:0:2	WRONG	any:call-error
conformance/taggedTemplateStringsTypeArgumentInferenceES6:0:7	WRONG	any:call-error
conformance/taggedTemplateStringsWithOverloadResolution1:0:65	WRONG	different-name
conformance/taggedTemplateStringsWithOverloadResolution1:0:66	WRONG	different-name
conformance/taggedTemplateStringsWithOverloadResolution1:0:77	WRONG	different-name
conformance/taggedTemplateStringsWithOverloadResolution1:0:78	WRONG	different-name
conformance/taggedTemplateStringsWithOverloadResolution1_ES6:0:65	WRONG	different-name
conformance/taggedTemplateStringsWithOverloadResolution1_ES6:0:66	WRONG	different-name
conformance/taggedTemplateStringsWithOverloadResolution1_ES6:0:77	WRONG	different-name
conformance/taggedTemplateStringsWithOverloadResolution1_ES6:0:78	WRONG	different-name
conformance/taggedTemplateStringsWithOverloadResolution2:0:28	WRONG	different-name
conformance/taggedTemplateStringsWithOverloadResolution2:0:29	WRONG	different-name
conformance/taggedTemplateStringsWithOverloadResolution2_ES6:0:28	WRONG	different-name
conformance/taggedTemplateStringsWithOverloadResolution2_ES6:0:29	WRONG	different-name
conformance/taggedTemplateStringsWithOverloadResolution3:0:107	WRONG	any:call-error
conformance/taggedTemplateStringsWithOverloadResolution3:0:12	WRONG	different-name
conformance/taggedTemplateStringsWithOverloadResolution3:0:164	WRONG	any:function-expression-error
conformance/taggedTemplateStringsWithOverloadResolution3:0:165	WRONG	any:contextual-parameter
conformance/taggedTemplateStringsWithOverloadResolution3:0:168	WRONG	any:contextual-parameter
conformance/taggedTemplateStringsWithOverloadResolution3:0:173	WRONG	any:function-expression-error
conformance/taggedTemplateStringsWithOverloadResolution3:0:174	WRONG	any:contextual-parameter
conformance/taggedTemplateStringsWithOverloadResolution3:0:175	WRONG	any:call-error
conformance/taggedTemplateStringsWithOverloadResolution3:0:176	WRONG	any:contextual-parameter
conformance/taggedTemplateStringsWithOverloadResolution3:0:177	WRONG	any:contextual-parameter
conformance/taggedTemplateStringsWithOverloadResolution3:0:178	WRONG	any:contextual-parameter
conformance/taggedTemplateStringsWithOverloadResolution3:0:8	WRONG	different-name
conformance/taggedTemplateStringsWithOverloadResolution3_ES6:0:107	WRONG	any:call-error
conformance/taggedTemplateStringsWithOverloadResolution3_ES6:0:12	WRONG	different-name
conformance/taggedTemplateStringsWithOverloadResolution3_ES6:0:164	WRONG	any:function-expression-error
conformance/taggedTemplateStringsWithOverloadResolution3_ES6:0:165	WRONG	any:contextual-parameter
conformance/taggedTemplateStringsWithOverloadResolution3_ES6:0:168	WRONG	any:contextual-parameter
conformance/taggedTemplateStringsWithOverloadResolution3_ES6:0:173	WRONG	any:function-expression-error
conformance/taggedTemplateStringsWithOverloadResolution3_ES6:0:174	WRONG	any:contextual-parameter
conformance/taggedTemplateStringsWithOverloadResolution3_ES6:0:175	WRONG	any:call-error
conformance/taggedTemplateStringsWithOverloadResolution3_ES6:0:176	WRONG	any:contextual-parameter
conformance/taggedTemplateStringsWithOverloadResolution3_ES6:0:177	WRONG	any:contextual-parameter
conformance/taggedTemplateStringsWithOverloadResolution3_ES6:0:178	WRONG	any:contextual-parameter
conformance/taggedTemplateStringsWithOverloadResolution3_ES6:0:8	WRONG	different-name
conformance/templateLiteralTypes2:0:143	WRONG	alias-port-kept
conformance/templateLiteralTypes2:0:183	WRONG	any:variable-initialiser-error
conformance/templateLiteralTypes2:0:184	WRONG	any:call-error
conformance/templateLiteralTypes2:0:189	WRONG	any:variable-initialiser-error
conformance/templateLiteralTypes2:0:190	WRONG	any:call-error
conformance/templateLiteralTypes2:0:194	WRONG	any:variable-initialiser-error
conformance/templateLiteralTypes2:0:195	WRONG	any:call-error
conformance/templateLiteralTypes2:0:202	WRONG	any:variable-initialiser-error
conformance/templateLiteralTypes2:0:203	WRONG	any:call-error
conformance/templateLiteralTypes2:0:207	WRONG	any:variable-initialiser-error
conformance/templateLiteralTypes2:0:208	WRONG	any:call-error
conformance/templateLiteralTypes3:0:19	WRONG	any:variable-initialiser-error
conformance/templateLiteralTypes3:0:20	WRONG	any:call-error
conformance/templateLiteralTypes6:0:13	WRONG	literal-mixed
conformance/templateStringMultiline3:0:0	WRONG	literal-mixed
conformance/thisInInvalidContexts:0:20	WRONG	any:call-error
conformance/thisInInvalidContextsExternalModule(target=es2015):0:20	WRONG	any:configured:call
conformance/thisInObjectLiterals:0:19	WRONG	this-type
conformance/thisTypeErrors2:0:5	WRONG	any:type-reference-error
conformance/thisTypeErrors:0:12	WRONG	this-type
conformance/thisTypeErrors:0:22	WRONG	this-type
conformance/thisTypeErrors:0:3	WRONG	any:type-reference-error
conformance/thisTypeInAccessors(target=es2015):0:2	WRONG	this-type
conformance/thisTypeInAccessors(target=es2015):0:3	WRONG	this-type
conformance/thisTypeInAccessors(target=es2015):0:32	WRONG	alias-native-kept
conformance/thisTypeInAccessors(target=es2015):0:35	WRONG	object-members-differ
conformance/thisTypeInAccessors(target=es2015):0:36	WRONG	object-members-differ
conformance/thisTypeInAccessors(target=es2015):0:39	WRONG	different-name
conformance/thisTypeInAccessors(target=es2015):0:41	WRONG	alias-native-kept
conformance/thisTypeInAccessors(target=es2015):0:43	WRONG	different-name
conformance/thisTypeInAccessors(target=es2015):0:61	WRONG	different-name
conformance/thisTypeInAccessors(target=es2015):0:64	WRONG	any:configured:property-access
conformance/thisTypeInAccessors(target=es2015):0:65	WRONG	any:configured:identifier
conformance/thisTypeInAccessors(target=es2015):0:66	WRONG	any:configured:identifier
conformance/thisTypeInAccessorsNegative(target=es2015):0:12	WRONG	different-name
conformance/thisTypeInAccessorsNegative(target=es2015):0:14	WRONG	different-name
conformance/thisTypeInAccessorsNegative(target=es2015):0:3	WRONG	object-members-differ
conformance/thisTypeInAccessorsNegative(target=es2015):0:4	WRONG	object-members-differ
conformance/thisTypeInAccessorsNegative(target=es2015):0:7	WRONG	different-name
conformance/thisTypeInFunctions:0:471	WRONG	partial-any
conformance/thisTypeInFunctions:0:475	WRONG	partial-any
conformance/thisTypeInFunctions:0:476	WRONG	any:contextual-parameter
conformance/thisTypeInFunctions:0:477	WRONG	any:contextual-parameter
conformance/thisTypeInFunctions:0:478	WRONG	any:binary-operand
conformance/thisTypeInFunctions:0:482	WRONG	any:contextual-parameter
conformance/thisTypeInFunctionsNegative:0:467	WRONG	signature-differs
conformance/thisTypeInFunctionsNegative:0:468	WRONG	typed-where-native-any
conformance/thisTypeInFunctionsNegative:0:500	WRONG	alias-native-kept
conformance/thisTypeInFunctionsNegative:0:501	WRONG	typed-where-native-any
conformance/thisTypeInFunctionsNegative:0:510	WRONG	alias-native-kept
conformance/thisTypeInFunctionsNegative:0:511	WRONG	typed-where-native-any
conformance/thisTypeInFunctionsNegative:0:520	WRONG	alias-native-kept
conformance/thisTypeInFunctionsNegative:0:521	WRONG	typed-where-native-any
conformance/thisTypeInObjectLiterals2(target=es2015):0:0	WRONG	partial-any
conformance/thisTypeInObjectLiterals2(target=es2015):0:1	WRONG	partial-any
conformance/thisTypeInObjectLiterals2(target=es2015):0:19	WRONG	partial-any
conformance/thisTypeInObjectLiterals2(target=es2015):0:21	WRONG	any:configured:identifier
conformance/thisTypeInObjectLiterals2(target=es2015):0:22	WRONG	any:configured:property-access
conformance/thisTypeInObjectLiterals2(target=es2015):0:23	WRONG	any:configured:identifier
conformance/thisTypeInObjectLiterals2(target=es2015):0:24	WRONG	any:configured:identifier
conformance/thisTypeInObjectLiterals2(target=es2015):0:25	WRONG	any:configured:identifier
conformance/thisTypeInObjectLiterals2(target=es2015):0:26	WRONG	any:configured:identifier
conformance/thisTypeInObjectLiterals2(target=es2015):0:27	WRONG	any:configured:other-expression
conformance/thisTypeInObjectLiterals2(target=es2015):0:29	WRONG	partial-any
conformance/thisTypeInObjectLiterals2(target=es2015):0:31	WRONG	any:configured:identifier
conformance/thisTypeInObjectLiterals2(target=es2015):0:412	WRONG	unknown-where-native-typed
conformance/thisTypeInObjectLiterals2(target=es2015):0:6	WRONG	this-type
conformance/thisTypeInObjectLiterals:0:14	WRONG	this-type
conformance/thisTypeInObjectLiterals:0:24	WRONG	this-type
conformance/thisTypeInObjectLiterals:0:33	WRONG	this-type
conformance/thisTypeInObjectLiterals:0:7	WRONG	this-type
conformance/thisTypeInTaggedTemplateCall:0:11	GAP	gap:other-expression
conformance/thisTypeInTaggedTemplateCall:0:6	GAP	gap:other-expression
conformance/topLevelAwait.1(module=es2022,target=es2015):0:21	WRONG	any:configured:call
conformance/topLevelAwait.1(module=es2022,target=es2015):0:38	WRONG	alias-port-kept
conformance/topLevelAwait.1(module=es2022,target=es2015):0:4	WRONG	any:configured:other-expression
conformance/topLevelAwait.1(module=es2022,target=es2015):0:7	WRONG	any:configured:other-expression
conformance/topLevelAwait.1(module=es2022,target=es2015):0:70	WRONG	any:configured:identifier
conformance/topLevelAwait.1(module=es2022,target=es2017):0:21	GAP	gap:call
conformance/topLevelAwait.1(module=es2022,target=es2017):0:38	WRONG	alias-port-kept
conformance/topLevelAwait.1(module=es2022,target=es2017):0:4	GAP	gap:other-expression
conformance/topLevelAwait.1(module=es2022,target=es2017):0:7	GAP	gap:other-expression
conformance/topLevelAwait.1(module=es2022,target=es2017):0:70	GAP	gap:identifier
conformance/topLevelAwait.1(module=esnext,target=es2015):0:21	WRONG	any:configured:call
conformance/topLevelAwait.1(module=esnext,target=es2015):0:38	WRONG	alias-port-kept
conformance/topLevelAwait.1(module=esnext,target=es2015):0:4	WRONG	any:configured:other-expression
conformance/topLevelAwait.1(module=esnext,target=es2015):0:7	WRONG	any:configured:other-expression
conformance/topLevelAwait.1(module=esnext,target=es2015):0:70	WRONG	any:configured:identifier
conformance/topLevelAwait.1(module=esnext,target=es2017):0:21	GAP	gap:call
conformance/topLevelAwait.1(module=esnext,target=es2017):0:38	WRONG	alias-port-kept
conformance/topLevelAwait.1(module=esnext,target=es2017):0:4	GAP	gap:other-expression
conformance/topLevelAwait.1(module=esnext,target=es2017):0:7	GAP	gap:other-expression
conformance/topLevelAwait.1(module=esnext,target=es2017):0:70	GAP	gap:identifier
conformance/trailingCommasInFunctionParametersAndArguments(target=es2015):0:11	WRONG	any:configured:property-access
conformance/tsxAttributeResolution15:0:17	WRONG	any:jsx
conformance/tsxAttributeResolution15:0:18	WRONG	any:function-expression-error
conformance/tsxAttributeResolution15:0:19	WRONG	any:contextual-parameter
conformance/tsxAttributeResolution15:0:20	WRONG	any:binary-operand
conformance/tsxAttributeResolution15:0:24	WRONG	any:contextual-parameter
conformance/tsxAttributeResolution2:0:13	WRONG	any:jsx
conformance/tsxAttributeResolution2:0:14	WRONG	any:function-expression-error
conformance/tsxGenericAttributesType1:0:10	WRONG	qualified-name-choice
conformance/tsxGenericAttributesType1:0:18	WRONG	qualified-name-choice
conformance/tsxGenericAttributesType1:0:19	WRONG	qualified-name-choice
conformance/tsxGenericAttributesType1:0:22	WRONG	qualified-name-choice
conformance/tsxGenericAttributesType1:0:33	WRONG	qualified-name-choice
conformance/tsxGenericAttributesType1:0:34	WRONG	qualified-name-choice
conformance/tsxGenericAttributesType1:0:39	WRONG	qualified-name-choice
conformance/tsxGenericAttributesType1:0:6	WRONG	qualified-name-choice
conformance/tsxGenericAttributesType1:0:7	WRONG	qualified-name-choice
conformance/tsxGenericAttributesType2:0:11	WRONG	qualified-name-choice
conformance/tsxGenericAttributesType2:0:7	WRONG	qualified-name-choice
conformance/tsxGenericAttributesType2:0:8	WRONG	qualified-name-choice
conformance/tsxGenericAttributesType3:0:18	WRONG	qualified-name-choice
conformance/tsxGenericAttributesType3:0:20	WRONG	qualified-name-choice
conformance/tsxGenericAttributesType4:0:17	WRONG	qualified-name-choice
conformance/tsxGenericAttributesType4:0:19	WRONG	qualified-name-choice
conformance/tsxGenericAttributesType9:0:13	WRONG	qualified-name-choice
conformance/tsxGenericAttributesType9:0:15	WRONG	qualified-name-choice
conformance/tsxInArrowFunction:0:11	WRONG	any:function-expression-error
conformance/tsxSpreadAttributesResolution4:0:41	WRONG	any:literal-expression-error
conformance/tsxSpreadAttributesResolution4:0:42	WRONG	any:literal-expression-error
conformance/tsxSpreadAttributesResolution4:0:43	WRONG	any:function-expression-error
conformance/tsxSpreadAttributesResolution4:0:44	WRONG	any:contextual-parameter
conformance/tsxSpreadAttributesResolution4:0:45	WRONG	any:binary-operand
conformance/tsxSpreadAttributesResolution4:0:49	WRONG	any:contextual-parameter
conformance/tsxSpreadChildrenInvalidType(jsx=react-jsx,target=es2015):0:22	WRONG	signature-differs
conformance/tsxSpreadChildrenInvalidType(jsx=react-jsx,target=es2015):0:24	WRONG	typed-where-native-any
conformance/tsxSpreadChildrenInvalidType(jsx=react-jsx,target=es2015):0:26	WRONG	typed-where-native-any
conformance/tsxSpreadChildrenInvalidType(jsx=react-jsx,target=es2015):0:27	WRONG	signature-differs
conformance/tsxSpreadChildrenInvalidType(jsx=react-jsx,target=es2015):0:41	WRONG	signature-differs
conformance/tsxSpreadChildrenInvalidType(jsx=react-jsx,target=es2015):0:43	WRONG	typed-where-native-any
conformance/tsxSpreadChildrenInvalidType(jsx=react-jsx,target=es2015):0:47	WRONG	typed-where-native-any
conformance/tsxSpreadChildrenInvalidType(jsx=react-jsx,target=es2015):0:48	WRONG	signature-differs
conformance/tsxSpreadChildrenInvalidType(jsx=react-jsx,target=es2015):0:5	WRONG	signature-differs
conformance/tsxSpreadChildrenInvalidType(jsx=react-jsx,target=es2015):0:63	WRONG	typed-where-native-any
conformance/tsxSpreadChildrenInvalidType(jsx=react-jsx,target=es2015):0:64	WRONG	signature-differs
conformance/tsxSpreadChildrenInvalidType(jsx=react-jsx,target=es2015):0:9	WRONG	typed-where-native-any
conformance/tsxStatelessFunctionComponentOverload5:0:54	WRONG	any:jsx
conformance/tsxStatelessFunctionComponentOverload5:0:55	WRONG	any:function-expression-error
conformance/tsxStatelessFunctionComponentOverload5:0:56	WRONG	any:contextual-parameter
conformance/tsxStatelessFunctionComponentOverload5:0:79	WRONG	any:literal-expression-error
conformance/tsxStatelessFunctionComponentOverload5:0:80	WRONG	any:literal-expression-error
conformance/tsxStatelessFunctionComponentOverload5:0:81	WRONG	any:function-expression-error
conformance/tsxStatelessFunctionComponentOverload5:0:82	WRONG	any:contextual-parameter
conformance/tsxStatelessFunctionComponentOverload6:0:113	WRONG	any:jsx
conformance/tsxStatelessFunctionComponentOverload6:0:114	WRONG	any:function-expression-error
conformance/tsxStatelessFunctionComponentOverload6:0:115	WRONG	any:contextual-parameter
conformance/tsxStatelessFunctionComponentOverload6:0:56	WRONG	any:jsx
conformance/tsxStatelessFunctionComponentOverload6:0:57	WRONG	any:function-expression-error
conformance/tsxStatelessFunctionComponentOverload6:0:58	WRONG	any:contextual-parameter
conformance/tsxStatelessFunctionComponents1:0:72	WRONG	any:jsx
conformance/tsxStatelessFunctionComponents1:0:73	WRONG	any:function-expression-error
conformance/tsxStatelessFunctionComponents2:0:32	WRONG	any:jsx
conformance/tsxStatelessFunctionComponents2:0:33	WRONG	any:function-expression-error
conformance/tsxStatelessFunctionComponents2:0:34	WRONG	any:contextual-parameter
conformance/tsxStatelessFunctionComponents2:0:35	WRONG	any:call-error
conformance/tsxStatelessFunctionComponents2:0:36	WRONG	any:contextual-parameter
conformance/tsxStatelessFunctionComponents2:0:37	WRONG	any:contextual-parameter
conformance/tsxStatelessFunctionComponents2:0:38	WRONG	any:contextual-parameter
conformance/tsxStatelessFunctionComponents2:0:39	WRONG	any:contextual-parameter
conformance/tsxStatelessFunctionComponents2:0:40	WRONG	any:contextual-parameter
conformance/tsxStatelessFunctionComponents2:0:45	WRONG	any:jsx
conformance/tsxStatelessFunctionComponents2:0:46	WRONG	any:function-expression-error
conformance/tsxStatelessFunctionComponents2:0:47	WRONG	any:contextual-parameter
conformance/tsxStatelessFunctionComponents2:0:50	WRONG	any:contextual-parameter
conformance/tsxStatelessFunctionComponents2:0:51	WRONG	any:contextual-parameter
conformance/tsxStatelessFunctionComponents2:0:52	WRONG	any:contextual-parameter
conformance/tsxStatelessFunctionComponents2:0:58	WRONG	any:jsx
conformance/tsxStatelessFunctionComponents2:0:59	WRONG	any:function-expression-error
conformance/tsxStatelessFunctionComponents2:0:60	WRONG	any:contextual-parameter
conformance/tsxStatelessFunctionComponents2:0:62	WRONG	any:contextual-parameter
conformance/tsxStatelessFunctionComponents2:0:72	WRONG	any:jsx
conformance/tsxStatelessFunctionComponents2:0:73	WRONG	any:function-expression-error
conformance/tsxStatelessFunctionComponents2:0:74	WRONG	any:contextual-parameter
conformance/tsxStatelessFunctionComponents2:0:75	WRONG	any:contextual-parameter
conformance/tsxStatelessFunctionComponents2:0:76	WRONG	any:contextual-parameter
conformance/tsxStatelessFunctionComponents2:0:77	WRONG	any:contextual-parameter
conformance/tsxStatelessFunctionComponents2:0:81	WRONG	any:jsx
conformance/tsxStatelessFunctionComponents2:0:82	WRONG	any:function-expression-error
conformance/tsxStatelessFunctionComponents2:0:83	WRONG	any:contextual-parameter
conformance/tsxStatelessFunctionComponents2:0:85	WRONG	any:contextual-parameter
conformance/tsxUnionTypeComponent1:0:10	WRONG	qualified-name-choice
conformance/tsxUnionTypeComponent1:0:12	WRONG	qualified-name-choice
conformance/typeAliases:0:42	WRONG	type-param-constraint
conformance/typeAliases:0:46	WRONG	type-param-constraint
conformance/typeAliases:0:50	WRONG	type-param-constraint
conformance/typeAliasesDoNotMerge:0:0	WRONG	import-qualifier-missing
conformance/typeAliasesDoNotMerge:0:1	WRONG	import-qualifier-missing
conformance/typeAliasesForObjectTypes:0:7	WRONG	alias-port-kept
conformance/typeAndNamespaceExportMerge:2:0	WRONG	alias-port-kept
conformance/typeAndNamespaceExportMerge:2:3	WRONG	alias-port-kept
conformance/typeArgumentInferenceTransitiveConstraints:0:0	WRONG	signature-differs
conformance/typeArgumentInferenceTransitiveConstraints:0:10	WRONG	signature-differs
conformance/typeArgumentInferenceTransitiveConstraints:0:4	WRONG	alias-native-kept
conformance/typeArgumentInferenceWithClassExpression3:0:11	WRONG	any:property-lookup-error
conformance/typeArgumentInferenceWithClassExpression3:0:5	WRONG	any:property-lookup-error
conformance/typeArgumentInferenceWithClassExpression3:0:6	WRONG	unknown-where-native-typed
conformance/typeArgumentInferenceWithConstraints:0:243	WRONG	type-param-constraint
conformance/typeArgumentInferenceWithConstraints:0:249	WRONG	type-param-constraint
conformance/typeArgumentInferenceWithConstraints:0:256	WRONG	type-param-constraint
conformance/typeArgumentInferenceWithConstraints:0:274	WRONG	type-param-constraint
conformance/typeArgumentInferenceWithConstraints:0:289	WRONG	type-param-constraint
conformance/typeArgumentInferenceWithConstraints:0:304	WRONG	type-param-constraint
conformance/typeArgumentInferenceWithConstraints:0:319	WRONG	type-param-constraint
conformance/typeArgumentInferenceWithConstraints:0:326	WRONG	type-param-constraint
conformance/typeArgumentInferenceWithObjectLiteral:0:85	WRONG	signature-differs
conformance/typeArgumentInferenceWithObjectLiteral:0:86	WRONG	signature-differs
conformance/typeArgumentInferenceWithObjectLiteral:0:87	WRONG	signature-differs
conformance/typeArgumentInferenceWithObjectLiteral:0:88	WRONG	enum-member-vs-enum
conformance/typeFromJSInitializer3:0:2	WRONG	js:any:variable-initialiser-error
conformance/typeFromJSInitializer3:0:6	WRONG	js:any:variable-initialiser-error
conformance/typeFromPrivatePropertyAssignmentJs:1:1	WRONG	js:any:unannotated-declaration
conformance/typeFromPrivatePropertyAssignmentJs:1:10	WRONG	js:any:other
conformance/typeFromPrivatePropertyAssignmentJs:1:12	WRONG	js:any:binary-operand
conformance/typeFromPrivatePropertyAssignmentJs:1:13	WRONG	js:any:other
conformance/typeFromPrivatePropertyAssignmentJs:1:2	WRONG	js:any:unannotated-declaration
conformance/typeFromPrivatePropertyAssignmentJs:1:4	WRONG	js:any:any-initialiser-propagated
conformance/typeFromPrivatePropertyAssignmentJs:1:5	WRONG	js:any:binary-operand
conformance/typeFromPrivatePropertyAssignmentJs:1:6	WRONG	js:any:other
conformance/typeFromPrivatePropertyAssignmentJs:1:9	WRONG	js:any:binary-operand
conformance/typeGuardNarrowsPrimitiveIntersection:0:10	WRONG	parenthesization
conformance/typeGuardNarrowsPrimitiveIntersection:0:19	WRONG	never-where-native-typed
conformance/typeGuardNarrowsPrimitiveIntersection:0:2	WRONG	parenthesization
conformance/typeGuardNarrowsPrimitiveIntersection:0:26	WRONG	never-where-native-typed
conformance/typeGuardNarrowsToLiteralTypeUnion:0:0	WRONG	union-members-differ
conformance/typeGuardNarrowsToLiteralTypeUnion:0:8	WRONG	union-members-differ
conformance/typeGuardsAsAssertions:0:21	WRONG	alias-name-native-reassigned
conformance/typeGuardsAsAssertions:0:37	WRONG	different-name
conformance/typeGuardsAsAssertions:0:43	WRONG	union-extra-members
conformance/typeGuardsAsAssertions:0:49	WRONG	union-extra-members
conformance/typeGuardsAsAssertions:0:57	WRONG	union-extra-members
conformance/typeGuardsAsAssertions:0:63	WRONG	union-extra-members
conformance/typeGuardsAsAssertions:0:66	WRONG	union-extra-members
conformance/typeGuardsAsAssertions:0:78	WRONG	union-extra-members
conformance/typeGuardsTypeParameters:0:34	GAP	gap:identifier
conformance/typeGuardsTypeParameters:0:35	GAP	gap:property-access
conformance/typeGuardsTypeParameters:0:40	GAP	gap:identifier
conformance/typeGuardsTypeParameters:0:46	WRONG	mapped-type-resolved-where-native-deferred
conformance/typeGuardsWithInstanceOfByConstructorSignature:0:106	WRONG	any:property-lookup-error
conformance/typeGuardsWithInstanceOfByConstructorSignature:0:107	WRONG	alias-native-kept
conformance/typeGuardsWithInstanceOfByConstructorSignature:0:108	WRONG	any:property-lookup-error
conformance/typeGuardsWithInstanceOfByConstructorSignature:0:110	WRONG	alias-native-kept
conformance/typeGuardsWithInstanceOfByConstructorSignature:0:116	WRONG	any:type-reference-error
conformance/typeGuardsWithInstanceOfByConstructorSignature:0:117	WRONG	any:type-reference-error
conformance/typeGuardsWithInstanceOfByConstructorSignature:0:118	WRONG	any:type-reference-error
conformance/typeGuardsWithInstanceOfByConstructorSignature:0:120	WRONG	any:type-reference-error
conformance/typeParameterAsTypeParameterConstraintTransitively2:0:49	GAP	gap:call
conformance/typeParameterAsTypeParameterConstraintTransitively2:0:54	GAP	gap:function-expression
conformance/typeParameterAsTypeParameterConstraintTransitively:0:49	GAP	gap:call
conformance/typeParameterAsTypeParameterConstraintTransitively:0:51	GAP	gap:function-expression
conformance/typeParameterAsTypeParameterConstraintTransitively:0:54	GAP	gap:function-expression
conformance/typeParameterConstModifiers:0:100	WRONG	union-missing-members
conformance/typeParameterConstModifiers:0:101	WRONG	union-missing-members
conformance/typeParameterConstModifiers:0:112	WRONG	union-missing-members
conformance/typeParameterConstModifiers:0:113	WRONG	union-missing-members
conformance/typeParameterConstModifiers:0:259	WRONG	literal-mixed
conformance/typeParameterConstModifiers:0:281	WRONG	mapped-type-unresolved
conformance/typeParameterConstModifiers:0:282	WRONG	mapped-type-unresolved
conformance/typeParameterConstModifiers:0:435	WRONG	readonly-modifier
conformance/typeParameterConstModifiers:0:440	WRONG	readonly-modifier
conformance/typeParameterConstModifiers:0:72	WRONG	union-missing-members
conformance/typeParameterConstModifiers:0:73	WRONG	union-missing-members
conformance/typeParameterConstModifiers:0:82	WRONG	union-missing-members
conformance/typeParameterConstModifiers:0:83	WRONG	union-missing-members
conformance/typeParameterConstModifiersReturnsAndYields:0:216	GAP	gap:identifier
conformance/typeParameterConstModifiersReturnsAndYields:0:218	GAP	gap:identifier
conformance/typeParameterConstModifiersReturnsAndYields:0:221	GAP	gap:identifier
conformance/typeParameterConstModifiersReturnsAndYields:0:222	GAP	gap:call
conformance/typeParameterConstModifiersReturnsAndYields:0:223	GAP	gap:identifier
conformance/typeParameterConstModifiersReturnsAndYields:0:224	WRONG	literal-widened
conformance/typeParameterConstModifiersReturnsAndYields:0:226	GAP	gap:identifier
conformance/typeParameterConstModifiersReturnsAndYields:0:227	GAP	gap:call
conformance/typeParameterConstModifiersReturnsAndYields:0:228	GAP	gap:identifier
conformance/typeParameterConstModifiersReturnsAndYields:0:229	WRONG	literal-widened
conformance/typeParameterConstModifiersReturnsAndYields:0:231	WRONG	literal-widened
conformance/typeParameterConstModifiersReturnsAndYields:0:233	GAP	gap:identifier
conformance/typeParameterConstModifiersReturnsAndYields:0:235	GAP	gap:identifier
conformance/typeParameterConstModifiersReturnsAndYields:0:238	GAP	gap:identifier
conformance/typeParameterConstModifiersReturnsAndYields:0:239	GAP	gap:call
conformance/typeParameterConstModifiersReturnsAndYields:0:240	GAP	gap:identifier
conformance/typeParameterConstModifiersReturnsAndYields:0:243	GAP	gap:identifier
conformance/typeParameterConstModifiersReturnsAndYields:0:244	GAP	gap:call
conformance/typeParameterConstModifiersReturnsAndYields:0:245	GAP	gap:identifier
conformance/typeParameterConstModifiersReturnsAndYields:0:248	WRONG	literal-widened
conformance/typeParameterConstModifiersReturnsAndYields:0:250	GAP	gap:identifier
conformance/typeParameterConstModifiersReturnsAndYields:0:252	GAP	gap:identifier
conformance/typeParameterConstModifiersReturnsAndYields:0:255	GAP	gap:identifier
conformance/typeParameterConstModifiersReturnsAndYields:0:256	GAP	gap:call
conformance/typeParameterConstModifiersReturnsAndYields:0:257	GAP	gap:identifier
conformance/typeParameterConstModifiersReturnsAndYields:0:258	WRONG	literal-widened
conformance/typeParameterConstModifiersReturnsAndYields:0:260	GAP	gap:identifier
conformance/typeParameterConstModifiersReturnsAndYields:0:261	GAP	gap:call
conformance/typeParameterConstModifiersReturnsAndYields:0:262	GAP	gap:identifier
conformance/typeParameterConstModifiersReturnsAndYields:0:263	WRONG	literal-widened
conformance/typeParameterConstModifiersReturnsAndYields:0:267	GAP	gap:identifier
conformance/typeParameterConstModifiersReturnsAndYields:0:269	GAP	gap:identifier
conformance/typeParameterConstModifiersReturnsAndYields:0:272	GAP	gap:identifier
conformance/typeParameterConstModifiersReturnsAndYields:0:273	GAP	gap:call
conformance/typeParameterConstModifiersReturnsAndYields:0:274	GAP	gap:identifier
conformance/typeParameterConstModifiersReturnsAndYields:0:275	WRONG	literal-widened
conformance/typeParameterConstModifiersReturnsAndYields:0:277	GAP	gap:identifier
conformance/typeParameterConstModifiersReturnsAndYields:0:278	GAP	gap:call
conformance/typeParameterConstModifiersReturnsAndYields:0:279	GAP	gap:identifier
conformance/typeParameterConstModifiersReturnsAndYields:0:284	GAP	gap:identifier
conformance/typeParameterConstModifiersReturnsAndYields:0:286	GAP	gap:identifier
conformance/typeParameterConstModifiersReturnsAndYields:0:289	GAP	gap:identifier
conformance/typeParameterConstModifiersReturnsAndYields:0:290	GAP	gap:call
conformance/typeParameterConstModifiersReturnsAndYields:0:291	GAP	gap:identifier
conformance/typeParameterConstModifiersReturnsAndYields:0:294	GAP	gap:identifier
conformance/typeParameterConstModifiersReturnsAndYields:0:295	GAP	gap:call
conformance/typeParameterConstModifiersReturnsAndYields:0:296	GAP	gap:identifier
conformance/typeParameterConstModifiersReturnsAndYields:0:297	WRONG	literal-widened
conformance/typeParameterDirectlyConstrainedToItself:0:2	WRONG	type-param-constraint
conformance/typeParameterDirectlyConstrainedToItself:0:3	WRONG	type-param-constraint
conformance/typeParameterDirectlyConstrainedToItself:0:4	WRONG	type-param-constraint
conformance/typeParameterDirectlyConstrainedToItself:0:5	WRONG	type-param-constraint
conformance/typeParameterDirectlyConstrainedToItself:0:6	WRONG	type-param-constraint
conformance/typeParameterDirectlyConstrainedToItself:0:7	WRONG	type-param-constraint
conformance/typeParameterDirectlyConstrainedToItself:0:8	WRONG	type-param-constraint
conformance/typeParameterIndirectlyConstrainedToItself:0:2	WRONG	type-param-constraint
conformance/typeParameterIndirectlyConstrainedToItself:0:3	WRONG	type-param-constraint
conformance/typeParameterIndirectlyConstrainedToItself:0:4	WRONG	type-param-constraint
conformance/typeParameterIndirectlyConstrainedToItself:0:5	WRONG	type-param-constraint
conformance/typeParameterIndirectlyConstrainedToItself:0:6	WRONG	type-param-constraint
conformance/typeParameterIndirectlyConstrainedToItself:0:7	WRONG	type-param-constraint
conformance/typeParameterIndirectlyConstrainedToItself:0:8	WRONG	type-param-constraint
conformance/typeParametersAvailableInNestedScope3:0:0	WRONG	type-param-rename
conformance/typeParametersAvailableInNestedScope3:0:14	WRONG	type-param-rename
conformance/typeParametersAvailableInNestedScope3:0:15	WRONG	type-param-rename
conformance/typeParametersAvailableInNestedScope3:0:17	WRONG	type-param-rename
conformance/typeParametersAvailableInNestedScope3:0:18	WRONG	type-param-rename
conformance/typeParametersAvailableInNestedScope3:0:20	WRONG	type-param-rename
conformance/typeRelationships:0:26	WRONG	this-type
conformance/typeTagNoErasure:0:1	WRONG	js:signature-type-params-dropped
conformance/typeTagNoErasure:0:2	WRONG	js:any:contextual-parameter
conformance/typeTagNoErasure:0:3	WRONG	js:any:contextual-parameter
conformance/typeTagNoErasure:0:4	WRONG	js:any:call-error
conformance/typeTagNoErasure:0:7	WRONG	js:any:call-error
conformance/typeTagOnFunctionReferencesGeneric:0:0	WRONG	js:signature-type-params-dropped
conformance/typeTagOnFunctionReferencesGeneric:0:1	WRONG	js:any:uncontextual-parameter
conformance/typeTagOnFunctionReferencesGeneric:0:10	WRONG	js:any:call-error
conformance/typeTagOnFunctionReferencesGeneric:0:2	WRONG	js:any:uncontextual-parameter
conformance/typeTagOnFunctionReferencesGeneric:0:3	WRONG	js:any:call-error
conformance/typeTagOnFunctionReferencesGeneric:0:4	WRONG	js:signature-type-params-dropped
conformance/typeTagOnFunctionReferencesGeneric:0:7	WRONG	js:signature-type-params-dropped
conformance/typeTagOnFunctionReferencesGeneric:0:8	WRONG	js:any:contextual-parameter
conformance/typeTagOnFunctionReferencesGeneric:0:9	WRONG	js:any:contextual-parameter
conformance/typeTagOnPropertyAssignment:0:0	WRONG	js:literal-widened
conformance/typeTagOnPropertyAssignment:0:1	WRONG	js:literal-widened
conformance/typeTagOnPropertyAssignment:0:10	WRONG	js:literal-widened
conformance/typeTagOnPropertyAssignment:0:11	WRONG	js:literal-widened
conformance/typeTagOnPropertyAssignment:0:12	WRONG	js:literal-widened
conformance/typeTagOnPropertyAssignment:0:2	WRONG	js:literal-widened
conformance/typeTagOnPropertyAssignment:0:4	WRONG	js:literal-widened
conformance/typeTagOnPropertyAssignment:0:5	WRONG	js:literal-widened
conformance/typeTagOnPropertyAssignment:0:7	WRONG	js:literal-widened
conformance/typeTagOnPropertyAssignment:0:8	WRONG	js:literal-widened
conformance/typeTagOnPropertyAssignment:0:9	WRONG	js:literal-widened
conformance/typeTagWithGenericSignature:0:0	WRONG	js:signature-type-params-dropped
conformance/typeTagWithGenericSignature:0:1	WRONG	js:any:uncontextual-parameter
conformance/typeTagWithGenericSignature:0:2	WRONG	js:any:uncontextual-parameter
conformance/typeTagWithGenericSignature:0:3	WRONG	js:any:any-initialiser-propagated
conformance/typeTagWithGenericSignature:0:4	WRONG	js:any:call-error
conformance/typeTagWithGenericSignature:0:5	WRONG	js:signature-type-params-dropped
conformance/typedefScope1:0:6	WRONG	js:different-name
conformance/typeofANonExportedType:0:51	WRONG	enum-member-vs-enum
conformance/typeofANonExportedType:0:53	WRONG	enum-member-vs-enum
conformance/typeofAnExportedType:0:40	WRONG	any:type-reference-error
conformance/typeofAnExportedType:0:41	WRONG	any:other
conformance/typeofAnExportedType:0:42	WRONG	any:type-reference-error
conformance/typeofAnExportedType:0:43	WRONG	any:other
conformance/typeofAnExportedType:0:44	WRONG	any:other
conformance/typeofAnExportedType:0:45	WRONG	any:function-declaration-error
conformance/typeofAnExportedType:0:51	WRONG	enum-member-vs-enum
conformance/typeofAnExportedType:0:53	WRONG	enum-member-vs-enum
conformance/typeofImportTypeOnlyExport:0:0	WRONG	import-qualifier-missing
conformance/typeofImportTypeOnlyExport:0:1	WRONG	import-qualifier-missing
conformance/typeofImportTypeOnlyExport:0:2	WRONG	import-qualifier-missing
conformance/typeofImportTypeOnlyExport:0:3	WRONG	import-qualifier-missing
conformance/types.asyncGenerators.es2018.1:0:105	WRONG	unknown-where-native-typed
conformance/types.asyncGenerators.es2018.1:0:107	WRONG	unknown-where-native-typed
conformance/types.asyncGenerators.es2018.1:0:108	WRONG	unknown-where-native-typed
conformance/types.asyncGenerators.es2018.1:0:109	WRONG	unknown-where-native-typed
conformance/types.asyncGenerators.es2018.1:0:140	WRONG	unknown-where-native-typed
conformance/types.asyncGenerators.es2018.1:0:142	WRONG	unknown-where-native-typed
conformance/types.asyncGenerators.es2018.1:0:143	WRONG	unknown-where-native-typed
conformance/types.asyncGenerators.es2018.1:0:144	WRONG	unknown-where-native-typed
conformance/types.asyncGenerators.es2018.1:0:172	WRONG	unknown-where-native-typed
conformance/types.asyncGenerators.es2018.1:0:173	WRONG	unknown-where-native-typed
conformance/types.asyncGenerators.es2018.1:0:174	WRONG	unknown-where-native-typed
conformance/types.asyncGenerators.es2018.1:0:202	WRONG	unknown-where-native-typed
conformance/types.asyncGenerators.es2018.1:0:203	WRONG	unknown-where-native-typed
conformance/types.asyncGenerators.es2018.1:0:204	WRONG	unknown-where-native-typed
conformance/types.asyncGenerators.es2018.1:0:232	WRONG	unknown-where-native-typed
conformance/types.asyncGenerators.es2018.1:0:233	WRONG	unknown-where-native-typed
conformance/types.asyncGenerators.es2018.1:0:234	WRONG	unknown-where-native-typed
conformance/types.asyncGenerators.es2018.1:0:70	WRONG	unknown-where-native-typed
conformance/types.asyncGenerators.es2018.1:0:72	WRONG	unknown-where-native-typed
conformance/types.asyncGenerators.es2018.1:0:73	WRONG	unknown-where-native-typed
conformance/types.asyncGenerators.es2018.1:0:74	WRONG	unknown-where-native-typed
conformance/types.asyncGenerators.es2018.2:0:110	WRONG	unknown-where-native-typed
conformance/types.asyncGenerators.es2018.2:0:111	WRONG	unknown-where-native-typed
conformance/types.asyncGenerators.es2018.2:0:112	WRONG	unknown-where-native-typed
conformance/types.asyncGenerators.es2018.2:0:27	WRONG	unknown-where-native-typed
conformance/types.asyncGenerators.es2018.2:0:29	WRONG	unknown-where-native-typed
conformance/types.asyncGenerators.es2018.2:0:30	WRONG	unknown-where-native-typed
conformance/types.asyncGenerators.es2018.2:0:31	WRONG	unknown-where-native-typed
conformance/types.asyncGenerators.es2018.2:0:45	WRONG	unknown-where-native-typed
conformance/types.asyncGenerators.es2018.2:0:47	WRONG	unknown-where-native-typed
conformance/types.asyncGenerators.es2018.2:0:48	WRONG	unknown-where-native-typed
conformance/types.asyncGenerators.es2018.2:0:49	WRONG	unknown-where-native-typed
conformance/types.asyncGenerators.es2018.2:0:63	WRONG	unknown-where-native-typed
conformance/types.asyncGenerators.es2018.2:0:65	WRONG	unknown-where-native-typed
conformance/types.asyncGenerators.es2018.2:0:66	WRONG	unknown-where-native-typed
conformance/types.asyncGenerators.es2018.2:0:67	WRONG	unknown-where-native-typed
conformance/types.asyncGenerators.es2018.2:0:80	WRONG	unknown-where-native-typed
conformance/types.asyncGenerators.es2018.2:0:81	WRONG	unknown-where-native-typed
conformance/types.asyncGenerators.es2018.2:0:82	WRONG	unknown-where-native-typed
conformance/types.asyncGenerators.es2018.2:0:95	WRONG	unknown-where-native-typed
conformance/types.asyncGenerators.es2018.2:0:96	WRONG	unknown-where-native-typed
conformance/types.asyncGenerators.es2018.2:0:97	WRONG	unknown-where-native-typed
conformance/typesVersionsDeclarationEmit.multiFileBackReferenceToUnmapped:0:0	WRONG	import-specifier-differs
conformance/typesVersionsDeclarationEmit.multiFileBackReferenceToUnmapped:0:1	WRONG	import-specifier-differs
conformance/typesVersionsDeclarationEmit.multiFileBackReferenceToUnmapped:0:2	WRONG	import-specifier-differs
conformance/typesVersionsDeclarationEmit.multiFileBackReferenceToUnmapped:0:3	WRONG	import-specifier-differs
conformance/typesVersionsDeclarationEmit.multiFileBackReferenceToUnmapped:0:4	WRONG	import-specifier-differs
conformance/typesVersionsDeclarationEmit.multiFileBackReferenceToUnmapped:0:5	WRONG	import-specifier-differs
conformance/typesVersionsDeclarationEmit.multiFileBackReferenceToUnmapped:0:6	WRONG	import-specifier-differs
conformance/typesVersionsDeclarationEmit.multiFileBackReferenceToUnmapped:0:7	WRONG	import-specifier-differs
conformance/typesVersionsDeclarationEmit.multiFileBackReferenceToUnmapped:0:8	WRONG	import-specifier-differs
conformance/typesWithDuplicateTypeParameters:0:2	WRONG	duplicate-type-parameters
conformance/typesWithDuplicateTypeParameters:0:3	WRONG	signature-differs
conformance/umd-augmentation-1:0:22	WRONG	qualified-name-choice
conformance/umd-augmentation-1:0:24	WRONG	qualified-name-choice
conformance/umd-augmentation-3:1:0	WRONG	alias-port-kept
conformance/umd-augmentation-3:1:1	WRONG	alias-port-kept
conformance/umd-augmentation-3:1:2	WRONG	alias-port-kept
conformance/umd-augmentation-4:1:0	WRONG	alias-port-kept
conformance/umd-augmentation-4:1:1	WRONG	alias-port-kept
conformance/umd-augmentation-4:1:2	WRONG	alias-port-kept
conformance/umd-errors:3:1	WRONG	typed-where-native-any
conformance/umd-errors:4:1	WRONG	typed-where-native-any
conformance/umd8:0:1	WRONG	any:type-reference-error
conformance/umd8:0:2	WRONG	any:call-error
conformance/umd8:0:3	WRONG	any:property-lookup-error
conformance/umd8:0:4	WRONG	any:type-reference-error
conformance/umd8:0:5	WRONG	any:property-lookup-error
conformance/umd8:0:6	WRONG	qualified-name-choice
conformance/umd8:0:9	WRONG	import-specifier-differs
conformance/umd9:0:0	WRONG	import-specifier-differs
conformance/umd9:0:1	WRONG	import-specifier-differs
conformance/unicodeExtendedEscapesInStrings10(target=es6):0:1	WRONG	string-escape-printing
conformance/unicodeExtendedEscapesInStrings11(target=es6):0:1	WRONG	string-escape-printing
conformance/unicodeExtendedEscapesInTemplates10(target=es6):0:1	WRONG	string-escape-printing
conformance/unicodeExtendedEscapesInTemplates11(target=es6):0:1	WRONG	string-escape-printing
conformance/unionAndIntersectionInference1:0:100	WRONG	literal-widened
conformance/unionAndIntersectionInference1:0:101	WRONG	literal-widened
conformance/unionAndIntersectionInference1:0:51	WRONG	type-param-rename
conformance/unionAndIntersectionInference1:0:58	WRONG	type-param-rename
conformance/unionAndIntersectionInference1:0:66	WRONG	any:call-error
conformance/unionAndIntersectionInference1:0:67	WRONG	any:property-lookup-error
conformance/unionAndIntersectionInference1:0:68	WRONG	alias-name-native-reassigned
conformance/unionAndIntersectionInference1:0:71	WRONG	any:property-lookup-error
conformance/unionAndIntersectionInference1:0:91	WRONG	literal-widened
conformance/unionAndIntersectionInference1:0:98	WRONG	literal-widened
conformance/unionAndIntersectionInference1:0:99	WRONG	literal-widened
conformance/unionAndIntersectionInference2:0:35	WRONG	alias-native-kept
conformance/unionAndIntersectionInference2:0:38	WRONG	alias-native-kept
conformance/unionAndIntersectionInference3:0:89	WRONG	other
conformance/unionAndIntersectionInference3:0:90	WRONG	other
conformance/unionTypeInference:0:128	WRONG	any:unannotated-declaration
conformance/unionTypeInference:0:129	WRONG	any:call-error
conformance/unionTypeInference:0:134	WRONG	any:any-initialiser-propagated
conformance/unionTypeInference:0:135	WRONG	any:other
conformance/unionTypeInference:0:136	WRONG	any:unannotated-declaration
conformance/unionTypeInference:0:137	WRONG	any:any-initialiser-propagated
conformance/unionTypeInference:0:141	WRONG	any:any-initialiser-propagated
conformance/unionTypeInference:0:46	WRONG	literal-widened
conformance/uniqueSymbols:0:287	WRONG	literal-not-widened
conformance/uniqueSymbols:0:288	WRONG	literal-not-widened
conformance/uniqueSymbols:0:299	WRONG	literal-not-widened
conformance/uniqueSymbols:0:301	WRONG	literal-not-widened
conformance/uniqueSymbols:0:303	WRONG	literal-not-widened
conformance/uniqueSymbols:0:306	WRONG	literal-not-widened
conformance/uniqueSymbols:0:354	WRONG	literal-not-widened
conformance/uniqueSymbols:0:356	WRONG	literal-not-widened
conformance/uniqueSymbols:0:358	WRONG	literal-not-widened
conformance/uniqueSymbols:0:361	WRONG	literal-not-widened
conformance/uniqueSymbols:0:376	WRONG	any:property-lookup-error
conformance/uniqueSymbols:0:46	WRONG	literal-not-widened
conformance/uniqueSymbols:0:55	WRONG	literal-not-widened
conformance/uniqueSymbols:0:68	WRONG	literal-not-widened
conformance/uniqueSymbols:0:74	WRONG	literal-not-widened
conformance/uniqueSymbolsDeclarations:0:284	WRONG	literal-not-widened
conformance/uniqueSymbolsDeclarations:0:285	WRONG	literal-not-widened
conformance/uniqueSymbolsDeclarations:0:296	WRONG	literal-not-widened
conformance/uniqueSymbolsDeclarations:0:298	WRONG	literal-not-widened
conformance/uniqueSymbolsDeclarations:0:300	WRONG	literal-not-widened
conformance/uniqueSymbolsDeclarations:0:303	WRONG	literal-not-widened
conformance/uniqueSymbolsDeclarations:0:351	WRONG	literal-not-widened
conformance/uniqueSymbolsDeclarations:0:353	WRONG	literal-not-widened
conformance/uniqueSymbolsDeclarations:0:355	WRONG	literal-not-widened
conformance/uniqueSymbolsDeclarations:0:358	WRONG	literal-not-widened
conformance/uniqueSymbolsDeclarations:0:373	WRONG	any:property-lookup-error
conformance/uniqueSymbolsDeclarations:0:43	WRONG	literal-not-widened
conformance/uniqueSymbolsDeclarations:0:52	WRONG	literal-not-widened
conformance/uniqueSymbolsDeclarations:0:65	WRONG	literal-not-widened
conformance/uniqueSymbolsDeclarations:0:71	WRONG	literal-not-widened
conformance/uniqueSymbolsErrors:0:13	WRONG	literal-not-widened
conformance/uniqueSymbolsErrors:0:15	WRONG	literal-not-widened
conformance/uniqueSymbolsErrors:0:19	WRONG	literal-not-widened
conformance/uniqueSymbolsErrors:0:21	WRONG	alias-native-kept
conformance/uniqueSymbolsErrors:0:24	WRONG	literal-not-widened
conformance/uniqueSymbolsErrors:0:28	WRONG	literal-not-widened
conformance/uniqueSymbolsErrors:0:29	WRONG	literal-not-widened
conformance/uniqueSymbolsErrors:0:30	WRONG	literal-not-widened
conformance/uniqueSymbolsErrors:0:31	WRONG	literal-not-widened
conformance/uniqueSymbolsErrors:0:34	WRONG	literal-not-widened
conformance/uniqueSymbolsErrors:0:36	WRONG	alias-native-kept
conformance/uniqueSymbolsErrors:0:39	WRONG	literal-not-widened
conformance/uniqueSymbolsErrors:0:4	WRONG	literal-not-widened
conformance/uniqueSymbolsErrors:0:43	WRONG	literal-not-widened
conformance/uniqueSymbolsErrors:0:44	WRONG	literal-not-widened
conformance/uniqueSymbolsErrors:0:45	WRONG	literal-not-widened
conformance/uniqueSymbolsErrors:0:46	WRONG	literal-not-widened
conformance/uniqueSymbolsErrors:0:49	WRONG	literal-not-widened
conformance/uniqueSymbolsErrors:0:51	WRONG	alias-native-kept
conformance/uniqueSymbolsErrors:0:54	WRONG	literal-not-widened
conformance/uniqueSymbolsErrors:0:58	WRONG	literal-not-widened
conformance/uniqueSymbolsErrors:0:6	WRONG	alias-native-kept
conformance/uniqueSymbolsErrors:0:62	WRONG	literal-not-widened
conformance/uniqueSymbolsErrors:0:64	WRONG	alias-native-kept
conformance/uniqueSymbolsErrors:0:67	WRONG	literal-not-widened
conformance/uniqueSymbolsErrors:0:71	WRONG	literal-not-widened
conformance/uniqueSymbolsErrors:0:72	WRONG	literal-not-widened
conformance/uniqueSymbolsErrors:0:75	WRONG	literal-not-widened
conformance/uniqueSymbolsErrors:0:76	WRONG	alias-native-kept
conformance/uniqueSymbolsErrors:0:77	WRONG	literal-not-widened
conformance/uniqueSymbolsErrors:0:78	WRONG	literal-not-widened
conformance/uniqueSymbolsErrors:0:79	WRONG	alias-native-kept
conformance/uniqueSymbolsErrors:0:80	WRONG	alias-native-kept
conformance/uniqueSymbolsErrors:0:9	WRONG	literal-not-widened
conformance/unknownControlFlow:0:23	WRONG	union-order
conformance/unknownType1:0:16	WRONG	alias-name-native-reassigned
conformance/unknownType1:0:17	WRONG	typed-where-native-unknown
conformance/unknownType1:0:36	WRONG	any:type-reference-error
conformance/unknownType1:0:37	WRONG	any:type-reference-error
conformance/useObjectValuesAndEntries1(target=es2015):0:104	GAP	gap:identifier
conformance/useObjectValuesAndEntries1(target=es2015):0:105	GAP	gap:call
conformance/useObjectValuesAndEntries1(target=es2015):0:110	GAP	gap:identifier
conformance/useObjectValuesAndEntries1(target=es2015):0:111	GAP	gap:call
conformance/useObjectValuesAndEntries1(target=es2015):0:26	GAP	gap:identifier
conformance/useObjectValuesAndEntries1(target=es2015):0:27	GAP	gap:call
conformance/useObjectValuesAndEntries1(target=es2015):0:32	GAP	gap:identifier
conformance/useObjectValuesAndEntries1(target=es2015):0:33	GAP	gap:call
conformance/useObjectValuesAndEntries1(target=es2015):0:43	WRONG	literal-widened
conformance/useObjectValuesAndEntries1(target=es2015):0:44	WRONG	literal-widened
conformance/useObjectValuesAndEntries1(target=es2015):0:53	WRONG	literal-widened
conformance/useObjectValuesAndEntries1(target=es2015):0:54	WRONG	literal-widened
conformance/useObjectValuesAndEntries1(target=es2015):0:58	GAP	gap:identifier
conformance/useObjectValuesAndEntries1(target=es2015):0:59	GAP	gap:call
conformance/useObjectValuesAndEntries1(target=es2015):0:64	GAP	gap:identifier
conformance/useObjectValuesAndEntries1(target=es2015):0:65	GAP	gap:call
conformance/useObjectValuesAndEntries1(target=es2015):0:90	GAP	gap:identifier
conformance/useObjectValuesAndEntries1(target=es2015):0:91	GAP	gap:call
conformance/useObjectValuesAndEntries1(target=es2015):0:96	GAP	gap:identifier
conformance/useObjectValuesAndEntries1(target=es2015):0:97	GAP	gap:call
conformance/usingDeclarationsWithIteratorObject:0:0	WRONG	type-argument-differs
conformance/usingDeclarationsWithIteratorObject:0:14	WRONG	type-argument-differs
conformance/usingDeclarationsWithIteratorObject:0:15	WRONG	type-argument-differs
conformance/usingDeclarationsWithIteratorObject:0:2	WRONG	type-argument-differs
conformance/usingDeclarationsWithIteratorObject:0:21	WRONG	type-argument-differs
conformance/usingDeclarationsWithIteratorObject:0:4	WRONG	typed-where-native-unknown
conformance/usingDeclarationsWithIteratorObject:0:42	WRONG	type-argument-differs
conformance/usingDeclarationsWithIteratorObject:0:43	WRONG	type-argument-differs
conformance/varRequireFromJavascript:0:15	WRONG	js:any:uncontextual-parameter
conformance/varRequireFromJavascript:0:17	WRONG	js:any:uncontextual-parameter
conformance/varRequireFromTypescript:0:16	WRONG	js:any:uncontextual-parameter
conformance/varRequireFromTypescript:0:18	WRONG	js:any:uncontextual-parameter
conformance/varRequireFromTypescript:0:19	WRONG	js:any:uncontextual-parameter
conformance/varRequireFromTypescript:0:21	WRONG	js:any:uncontextual-parameter
conformance/variadicTuples1:0:262	WRONG	literal-widened
conformance/variadicTuples1:0:267	WRONG	literal-widened
conformance/variadicTuples1:0:28	WRONG	literal-widened
conformance/variadicTuples1:0:618	WRONG	rest-tuple-params-not-expanded
conformance/variadicTuples1:0:619	WRONG	rest-tuple-params-not-expanded
conformance/variadicTuples1:0:622	WRONG	rest-tuple-params-not-expanded
conformance/variadicTuples1:0:623	WRONG	rest-tuple-params-not-expanded
conformance/variadicTuples1:0:682	WRONG	literal-widened
conformance/variadicTuples1:0:689	WRONG	literal-widened
conformance/variadicTuples1:0:734	WRONG	any:call-error
conformance/variadicTuples1:0:738	WRONG	partial-any
conformance/variadicTuples1:0:739	WRONG	any:contextual-parameter
conformance/variadicTuples1:0:740	WRONG	any:contextual-parameter
conformance/variadicTuples1:0:742	WRONG	any:call-error
conformance/variadicTuples1:0:746	WRONG	any:function-expression-error
conformance/variadicTuples1:0:747	WRONG	partial-any
conformance/variadicTuples1:0:785	WRONG	tuple-vs-array
conformance/variadicTuples1:0:786	WRONG	tuple-vs-array
conformance/variadicTuples1:0:817	WRONG	rest-tuple-params-not-expanded
conformance/variadicTuples1:0:837	WRONG	alias-port-kept
conformance/variadicTuples1:0:841	WRONG	different-name
conformance/variadicTuples2:0:19	WRONG	alias-port-kept
conformance/variadicTuples2:0:20	WRONG	alias-port-kept
conformance/variadicTuples2:0:200	WRONG	any:call-error
conformance/variadicTuples2:0:201	WRONG	any:property-lookup-error
conformance/variadicTuples2:0:203	WRONG	any:property-lookup-error
conformance/variadicTuples2:0:21	WRONG	alias-port-kept
conformance/variadicTuples2:0:22	WRONG	alias-port-kept
conformance/variadicTuples2:0:23	WRONG	alias-port-kept
conformance/variadicTuples2:0:236	WRONG	any:function-expression-error
conformance/variadicTuples2:0:237	WRONG	partial-any
conformance/variadicTuples2:0:238	WRONG	partial-any
conformance/variadicTuples2:0:24	WRONG	alias-port-kept
conformance/variadicTuples2:0:245	WRONG	any:function-expression-error
conformance/variadicTuples2:0:246	WRONG	partial-any
conformance/variadicTuples2:0:247	WRONG	partial-any
conformance/variadicTuples2:0:248	WRONG	any:any-initialiser-propagated
conformance/variadicTuples2:0:249	WRONG	any:other
conformance/variadicTuples2:0:25	WRONG	alias-port-kept
conformance/variadicTuples2:0:250	WRONG	partial-any
conformance/variadicTuples2:0:253	WRONG	partial-any
conformance/variadicTuples2:0:256	WRONG	any:any-initialiser-propagated
conformance/variadicTuples2:0:257	WRONG	any:other
conformance/variadicTuples2:0:258	WRONG	partial-any
conformance/variadicTuples2:0:26	WRONG	alias-port-kept
conformance/variadicTuples2:0:27	WRONG	alias-port-kept
conformance/variadicTuples2:0:272	WRONG	any:call-error
conformance/variadicTuples2:0:275	WRONG	any:call-error
conformance/variadicTuples2:0:286	WRONG	literal-widened
conformance/variadicTuples2:0:292	WRONG	any:call-error
conformance/variadicTuples2:0:295	WRONG	any:call-error
conformance/variadicTuples2:0:306	WRONG	literal-widened
conformance/varianceAnnotations:0:142	WRONG	any:function-declaration-error
conformance/varianceAnnotations:0:73	WRONG	any:function-declaration-error
conformance/varianceAnnotations:0:75	WRONG	any:function-declaration-error
conformance/verbatimModuleSyntaxNoElisionESM:2:0	WRONG	import-qualifier-extra
